filename,seller_nip,raw_text,category
faktura_001.pdf,1234567890,"FAKTURA VAT: FV/2013/2824
Data wystawienia: 2026-02-13
SPRZEDAWCA:
Nazwa: Amazon Web Services EMEA
NIP: 1234567890
Pozycja Netto [PLN] VAT Brutto [PLN]
Subskrypcja Azure Cloud 391.87 23% 482.00
Razem Netto: 391.87 PLN
Razem VAT: 90.13 PLN
DO ZAPLATY: 482.00 PLN",IT_SERVICES
faktura_002.pdf,5261040828,"FAKTURA VAT: FV/1971/2679
Data wystawienia: 2026-04-17
SPRZEDAWCA:
Nazwa: Orlen Paliwa Sp. z o.o.
NIP: 5261040828
Pozycja Netto [PLN] VAT Brutto [PLN]
Hotel Warszawa doba 279.55 23% 343.85
Olej napndowy Verva 620.02 23% 762.62
Opnata autostradowa A2 1524.95 23% 1875.69
Razem Netto: 2424.52 PLN
Razem VAT: 557.64 PLN
DO ZAPLATY: 2982.16 PLN",TRAVEL_FLEET
faktura_003.pdf,9876543210,"FAKTURA VAT: FV/1986/4257
Data wystawienia: 2026-03-28
SPRZEDAWCA:
Nazwa: Biuromax Artykuny Biurowe
NIP: 9876543210
Pozycja Netto [PLN] VAT Brutto [PLN]
Segregator biurowy 1493.70 23% 1837.25
Razem Netto: 1493.70 PLN
Razem VAT: 343.55 PLN
DO ZAPLATY: 1837.25 PLN",OFFICE_SUPPLIES
faktura_004.pdf,5213456789,"FAKTURA VAT: FV/1979/1106
Data wystawienia: 2026-02-09
SPRZEDAWCA:
Nazwa: Dell Polska Sp. z o.o.
NIP: 5213456789
Pozycja Netto [PLN] VAT Brutto [PLN]
Kabel USB-C 430.92 23% 530.03
Klawiatura mechaniczna 2395.17 23% 2946.06
Laptop Lenovo ThinkPad 874.66 23% 1075.83
Razem Netto: 3700.75 PLN
Razem VAT: 851.17 PLN
DO ZAPLATY: 4551.92 PLN",IT_HARDWARE
faktura_005.pdf,1234567890,"FAKTURA VAT: FV/2016/2519
Data wystawienia: 2026-07-31
SPRZEDAWCA:
Nazwa: Amazon Web Services EMEA
NIP: 1234567890
Pozycja Netto [PLN] VAT Brutto [PLN]
Licencja JetBrains 1837.84 23% 2260.54
Hosting serwera VPS 1363.76 23% 1677.42
Razem Netto: 3201.60 PLN
Razem VAT: 736.36 PLN
DO ZAPLATY: 3937.96 PLN",IT_SERVICES
faktura_006.pdf,1234567890,"FAKTURA VAT: FV/1975/7201
Data wystawienia: 2026-08-18
SPRZEDAWCA:
Nazwa: Amazon Web Services EMEA
NIP: 1234567890
Pozycja Netto [PLN] VAT Brutto [PLN]
Licencja JetBrains 1776.20 23% 2184.73
Domena internetowa 162.27 23% 199.59
Hosting serwera VPS 608.35 23% 748.27
Razem Netto: 2546.82 PLN
Razem VAT: 585.77 PLN
DO ZAPLATY: 3132.59 PLN",IT_SERVICES
faktura_007.pdf,1341338901,"FAKTURA VAT: FV/1998/5741
Data wystawienia: 2026-01-13
SPRZEDAWCA:
Nazwa: Spóndzielnia Gral-Foremniak Sp.k.
NIP: 1341338901
Pozycja Netto [PLN] VAT Brutto [PLN]
Kabel USB-C 731.04 23% 899.18
Razem Netto: 731.04 PLN
Razem VAT: 168.14 PLN
DO ZAPLATY: 899.18 PLN",IT_HARDWARE
faktura_008.pdf,1234567890,"FAKTURA VAT: FV/2007/6977
Data wystawienia: 2026-06-12
SPRZEDAWCA:
Nazwa: Amazon Web Services EMEA
NIP: 1234567890
Pozycja Netto [PLN] VAT Brutto [PLN]
Licencja JetBrains 1769.46 23% 2176.44
Razem Netto: 1769.46 PLN
Razem VAT: 406.98 PLN
DO ZAPLATY: 2176.44 PLN",IT_SERVICES
faktura_009.pdf,5213456789,"FAKTURA VAT: FV/1985/2169
Data wystawienia: 2026-06-24
SPRZEDAWCA:
Nazwa: Dell Polska Sp. z o.o.
NIP: 5213456789
Pozycja Netto [PLN] VAT Brutto [PLN]
Klawiatura mechaniczna 979.67 23% 1204.99
Monitor Dell 27 cali 2474.33 23% 3043.43
Kabel USB-C 1618.00 23% 1990.14
Razem Netto: 5072.00 PLN
Razem VAT: 1166.56 PLN
DO ZAPLATY: 6238.56 PLN",IT_HARDWARE
faktura_010.pdf,5261040828,"FAKTURA VAT: FV/2010/4598
Data wystawienia: 2026-04-19
SPRZEDAWCA:
Nazwa: Orlen Paliwa Sp. z o.o.
NIP: 5261040828
Pozycja Netto [PLN] VAT Brutto [PLN]
Olej napndowy Verva 2022.36 23% 2487.50
Razem Netto: 2022.36 PLN
Razem VAT: 465.14 PLN
DO ZAPLATY: 2487.50 PLN",TRAVEL_FLEET
faktura_011.pdf,5213456789,"FAKTURA VAT: FV/2025/7572
Data wystawienia: 2026-01-03
SPRZEDAWCA:
Nazwa: Dell Polska Sp. z o.o.
NIP: 5213456789
Pozycja Netto [PLN] VAT Brutto [PLN]
Laptop Lenovo ThinkPad 1019.30 23% 1253.74
Monitor Dell 27 cali 2290.64 23% 2817.49
Klawiatura mechaniczna 1174.19 23% 1444.25
Razem Netto: 4484.13 PLN
Razem VAT: 1031.35 PLN
DO ZAPLATY: 5515.48 PLN",IT_HARDWARE
faktura_012.pdf,1234567890,"FAKTURA VAT: FV/2021/5339
Data wystawienia: 2026-03-04
SPRZEDAWCA:
Nazwa: Amazon Web Services EMEA
NIP: 1234567890
Pozycja Netto [PLN] VAT Brutto [PLN]
Domena internetowa 936.89 23% 1152.37
Licencja JetBrains 2493.45 23% 3066.94
Subskrypcja Azure Cloud 388.91 23% 478.36
Razem Netto: 3819.25 PLN
Razem VAT: 878.42 PLN
DO ZAPLATY: 4697.67 PLN",IT_SERVICES
faktura_013.pdf,5261040828,"FAKTURA VAT: FV/2017/9085
Data wystawienia: 2026-06-14
SPRZEDAWCA:
Nazwa: Orlen Paliwa Sp. z o.o.
NIP: 5261040828
Pozycja Netto [PLN] VAT Brutto [PLN]
Benzyna Pb95 1587.24 23% 1952.31
Razem Netto: 1587.24 PLN
Razem VAT: 365.07 PLN
DO ZAPLATY: 1952.31 PLN",TRAVEL_FLEET
faktura_014.pdf,9876543210,"FAKTURA VAT: FV/1993/7916
Data wystawienia: 2026-04-18
SPRZEDAWCA:
Nazwa: Biuromax Artykuny Biurowe
NIP: 9876543210
Pozycja Netto [PLN] VAT Brutto [PLN]
Segregator biurowy 665.96 23% 819.13
Kawa ziarnista Arabica 1kg 1405.40 23% 1728.64
Razem Netto: 2071.36 PLN
Razem VAT: 476.41 PLN
DO ZAPLATY: 2547.77 PLN",OFFICE_SUPPLIES
faktura_015.pdf,5261040828,"FAKTURA VAT: FV/1980/1188
Data wystawienia: 2026-03-25
SPRZEDAWCA:
Nazwa: Orlen Paliwa Sp. z o.o.
NIP: 5261040828
Pozycja Netto [PLN] VAT Brutto [PLN]
Opnata autostradowa A2 323.30 23% 397.66
Hotel Warszawa doba 1115.17 23% 1371.66
Benzyna Pb95 1161.62 23% 1428.79
Razem Netto: 2600.09 PLN
Razem VAT: 598.02 PLN
DO ZAPLATY: 3198.11 PLN",TRAVEL_FLEET
faktura_016.pdf,2161615593,"FAKTURA VAT: FV/2021/5315
Data wystawienia: 2026-05-11
SPRZEDAWCA:
Nazwa: Gabinety Andrzejuk
NIP: 2161615593
Pozycja Netto [PLN] VAT Brutto [PLN]
Monitor Dell 27 cali 2112.09 23% 2597.87
Laptop Lenovo ThinkPad 1293.77 23% 1591.34
Klawiatura mechaniczna 537.33 23% 660.92
Razem Netto: 3943.19 PLN
Razem VAT: 906.94 PLN
DO ZAPLATY: 4850.13 PLN",IT_HARDWARE
faktura_017.pdf,5261040828,"FAKTURA VAT: FV/2019/7126
Data wystawienia: 2026-06-28
SPRZEDAWCA:
Nazwa: Orlen Paliwa Sp. z o.o.
NIP: 5261040828
Pozycja Netto [PLN] VAT Brutto [PLN]
Opnata autostradowa A2 324.08 23% 398.62
Benzyna Pb95 939.30 23% 1155.34
Olej napndowy Verva 2464.04 23% 3030.77
Razem Netto: 3727.42 PLN
Razem VAT: 857.31 PLN
DO ZAPLATY: 4584.73 PLN",TRAVEL_FLEET
faktura_018.pdf,5213456789,"FAKTURA VAT: FV/2006/6038
Data wystawienia: 2026-02-18
SPRZEDAWCA:
Nazwa: Dell Polska Sp. z o.o.
NIP: 5213456789
Pozycja Netto [PLN] VAT Brutto [PLN]
Monitor Dell 27 cali 2049.26 23% 2520.59
Kabel USB-C 2446.06 23% 3008.65
Klawiatura mechaniczna 1355.13 23% 1666.81
Razem Netto: 5850.45 PLN
Razem VAT: 1345.60 PLN
DO ZAPLATY: 7196.05 PLN",IT_HARDWARE
faktura_019.pdf,9876543210,"FAKTURA VAT: FV/1995/3060
Data wystawienia: 2026-01-31
SPRZEDAWCA:
Nazwa: Biuromax Artykuny Biurowe
NIP: 9876543210
Pozycja Netto [PLN] VAT Brutto [PLN]
Toner do drukarki HP 2412.69 23% 2967.61
Segregator biurowy 2325.84 23% 2860.78
Kawa ziarnista Arabica 1kg 1900.40 23% 2337.49
Razem Netto: 6638.93 PLN
Razem VAT: 1526.95 PLN
DO ZAPLATY: 8165.88 PLN",OFFICE_SUPPLIES
faktura_020.pdf,9876543210,"FAKTURA VAT: FV/2007/4295
Data wystawienia: 2026-04-24
SPRZEDAWCA:
Nazwa: Biuromax Artykuny Biurowe
NIP: 9876543210
Pozycja Netto [PLN] VAT Brutto [PLN]
Kawa ziarnista Arabica 1kg 346.46 23% 426.15
Toner do drukarki HP 600.51 23% 738.63
Segregator biurowy 878.31 23% 1080.32
Razem Netto: 1825.28 PLN
Razem VAT: 419.82 PLN
DO ZAPLATY: 2245.10 PLN",OFFICE_SUPPLIES
faktura_021.pdf,5261040828,"FAKTURA VAT: FV/2026/4770
Data wystawienia: 2026-09-02
SPRZEDAWCA:
Nazwa: Orlen Paliwa Sp. z o.o.
NIP: 5261040828
Pozycja Netto [PLN] VAT Brutto [PLN]
Olej napndowy Verva 610.91 23% 751.42
Razem Netto: 610.91 PLN
Razem VAT: 140.51 PLN
DO ZAPLATY: 751.42 PLN",TRAVEL_FLEET
faktura_022.pdf,7883103416,"FAKTURA VAT: FV/2012/1514
Data wystawienia: 2026-05-21
SPRZEDAWCA:
Nazwa: Rónewicz-Wonk Sp.j.
NIP: 7883103416
Pozycja Netto [PLN] VAT Brutto [PLN]
Benzyna Pb95 574.88 23% 707.10
Hotel Warszawa doba 374.16 23% 460.22
Opnata autostradowa A2 2342.01 23% 2880.67
Razem Netto: 3291.05 PLN
Razem VAT: 756.94 PLN
DO ZAPLATY: 4047.99 PLN",TRAVEL_FLEET
faktura_023.pdf,9876543210,"FAKTURA VAT: FV/1988/8744
Data wystawienia: 2026-06-26
SPRZEDAWCA:
Nazwa: Biuromax Artykuny Biurowe
NIP: 9876543210
Pozycja Netto [PLN] VAT Brutto [PLN]
Toner do drukarki HP 287.48 23% 353.60
Papier ksero A4 5 ryz 1106.08 23% 1360.48
Razem Netto: 1393.56 PLN
Razem VAT: 320.52 PLN
DO ZAPLATY: 1714.08 PLN",OFFICE_SUPPLIES
faktura_024.pdf,5261040828,"FAKTURA VAT: FV/2013/7939
Data wystawienia: 2026-05-22
SPRZEDAWCA:
Nazwa: Orlen Paliwa Sp. z o.o.
NIP: 5261040828
Pozycja Netto [PLN] VAT Brutto [PLN]
Olej napndowy Verva 1834.12 23% 2255.97
Hotel Warszawa doba 2011.45 23% 2474.08
Benzyna Pb95 317.71 23% 390.78
Razem Netto: 4163.28 PLN
Razem VAT: 957.55 PLN
DO ZAPLATY: 5120.83 PLN",TRAVEL_FLEET
faktura_025.pdf,9876543210,"FAKTURA VAT: FV/1981/4139
Data wystawienia: 2026-05-24
SPRZEDAWCA:
Nazwa: Biuromax Artykuny Biurowe
NIP: 9876543210
Pozycja Netto [PLN] VAT Brutto [PLN]
Segregator biurowy 499.55 23% 614.45
Razem Netto: 499.55 PLN
Razem VAT: 114.90 PLN
DO ZAPLATY: 614.45 PLN",OFFICE_SUPPLIES
faktura_026.pdf,5261040828,"FAKTURA VAT: FV/1994/8579
Data wystawienia: 2026-03-23
SPRZEDAWCA:
Nazwa: Orlen Paliwa Sp. z o.o.
NIP: 5261040828
Pozycja Netto [PLN] VAT Brutto [PLN]
Olej napndowy Verva 1647.75 23% 2026.73
Hotel Warszawa doba 1374.44 23% 1690.56
Razem Netto: 3022.19 PLN
Razem VAT: 695.10 PLN
DO ZAPLATY: 3717.29 PLN",TRAVEL_FLEET
faktura_027.pdf,9491928324,"FAKTURA VAT: FV/2015/1241
Data wystawienia: 2026-04-14
SPRZEDAWCA:
Nazwa: Fundacja Kalisiak Sp.k.
NIP: 9491928324
Pozycja Netto [PLN] VAT Brutto [PLN]
Kabel USB-C 1239.82 23% 1524.98
Razem Netto: 1239.82 PLN
Razem VAT: 285.16 PLN
DO ZAPLATY: 1524.98 PLN",IT_HARDWARE
faktura_028.pdf,3585030566,"FAKTURA VAT: FV/2016/4502
Data wystawienia: 2026-08-05
SPRZEDAWCA:
Nazwa: Grupa Hajdukiewicz
NIP: 3585030566
Pozycja Netto [PLN] VAT Brutto [PLN]
Hotel Warszawa doba 55.28 23% 67.99
Razem Netto: 55.28 PLN
Razem VAT: 12.71 PLN
DO ZAPLATY: 67.99 PLN",TRAVEL_FLEET
faktura_029.pdf,9876543210,"FAKTURA VAT: FV/2008/7396
Data wystawienia: 2026-05-03
SPRZEDAWCA:
Nazwa: Biuromax Artykuny Biurowe
NIP: 9876543210
Pozycja Netto [PLN] VAT Brutto [PLN]
Segregator biurowy 2395.43 23% 2946.38
Kawa ziarnista Arabica 1kg 2488.79 23% 3061.21
Razem Netto: 4884.22 PLN
Razem VAT: 1123.37 PLN
DO ZAPLATY: 6007.59 PLN",OFFICE_SUPPLIES
faktura_030.pdf,1234567890,"FAKTURA VAT: FV/1984/8973
Data wystawienia: 2026-09-12
SPRZEDAWCA:
Nazwa: Amazon Web Services EMEA
NIP: 1234567890
Pozycja Netto [PLN] VAT Brutto [PLN]
Hosting serwera VPS 1468.99 23% 1806.86
Razem Netto: 1468.99 PLN
Razem VAT: 337.87 PLN
DO ZAPLATY: 1806.86 PLN",IT_SERVICES
faktura_031.pdf,1234567890,"FAKTURA VAT: FV/2003/9883
Data wystawienia: 2026-06-03
SPRZEDAWCA:
Nazwa: Amazon Web Services EMEA
NIP: 1234567890
Pozycja Netto [PLN] VAT Brutto [PLN]
Hosting serwera VPS 1481.24 23% 1821.93
Razem Netto: 1481.24 PLN
Razem VAT: 340.69 PLN
DO ZAPLATY: 1821.93 PLN",IT_SERVICES
faktura_032.pdf,2634238847,"FAKTURA VAT: FV/2013/9238
Data wystawienia: 2026-06-28
SPRZEDAWCA:
Nazwa: Fundacja Wnadyka-Han Sp.j.
NIP: 2634238847
Pozycja Netto [PLN] VAT Brutto [PLN]
Monitor Dell 27 cali 2135.79 23% 2627.02
Razem Netto: 2135.79 PLN
Razem VAT: 491.23 PLN
DO ZAPLATY: 2627.02 PLN",IT_HARDWARE
faktura_033.pdf,5213456789,"FAKTURA VAT: FV/1994/2122
Data wystawienia: 2026-03-27
SPRZEDAWCA:
Nazwa: Dell Polska Sp. z o.o.
NIP: 5213456789
Pozycja Netto [PLN] VAT Brutto [PLN]
Monitor Dell 27 cali 653.23 23% 803.47
Laptop Lenovo ThinkPad 1506.57 23% 1853.08
Razem Netto: 2159.80 PLN
Razem VAT: 496.75 PLN
DO ZAPLATY: 2656.55 PLN",IT_HARDWARE
faktura_034.pdf,1234567890,"FAKTURA VAT: FV/1979/2343
Data wystawienia: 2026-07-17
SPRZEDAWCA:
Nazwa: Amazon Web Services EMEA
NIP: 1234567890
Pozycja Netto [PLN] VAT Brutto [PLN]
Subskrypcja Azure Cloud 1804.67 23% 2219.74
Licencja JetBrains 634.78 23% 780.78
Razem Netto: 2439.45 PLN
Razem VAT: 561.07 PLN
DO ZAPLATY: 3000.52 PLN",IT_SERVICES
faktura_035.pdf,1234567890,"FAKTURA VAT: FV/2003/7484
Data wystawienia: 2026-02-05
SPRZEDAWCA:
Nazwa: Amazon Web Services EMEA
NIP: 1234567890
Pozycja Netto [PLN] VAT Brutto [PLN]
Licencja JetBrains 72.82 23% 89.57
Hosting serwera VPS 1571.84 23% 1933.36
Razem Netto: 1644.66 PLN
Razem VAT: 378.27 PLN
DO ZAPLATY: 2022.93 PLN",IT_SERVICES
faktura_036.pdf,5213456789,"FAKTURA VAT: FV/2021/2638
Data wystawienia: 2026-01-19
SPRZEDAWCA:
Nazwa: Dell Polska Sp. z o.o.
NIP: 5213456789
Pozycja Netto [PLN] VAT Brutto [PLN]
Laptop Lenovo ThinkPad 2208.12 23% 2715.99
Monitor Dell 27 cali 2204.21 23% 2711.18
Klawiatura mechaniczna 955.34 23% 1175.07
Razem Netto: 5367.67 PLN
Razem VAT: 1234.57 PLN
DO ZAPLATY: 6602.24 PLN",IT_HARDWARE
faktura_037.pdf,1234567890,"FAKTURA VAT: FV/1977/3584
Data wystawienia: 2026-03-01
SPRZEDAWCA:
Nazwa: Amazon Web Services EMEA
NIP: 1234567890
Pozycja Netto [PLN] VAT Brutto [PLN]
Hosting serwera VPS 2332.80 23% 2869.34
Licencja JetBrains 303.79 23% 373.66
Subskrypcja Azure Cloud 2201.41 23% 2707.73
Razem Netto: 4838.00 PLN
Razem VAT: 1112.73 PLN
DO ZAPLATY: 5950.73 PLN",IT_SERVICES
faktura_038.pdf,5261040828,"FAKTURA VAT: FV/2012/5333
Data wystawienia: 2026-03-04
SPRZEDAWCA:
Nazwa: Orlen Paliwa Sp. z o.o.
NIP: 5261040828
Pozycja Netto [PLN] VAT Brutto [PLN]
Benzyna Pb95 1531.83 23% 1884.15
Hotel Warszawa doba 1808.15 23% 2224.02
Opnata autostradowa A2 548.81 23% 675.04
Razem Netto: 3888.79 PLN
Razem VAT: 894.42 PLN
DO ZAPLATY: 4783.21 PLN",TRAVEL_FLEET
faktura_039.pdf,1234567890,"FAKTURA VAT: FV/2023/5325
Data wystawienia: 2026-09-22
SPRZEDAWCA:
Nazwa: Amazon Web Services EMEA
NIP: 1234567890
Pozycja Netto [PLN] VAT Brutto [PLN]
Hosting serwera VPS 1604.00 23% 1972.92
Razem Netto: 1604.00 PLN
Razem VAT: 368.92 PLN
DO ZAPLATY: 1972.92 PLN",IT_SERVICES
faktura_040.pdf,1234567890,"FAKTURA VAT: FV/1998/5533
Data wystawienia: 2026-08-20
SPRZEDAWCA:
Nazwa: Amazon Web Services EMEA
NIP: 1234567890
Pozycja Netto [PLN] VAT Brutto [PLN]
Licencja JetBrains 445.88 23% 548.43
Razem Netto: 445.88 PLN
Razem VAT: 102.55 PLN
DO ZAPLATY: 548.43 PLN",IT_SERVICES
faktura_041.pdf,9876543210,"FAKTURA VAT: FV/1974/8239
Data wystawienia: 2026-05-30
SPRZEDAWCA:
Nazwa: Biuromax Artykuny Biurowe
NIP: 9876543210
Pozycja Netto [PLN] VAT Brutto [PLN]
Papier ksero A4 5 ryz 2365.37 23% 2909.41
Segregator biurowy 1743.00 23% 2143.89
Kawa ziarnista Arabica 1kg 415.18 23% 510.67
Razem Netto: 4523.55 PLN
Razem VAT: 1040.42 PLN
DO ZAPLATY: 5563.97 PLN",OFFICE_SUPPLIES
faktura_042.pdf,5213456789,"FAKTURA VAT: FV/1995/1590
Data wystawienia: 2026-08-20
SPRZEDAWCA:
Nazwa: Dell Polska Sp. z o.o.
NIP: 5213456789
Pozycja Netto [PLN] VAT Brutto [PLN]
Klawiatura mechaniczna 805.23 23% 990.43
Monitor Dell 27 cali 2252.50 23% 2770.58
Razem Netto: 3057.73 PLN
Razem VAT: 703.28 PLN
DO ZAPLATY: 3761.01 PLN",IT_HARDWARE
faktura_043.pdf,3958018458,"FAKTURA VAT: FV/2001/1653
Data wystawienia: 2026-07-25
SPRZEDAWCA:
Nazwa: Raszkiewicz Sp.j.
NIP: 3958018458
Pozycja Netto [PLN] VAT Brutto [PLN]
Klawiatura mechaniczna 916.51 23% 1127.31
Laptop Lenovo ThinkPad 1421.71 23% 1748.70
Monitor Dell 27 cali 2193.05 23% 2697.45
Razem Netto: 4531.27 PLN
Razem VAT: 1042.19 PLN
DO ZAPLATY: 5573.46 PLN",IT_HARDWARE
faktura_044.pdf,1044828145,"FAKTURA VAT: FV/1980/3532
Data wystawienia: 2026-06-26
SPRZEDAWCA:
Nazwa: PPUH Straszak-Furgana Sp. z o.o. Sp.k.
NIP: 1044828145
Pozycja Netto [PLN] VAT Brutto [PLN]
Klawiatura mechaniczna 2209.47 23% 2717.65
Razem Netto: 2209.47 PLN
Razem VAT: 508.18 PLN
DO ZAPLATY: 2717.65 PLN",IT_HARDWARE
faktura_045.pdf,1234567890,"FAKTURA VAT: FV/2021/1406
Data wystawienia: 2026-03-04
SPRZEDAWCA:
Nazwa: Amazon Web Services EMEA
NIP: 1234567890
Pozycja Netto [PLN] VAT Brutto [PLN]
Subskrypcja Azure Cloud 440.03 23% 541.24
Domena internetowa 1768.13 23% 2174.80
Razem Netto: 2208.16 PLN
Razem VAT: 507.88 PLN
DO ZAPLATY: 2716.04 PLN",IT_SERVICES
faktura_046.pdf,1019570155,"FAKTURA VAT: FV/2006/7267
Data wystawienia: 2026-07-25
SPRZEDAWCA:
Nazwa: Spóndzielnia Drygas
NIP: 1019570155
Pozycja Netto [PLN] VAT Brutto [PLN]
Toner do drukarki HP 2050.64 23% 2522.29
Razem Netto: 2050.64 PLN
Razem VAT: 471.65 PLN
DO ZAPLATY: 2522.29 PLN",OFFICE_SUPPLIES
faktura_047.pdf,5213456789,"FAKTURA VAT: FV/1986/8541
Data wystawienia: 2026-08-09
SPRZEDAWCA:
Nazwa: Dell Polska Sp. z o.o.
NIP: 5213456789
Pozycja Netto [PLN] VAT Brutto [PLN]
Monitor Dell 27 cali 1667.08 23% 2050.51
Razem Netto: 1667.08 PLN
Razem VAT: 383.43 PLN
DO ZAPLATY: 2050.51 PLN",IT_HARDWARE
faktura_048.pdf,5261040828,"FAKTURA VAT: FV/1975/7528
Data wystawienia: 2026-02-03
SPRZEDAWCA:
Nazwa: Orlen Paliwa Sp. z o.o.
NIP: 5261040828
Pozycja Netto [PLN] VAT Brutto [PLN]
Opnata autostradowa A2 1298.04 23% 1596.59
Hotel Warszawa doba 1714.82 23% 2109.23
Razem Netto: 3012.86 PLN
Razem VAT: 692.96 PLN
DO ZAPLATY: 3705.82 PLN",TRAVEL_FLEET
faktura_049.pdf,5261040828,"FAKTURA VAT: FV/2019/9785
Data wystawienia: 2026-07-08
SPRZEDAWCA:
Nazwa: Orlen Paliwa Sp. z o.o.
NIP: 5261040828
Pozycja Netto [PLN] VAT Brutto [PLN]
Opnata autostradowa A2 487.49 23% 599.61
Razem Netto: 487.49 PLN
Razem VAT: 112.12 PLN
DO ZAPLATY: 599.61 PLN",TRAVEL_FLEET
faktura_050.pdf,9876543210,"FAKTURA VAT: FV/2025/5349
Data wystawienia: 2026-01-27
SPRZEDAWCA:
Nazwa: Biuromax Artykuny Biurowe
NIP: 9876543210
Pozycja Netto [PLN] VAT Brutto [PLN]
Kawa ziarnista Arabica 1kg 1535.21 23% 1888.31
Toner do drukarki HP 1302.99 23% 1602.68
Razem Netto: 2838.20 PLN
Razem VAT: 652.79 PLN
DO ZAPLATY: 3490.99 PLN",OFFICE_SUPPLIES
faktura_051.pdf,2432782482,"FAKTURA VAT: FV/2021/7311
Data wystawienia: 2026-07-26
SPRZEDAWCA:
Nazwa: Fundacja Leszkiewicz-Brojek i syn s.c.
NIP: 2432782482
Pozycja Netto [PLN] VAT Brutto [PLN]
Monitor Dell 27 cali 1118.34 23% 1375.56
Laptop Lenovo ThinkPad 1323.80 23% 1628.27
Razem Netto: 2442.14 PLN
Razem VAT: 561.69 PLN
DO ZAPLATY: 3003.83 PLN",IT_HARDWARE
faktura_052.pdf,5213456789,"FAKTURA VAT: FV/2019/9821
Data wystawienia: 2026-09-25
SPRZEDAWCA:
Nazwa: Dell Polska Sp. z o.o.
NIP: 5213456789
Pozycja Netto [PLN] VAT Brutto [PLN]
Kabel USB-C 2374.74 23% 2920.93
Monitor Dell 27 cali 2305.89 23% 2836.24
Razem Netto: 4680.63 PLN
Razem VAT: 1076.54 PLN
DO ZAPLATY: 5757.17 PLN",IT_HARDWARE
faktura_053.pdf,5261040828,"FAKTURA VAT: FV/1983/6143
Data wystawienia: 2026-05-02
SPRZEDAWCA:
Nazwa: Orlen Paliwa Sp. z o.o.
NIP: 5261040828
Pozycja Netto [PLN] VAT Brutto [PLN]
Opnata autostradowa A2 1683.89 23% 2071.18
Hotel Warszawa doba 849.15 23% 1044.45
Benzyna Pb95 1758.16 23% 2162.54
Razem Netto: 4291.20 PLN
Razem VAT: 986.97 PLN
DO ZAPLATY: 5278.17 PLN",TRAVEL_FLEET
faktura_054.pdf,9876543210,"FAKTURA VAT: FV/1997/3085
Data wystawienia: 2026-09-18
SPRZEDAWCA:
Nazwa: Biuromax Artykuny Biurowe
NIP: 9876543210
Pozycja Netto [PLN] VAT Brutto [PLN]
Toner do drukarki HP 1044.88 23% 1285.20
Kawa ziarnista Arabica 1kg 2092.63 23% 2573.93
Segregator biurowy 794.49 23% 977.22
Razem Netto: 3932.00 PLN
Razem VAT: 904.35 PLN
DO ZAPLATY: 4836.35 PLN",OFFICE_SUPPLIES
faktura_055.pdf,1234567890,"FAKTURA VAT: FV/2014/4443
Data wystawienia: 2026-05-26
SPRZEDAWCA:
Nazwa: Amazon Web Services EMEA
NIP: 1234567890
Pozycja Netto [PLN] VAT Brutto [PLN]
Domena internetowa 1705.29 23% 2097.51
Subskrypcja Azure Cloud 1302.38 23% 1601.93
Razem Netto: 3007.67 PLN
Razem VAT: 691.77 PLN
DO ZAPLATY: 3699.44 PLN",IT_SERVICES
faktura_056.pdf,1234567890,"FAKTURA VAT: FV/1999/3780
Data wystawienia: 2026-07-21
SPRZEDAWCA:
Nazwa: Amazon Web Services EMEA
NIP: 1234567890
Pozycja Netto [PLN] VAT Brutto [PLN]
Licencja JetBrains 1698.35 23% 2088.97
Hosting serwera VPS 600.37 23% 738.46
Domena internetowa 537.87 23% 661.58
Razem Netto: 2836.59 PLN
Razem VAT: 652.42 PLN
DO ZAPLATY: 3489.01 PLN",IT_SERVICES
faktura_057.pdf,9876543210,"FAKTURA VAT: FV/2000/1400
Data wystawienia: 2026-02-16
SPRZEDAWCA:
Nazwa: Biuromax Artykuny Biurowe
NIP: 9876543210
Pozycja Netto [PLN] VAT Brutto [PLN]
Papier ksero A4 5 ryz 2221.04 23% 2731.88
Toner do drukarki HP 1460.39 23% 1796.28
Kawa ziarnista Arabica 1kg 1809.95 23% 2226.24
Razem Netto: 5491.38 PLN
Razem VAT: 1263.02 PLN
DO ZAPLATY: 6754.40 PLN",OFFICE_SUPPLIES
faktura_058.pdf,5213456789,"FAKTURA VAT: FV/1986/7291
Data wystawienia: 2026-03-29
SPRZEDAWCA:
Nazwa: Dell Polska Sp. z o.o.
NIP: 5213456789
Pozycja Netto [PLN] VAT Brutto [PLN]
Monitor Dell 27 cali 2237.02 23% 2751.53
Razem Netto: 2237.02 PLN
Razem VAT: 514.51 PLN
DO ZAPLATY: 2751.53 PLN",IT_HARDWARE
faktura_059.pdf,5213456789,"FAKTURA VAT: FV/1974/2746
Data wystawienia: 2026-05-12
SPRZEDAWCA:
Nazwa: Dell Polska Sp. z o.o.
NIP: 5213456789
Pozycja Netto [PLN] VAT Brutto [PLN]
Kabel USB-C 173.04 23% 212.84
Razem Netto: 173.04 PLN
Razem VAT: 39.80 PLN
DO ZAPLATY: 212.84 PLN",IT_HARDWARE
faktura_060.pdf,7623930105,"FAKTURA VAT: FV/1971/5082
Data wystawienia: 2026-08-17
SPRZEDAWCA:
Nazwa: Prucnal-Mirocha i syn s.c.
NIP: 7623930105
Pozycja Netto [PLN] VAT Brutto [PLN]
Benzyna Pb95 1685.57 23% 2073.25
Hotel Warszawa doba 2470.34 23% 3038.52
Razem Netto: 4155.91 PLN
Razem VAT: 955.86 PLN
DO ZAPLATY: 5111.77 PLN",TRAVEL_FLEET
faktura_061.pdf,7163473823,"FAKTURA VAT: FV/1992/6198
Data wystawienia: 2026-01-28
SPRZEDAWCA:
Nazwa: PPUH Czak-Macias i syn s.c.
NIP: 7163473823
Pozycja Netto [PLN] VAT Brutto [PLN]
Segregator biurowy 2248.16 23% 2765.24
Kawa ziarnista Arabica 1kg 1871.96 23% 2302.51
Toner do drukarki HP 1212.95 23% 1491.93
Razem Netto: 5333.07 PLN
Razem VAT: 1226.61 PLN
DO ZAPLATY: 6559.68 PLN",OFFICE_SUPPLIES
faktura_062.pdf,1234567890,"FAKTURA VAT: FV/2002/5246
Data wystawienia: 2026-06-08
SPRZEDAWCA:
Nazwa: Amazon Web Services EMEA
NIP: 1234567890
Pozycja Netto [PLN] VAT Brutto [PLN]
Domena internetowa 722.76 23% 888.99
Licencja JetBrains 239.83 23% 294.99
Hosting serwera VPS 750.03 23% 922.54
Razem Netto: 1712.62 PLN
Razem VAT: 393.90 PLN
DO ZAPLATY: 2106.52 PLN",IT_SERVICES
faktura_063.pdf,5261040828,"FAKTURA VAT: FV/1982/5451
Data wystawienia: 2026-02-06
SPRZEDAWCA:
Nazwa: Orlen Paliwa Sp. z o.o.
NIP: 5261040828
Pozycja Netto [PLN] VAT Brutto [PLN]
Benzyna Pb95 616.59 23% 758.41
Razem Netto: 616.59 PLN
Razem VAT: 141.82 PLN
DO ZAPLATY: 758.41 PLN",TRAVEL_FLEET
faktura_064.pdf,5261040828,"FAKTURA VAT: FV/1976/3503
Data wystawienia: 2026-09-13
SPRZEDAWCA:
Nazwa: Orlen Paliwa Sp. z o.o.
NIP: 5261040828
Pozycja Netto [PLN] VAT Brutto [PLN]
Hotel Warszawa doba 1379.40 23% 1696.66
Benzyna Pb95 1068.65 23% 1314.44
Razem Netto: 2448.05 PLN
Razem VAT: 563.05 PLN
DO ZAPLATY: 3011.10 PLN",TRAVEL_FLEET
faktura_065.pdf,9876543210,"FAKTURA VAT: FV/1999/4388
Data wystawienia: 2026-05-18
SPRZEDAWCA:
Nazwa: Biuromax Artykuny Biurowe
NIP: 9876543210
Pozycja Netto [PLN] VAT Brutto [PLN]
Papier ksero A4 5 ryz 1218.60 23% 1498.88
Kawa ziarnista Arabica 1kg 2359.72 23% 2902.46
Toner do drukarki HP 781.60 23% 961.37
Razem Netto: 4359.92 PLN
Razem VAT: 1002.79 PLN
DO ZAPLATY: 5362.71 PLN",OFFICE_SUPPLIES
faktura_066.pdf,6540106515,"FAKTURA VAT: FV/1998/7389
Data wystawienia: 2026-06-09
SPRZEDAWCA:
Nazwa: Chomik-Kidon s.c.
NIP: 6540106515
Pozycja Netto [PLN] VAT Brutto [PLN]
Toner do drukarki HP 718.69 23% 883.99
Segregator biurowy 1239.82 23% 1524.98
Papier ksero A4 5 ryz 1002.70 23% 1233.32
Razem Netto: 2961.21 PLN
Razem VAT: 681.08 PLN
DO ZAPLATY: 3642.29 PLN",OFFICE_SUPPLIES
faktura_067.pdf,9876543210,"FAKTURA VAT: FV/2000/7624
Data wystawienia: 2026-02-24
SPRZEDAWCA:
Nazwa: Biuromax Artykuny Biurowe
NIP: 9876543210
Pozycja Netto [PLN] VAT Brutto [PLN]
Papier ksero A4 5 ryz 2271.98 23% 2794.54
Razem Netto: 2271.98 PLN
Razem VAT: 522.56 PLN
DO ZAPLATY: 2794.54 PLN",OFFICE_SUPPLIES
faktura_068.pdf,9876543210,"FAKTURA VAT: FV/1998/1444
Data wystawienia: 2026-03-13
SPRZEDAWCA:
Nazwa: Biuromax Artykuny Biurowe
NIP: 9876543210
Pozycja Netto [PLN] VAT Brutto [PLN]
Segregator biurowy 495.24 23% 609.15
Razem Netto: 495.24 PLN
Razem VAT: 113.91 PLN
DO ZAPLATY: 609.15 PLN",OFFICE_SUPPLIES
faktura_069.pdf,5213456789,"FAKTURA VAT: FV/1988/5262
Data wystawienia: 2026-06-29
SPRZEDAWCA:
Nazwa: Dell Polska Sp. z o.o.
NIP: 5213456789
Pozycja Netto [PLN] VAT Brutto [PLN]
Laptop Lenovo ThinkPad 1915.01 23% 2355.46
Klawiatura mechaniczna 978.86 23% 1204.00
Razem Netto: 2893.87 PLN
Razem VAT: 665.59 PLN
DO ZAPLATY: 3559.46 PLN",IT_HARDWARE
faktura_070.pdf,5261040828,"FAKTURA VAT: FV/1986/7906
Data wystawienia: 2026-01-30
SPRZEDAWCA:
Nazwa: Orlen Paliwa Sp. z o.o.
NIP: 5261040828
Pozycja Netto [PLN] VAT Brutto [PLN]
Olej napndowy Verva 1371.58 23% 1687.04
Opnata autostradowa A2 2499.77 23% 3074.72
Razem Netto: 3871.35 PLN
Razem VAT: 890.41 PLN
DO ZAPLATY: 4761.76 PLN",TRAVEL_FLEET
faktura_071.pdf,5261040828,"FAKTURA VAT: FV/2000/6733
Data wystawienia: 2026-08-02
SPRZEDAWCA:
Nazwa: Orlen Paliwa Sp. z o.o.
NIP: 5261040828
Pozycja Netto [PLN] VAT Brutto [PLN]
Olej napndowy Verva 538.43 23% 662.27
Hotel Warszawa doba 99.93 23% 122.91
Opnata autostradowa A2 423.34 23% 520.71
Razem Netto: 1061.70 PLN
Razem VAT: 244.19 PLN
DO ZAPLATY: 1305.89 PLN",TRAVEL_FLEET
faktura_072.pdf,5261040828,"FAKTURA VAT: FV/1976/3068
Data wystawienia: 2026-01-20
SPRZEDAWCA:
Nazwa: Orlen Paliwa Sp. z o.o.
NIP: 5261040828
Pozycja Netto [PLN] VAT Brutto [PLN]
Benzyna Pb95 1928.90 23% 2372.55
Hotel Warszawa doba 461.08 23% 567.13
Opnata autostradowa A2 1537.76 23% 1891.44
Razem Netto: 3927.74 PLN
Razem VAT: 903.38 PLN
DO ZAPLATY: 4831.12 PLN",TRAVEL_FLEET
faktura_073.pdf,5213456789,"FAKTURA VAT: FV/2014/2876
Data wystawienia: 2026-07-29
SPRZEDAWCA:
Nazwa: Dell Polska Sp. z o.o.
NIP: 5213456789
Pozycja Netto [PLN] VAT Brutto [PLN]
Monitor Dell 27 cali 112.91 23% 138.88
Laptop Lenovo ThinkPad 814.30 23% 1001.59
Razem Netto: 927.21 PLN
Razem VAT: 213.26 PLN
DO ZAPLATY: 1140.47 PLN",IT_HARDWARE
faktura_074.pdf,5213456789,"FAKTURA VAT: FV/1971/7149
Data wystawienia: 2026-02-06
SPRZEDAWCA:
Nazwa: Dell Polska Sp. z o.o.
NIP: 5213456789
Pozycja Netto [PLN] VAT Brutto [PLN]
Klawiatura mechaniczna 299.66 23% 368.58
Razem Netto: 299.66 PLN
Razem VAT: 68.92 PLN
DO ZAPLATY: 368.58 PLN",IT_HARDWARE
faktura_075.pdf,2896773607,"FAKTURA VAT: FV/2021/5941
Data wystawienia: 2026-04-02
SPRZEDAWCA:
Nazwa: Bartnomiejczyk-Borczyk Sp.j.
NIP: 2896773607
Pozycja Netto [PLN] VAT Brutto [PLN]
Olej napndowy Verva 1670.73 23% 2055.00
Benzyna Pb95 218.94 23% 269.30
Opnata autostradowa A2 1636.48 23% 2012.87
Razem Netto: 3526.15 PLN
Razem VAT: 811.02 PLN
DO ZAPLATY: 4337.17 PLN",TRAVEL_FLEET
faktura_076.pdf,9876543210,"FAKTURA VAT: FV/1988/1207
Data wystawienia: 2026-06-26
SPRZEDAWCA:
Nazwa: Biuromax Artykuny Biurowe
NIP: 9876543210
Pozycja Netto [PLN] VAT Brutto [PLN]
Segregator biurowy 2403.93 23% 2956.83
Razem Netto: 2403.93 PLN
Razem VAT: 552.90 PLN
DO ZAPLATY: 2956.83 PLN",OFFICE_SUPPLIES
faktura_077.pdf,9876543210,"FAKTURA VAT: FV/1989/8532
Data wystawienia: 2026-06-14
SPRZEDAWCA:
Nazwa: Biuromax Artykuny Biurowe
NIP: 9876543210
Pozycja Netto [PLN] VAT Brutto [PLN]
Kawa ziarnista Arabica 1kg 1558.99 23% 1917.56
Razem Netto: 1558.99 PLN
Razem VAT: 358.57 PLN
DO ZAPLATY: 1917.56 PLN",OFFICE_SUPPLIES
faktura_078.pdf,9876543210,"FAKTURA VAT: FV/2017/9817
Data wystawienia: 2026-08-04
SPRZEDAWCA:
Nazwa: Biuromax Artykuny Biurowe
NIP: 9876543210
Pozycja Netto [PLN] VAT Brutto [PLN]
Kawa ziarnista Arabica 1kg 2136.70 23% 2628.14
Toner do drukarki HP 2085.29 23% 2564.91
Razem Netto: 4221.99 PLN
Razem VAT: 971.06 PLN
DO ZAPLATY: 5193.05 PLN",OFFICE_SUPPLIES
faktura_079.pdf,9876543210,"FAKTURA VAT: FV/2015/2419
Data wystawienia: 2026-07-09
SPRZEDAWCA:
Nazwa: Biuromax Artykuny Biurowe
NIP: 9876543210
Pozycja Netto [PLN] VAT Brutto [PLN]
Segregator biurowy 1446.13 23% 1778.74
Razem Netto: 1446.13 PLN
Razem VAT: 332.61 PLN
DO ZAPLATY: 1778.74 PLN",OFFICE_SUPPLIES
faktura_080.pdf,9876543210,"FAKTURA VAT: FV/1980/7209
Data wystawienia: 2026-03-15
SPRZEDAWCA:
Nazwa: Biuromax Artykuny Biurowe
NIP: 9876543210
Pozycja Netto [PLN] VAT Brutto [PLN]
Toner do drukarki HP 569.69 23% 700.72
Segregator biurowy 2004.69 23% 2465.77
Razem Netto: 2574.38 PLN
Razem VAT: 592.11 PLN
DO ZAPLATY: 3166.49 PLN",OFFICE_SUPPLIES
faktura_081.pdf,1234567890,"FAKTURA VAT: FV/1990/6576
Data wystawienia: 2026-03-26
SPRZEDAWCA:
Nazwa: Amazon Web Services EMEA
NIP: 1234567890
Pozycja Netto [PLN] VAT Brutto [PLN]
Hosting serwera VPS 259.75 23% 319.49
Licencja JetBrains 1814.18 23% 2231.44
Domena internetowa 1247.02 23% 1533.83
Razem Netto: 3320.95 PLN
Razem VAT: 763.81 PLN
DO ZAPLATY: 4084.76 PLN",IT_SERVICES
faktura_082.pdf,9876543210,"FAKTURA VAT: FV/1973/4937
Data wystawienia: 2026-08-13
SPRZEDAWCA:
Nazwa: Biuromax Artykuny Biurowe
NIP: 9876543210
Pozycja Netto [PLN] VAT Brutto [PLN]
Papier ksero A4 5 ryz 770.88 23% 948.18
Segregator biurowy 1040.78 23% 1280.16
Razem Netto: 1811.66 PLN
Razem VAT: 416.68 PLN
DO ZAPLATY: 2228.34 PLN",OFFICE_SUPPLIES
faktura_083.pdf,1234567890,"FAKTURA VAT: FV/2020/4986
Data wystawienia: 2026-07-30
SPRZEDAWCA:
Nazwa: Amazon Web Services EMEA
NIP: 1234567890
Pozycja Netto [PLN] VAT Brutto [PLN]
Licencja JetBrains 2491.75 23% 3064.85
Subskrypcja Azure Cloud 1398.45 23% 1720.09
Razem Netto: 3890.20 PLN
Razem VAT: 894.74 PLN
DO ZAPLATY: 4784.94 PLN",IT_SERVICES
faktura_084.pdf,1234567890,"FAKTURA VAT: FV/1974/6764
Data wystawienia: 2026-05-02
SPRZEDAWCA:
Nazwa: Amazon Web Services EMEA
NIP: 1234567890
Pozycja Netto [PLN] VAT Brutto [PLN]
Licencja JetBrains 345.61 23% 425.10
Hosting serwera VPS 521.83 23% 641.85
Razem Netto: 867.44 PLN
Razem VAT: 199.51 PLN
DO ZAPLATY: 1066.95 PLN",IT_SERVICES
faktura_085.pdf,5213456789,"FAKTURA VAT: FV/1973/2958
Data wystawienia: 2026-01-20
SPRZEDAWCA:
Nazwa: Dell Polska Sp. z o.o.
NIP: 5213456789
Pozycja Netto [PLN] VAT Brutto [PLN]
Klawiatura mechaniczna 1859.58 23% 2287.28
Razem Netto: 1859.58 PLN
Razem VAT: 427.70 PLN
DO ZAPLATY: 2287.28 PLN",IT_HARDWARE
faktura_086.pdf,1234567890,"FAKTURA VAT: FV/2009/5530
Data wystawienia: 2026-07-05
SPRZEDAWCA:
Nazwa: Amazon Web Services EMEA
NIP: 1234567890
Pozycja Netto [PLN] VAT Brutto [PLN]
Subskrypcja Azure Cloud 775.80 23% 954.23
Razem Netto: 775.80 PLN
Razem VAT: 178.43 PLN
DO ZAPLATY: 954.23 PLN",IT_SERVICES
faktura_087.pdf,5261040828,"FAKTURA VAT: FV/2004/6912
Data wystawienia: 2026-07-26
SPRZEDAWCA:
Nazwa: Orlen Paliwa Sp. z o.o.
NIP: 5261040828
Pozycja Netto [PLN] VAT Brutto [PLN]
Benzyna Pb95 2437.02 23% 2997.53
Hotel Warszawa doba 1405.73 23% 1729.05
Olej napndowy Verva 1758.67 23% 2163.16
Razem Netto: 5601.42 PLN
Razem VAT: 1288.32 PLN
DO ZAPLATY: 6889.74 PLN",TRAVEL_FLEET
faktura_088.pdf,9876543210,"FAKTURA VAT: FV/1980/3068
Data wystawienia: 2026-01-23
SPRZEDAWCA:
Nazwa: Biuromax Artykuny Biurowe
NIP: 9876543210
Pozycja Netto [PLN] VAT Brutto [PLN]
Papier ksero A4 5 ryz 1456.46 23% 1791.45
Razem Netto: 1456.46 PLN
Razem VAT: 334.99 PLN
DO ZAPLATY: 1791.45 PLN",OFFICE_SUPPLIES
faktura_089.pdf,1234567890,"FAKTURA VAT: FV/2004/8690
Data wystawienia: 2026-02-01
SPRZEDAWCA:
Nazwa: Amazon Web Services EMEA
NIP: 1234567890
Pozycja Netto [PLN] VAT Brutto [PLN]
Hosting serwera VPS 668.57 23% 822.34
Razem Netto: 668.57 PLN
Razem VAT: 153.77 PLN
DO ZAPLATY: 822.34 PLN",IT_SERVICES
faktura_090.pdf,5261040828,"FAKTURA VAT: FV/1982/8827
Data wystawienia: 2026-01-27
SPRZEDAWCA:
Nazwa: Orlen Paliwa Sp. z o.o.
NIP: 5261040828
Pozycja Netto [PLN] VAT Brutto [PLN]
Hotel Warszawa doba 1463.70 23% 1800.35
Olej napndowy Verva 1731.80 23% 2130.11
Razem Netto: 3195.50 PLN
Razem VAT: 734.96 PLN
DO ZAPLATY: 3930.46 PLN",TRAVEL_FLEET
faktura_091.pdf,1234567890,"FAKTURA VAT: FV/2010/3485
Data wystawienia: 2026-01-27
SPRZEDAWCA:
Nazwa: Amazon Web Services EMEA
NIP: 1234567890
Pozycja Netto [PLN] VAT Brutto [PLN]
Subskrypcja Azure Cloud 340.21 23% 418.46
Razem Netto: 340.21 PLN
Razem VAT: 78.25 PLN
DO ZAPLATY: 418.46 PLN",IT_SERVICES
faktura_092.pdf,5213456789,"FAKTURA VAT: FV/2015/7818
Data wystawienia: 2026-04-02
SPRZEDAWCA:
Nazwa: Dell Polska Sp. z o.o.
NIP: 5213456789
Pozycja Netto [PLN] VAT Brutto [PLN]
Kabel USB-C 778.52 23% 957.58
Klawiatura mechaniczna 1491.89 23% 1835.02
Laptop Lenovo ThinkPad 1100.63 23% 1353.77
Razem Netto: 3371.04 PLN
Razem VAT: 775.33 PLN
DO ZAPLATY: 4146.37 PLN",IT_HARDWARE
faktura_093.pdf,5261040828,"FAKTURA VAT: FV/1997/1986
Data wystawienia: 2026-02-16
SPRZEDAWCA:
Nazwa: Orlen Paliwa Sp. z o.o.
NIP: 5261040828
Pozycja Netto [PLN] VAT Brutto [PLN]
Benzyna Pb95 698.38 23% 859.01
Razem Netto: 698.38 PLN
Razem VAT: 160.63 PLN
DO ZAPLATY: 859.01 PLN",TRAVEL_FLEET
faktura_094.pdf,5213456789,"FAKTURA VAT: FV/2008/2330
Data wystawienia: 2026-04-06
SPRZEDAWCA:
Nazwa: Dell Polska Sp. z o.o.
NIP: 5213456789
Pozycja Netto [PLN] VAT Brutto [PLN]
Monitor Dell 27 cali 1050.87 23% 1292.57
Kabel USB-C 1738.96 23% 2138.92
Laptop Lenovo ThinkPad 1201.29 23% 1477.59
Razem Netto: 3991.12 PLN
Razem VAT: 917.96 PLN
DO ZAPLATY: 4909.08 PLN",IT_HARDWARE
faktura_095.pdf,1234567890,"FAKTURA VAT: FV/2009/1534
Data wystawienia: 2026-08-19
SPRZEDAWCA:
Nazwa: Amazon Web Services EMEA
NIP: 1234567890
Pozycja Netto [PLN] VAT Brutto [PLN]
Domena internetowa 2313.58 23% 2845.70
Hosting serwera VPS 1980.18 23% 2435.62
Licencja JetBrains 1581.39 23% 1945.11
Razem Netto: 5875.15 PLN
Razem VAT: 1351.28 PLN
DO ZAPLATY: 7226.43 PLN",IT_SERVICES
faktura_096.pdf,5213456789,"FAKTURA VAT: FV/1972/4241
Data wystawienia: 2026-08-29
SPRZEDAWCA:
Nazwa: Dell Polska Sp. z o.o.
NIP: 5213456789
Pozycja Netto [PLN] VAT Brutto [PLN]
Klawiatura mechaniczna 224.95 23% 276.69
Kabel USB-C 456.51 23% 561.51
Monitor Dell 27 cali 803.65 23% 988.49
Razem Netto: 1485.11 PLN
Razem VAT: 341.58 PLN
DO ZAPLATY: 1826.69 PLN",IT_HARDWARE
faktura_097.pdf,9876543210,"FAKTURA VAT: FV/1975/5728
Data wystawienia: 2026-06-12
SPRZEDAWCA:
Nazwa: Biuromax Artykuny Biurowe
NIP: 9876543210
Pozycja Netto [PLN] VAT Brutto [PLN]
Kawa ziarnista Arabica 1kg 2359.56 23% 2902.26
Segregator biurowy 1276.16 23% 1569.68
Toner do drukarki HP 1259.80 23% 1549.55
Razem Netto: 4895.52 PLN
Razem VAT: 1125.97 PLN
DO ZAPLATY: 6021.49 PLN",OFFICE_SUPPLIES
faktura_098.pdf,9876543210,"FAKTURA VAT: FV/2014/2317
Data wystawienia: 2026-08-15
SPRZEDAWCA:
Nazwa: Biuromax Artykuny Biurowe
NIP: 9876543210
Pozycja Netto [PLN] VAT Brutto [PLN]
Kawa ziarnista Arabica 1kg 113.37 23% 139.45
Segregator biurowy 610.86 23% 751.36
Toner do drukarki HP 1702.03 23% 2093.50
Razem Netto: 2426.26 PLN
Razem VAT: 558.05 PLN
DO ZAPLATY: 2984.31 PLN",OFFICE_SUPPLIES
faktura_099.pdf,4784353462,"FAKTURA VAT: FV/2008/1339
Data wystawienia: 2026-07-23
SPRZEDAWCA:
Nazwa: Pachnik-Bun Sp. z o.o. Sp.k.
NIP: 4784353462
Pozycja Netto [PLN] VAT Brutto [PLN]
Hosting serwera VPS 1321.46 23% 1625.40
Domena internetowa 1133.46 23% 1394.16
Subskrypcja Azure Cloud 731.48 23% 899.72
Razem Netto: 3186.40 PLN
Razem VAT: 732.88 PLN
DO ZAPLATY: 3919.28 PLN",IT_SERVICES
faktura_100.pdf,9876543210,"FAKTURA VAT: FV/2001/8141
Data wystawienia: 2026-05-03
SPRZEDAWCA:
Nazwa: Biuromax Artykuny Biurowe
NIP: 9876543210
Pozycja Netto [PLN] VAT Brutto [PLN]
Segregator biurowy 902.50 23% 1110.08
Razem Netto: 902.50 PLN
Razem VAT: 207.58 PLN
DO ZAPLATY: 1110.08 PLN",OFFICE_SUPPLIES
faktura_101.pdf,5261040828,"FAKTURA VAT: FV/2021/6460
Data wystawienia: 2026-01-29
SPRZEDAWCA:
Nazwa: Orlen Paliwa Sp. z o.o.
NIP: 5261040828
Pozycja Netto [PLN] VAT Brutto [PLN]
Opnata autostradowa A2 1058.53 23% 1301.99
Razem Netto: 1058.53 PLN
Razem VAT: 243.46 PLN
DO ZAPLATY: 1301.99 PLN",TRAVEL_FLEET
faktura_102.pdf,9876543210,"FAKTURA VAT: FV/1970/9117
Data wystawienia: 2026-06-27
SPRZEDAWCA:
Nazwa: Biuromax Artykuny Biurowe
NIP: 9876543210
Pozycja Netto [PLN] VAT Brutto [PLN]
Papier ksero A4 5 ryz 820.57 23% 1009.30
Toner do drukarki HP 842.02 23% 1035.68
Segregator biurowy 2426.95 23% 2985.15
Razem Netto: 4089.54 PLN
Razem VAT: 940.59 PLN
DO ZAPLATY: 5030.13 PLN",OFFICE_SUPPLIES
faktura_103.pdf,2141838427,"FAKTURA VAT: FV/2012/7622
Data wystawienia: 2026-08-07
SPRZEDAWCA:
Nazwa: Grupa Doliwa
NIP: 2141838427
Pozycja Netto [PLN] VAT Brutto [PLN]
Hotel Warszawa doba 509.58 23% 626.78
Benzyna Pb95 936.36 23% 1151.72
Olej napndowy Verva 1903.29 23% 2341.05
Razem Netto: 3349.23 PLN
Razem VAT: 770.32 PLN
DO ZAPLATY: 4119.55 PLN",TRAVEL_FLEET
faktura_104.pdf,5213456789,"FAKTURA VAT: FV/1986/8242
Data wystawienia: 2026-05-24
SPRZEDAWCA:
Nazwa: Dell Polska Sp. z o.o.
NIP: 5213456789
Pozycja Netto [PLN] VAT Brutto [PLN]
Klawiatura mechaniczna 1123.38 23% 1381.76
Kabel USB-C 1760.71 23% 2165.67
Razem Netto: 2884.09 PLN
Razem VAT: 663.34 PLN
DO ZAPLATY: 3547.43 PLN",IT_HARDWARE
faktura_105.pdf,5213456789,"FAKTURA VAT: FV/1989/2989
Data wystawienia: 2026-03-03
SPRZEDAWCA:
Nazwa: Dell Polska Sp. z o.o.
NIP: 5213456789
Pozycja Netto [PLN] VAT Brutto [PLN]
Klawiatura mechaniczna 1403.02 23% 1725.71
Kabel USB-C 278.36 23% 342.38
Monitor Dell 27 cali 2481.03 23% 3051.67
Razem Netto: 4162.41 PLN
Razem VAT: 957.35 PLN
DO ZAPLATY: 5119.76 PLN",IT_HARDWARE
faktura_106.pdf,5261040828,"FAKTURA VAT: FV/1999/2858
Data wystawienia: 2026-07-30
SPRZEDAWCA:
Nazwa: Orlen Paliwa Sp. z o.o.
NIP: 5261040828
Pozycja Netto [PLN] VAT Brutto [PLN]
Benzyna Pb95 1296.74 23% 1594.99
Hotel Warszawa doba 719.89 23% 885.46
Opnata autostradowa A2 2095.07 23% 2576.94
Razem Netto: 4111.70 PLN
Razem VAT: 945.69 PLN
DO ZAPLATY: 5057.39 PLN",TRAVEL_FLEET
faktura_107.pdf,5213456789,"FAKTURA VAT: FV/2017/8736
Data wystawienia: 2026-04-28
SPRZEDAWCA:
Nazwa: Dell Polska Sp. z o.o.
NIP: 5213456789
Pozycja Netto [PLN] VAT Brutto [PLN]
Klawiatura mechaniczna 1295.19 23% 1593.08
Laptop Lenovo ThinkPad 2204.35 23% 2711.35
Razem Netto: 3499.54 PLN
Razem VAT: 804.89 PLN
DO ZAPLATY: 4304.43 PLN",IT_HARDWARE
faktura_108.pdf,9876543210,"FAKTURA VAT: FV/2011/2143
Data wystawienia: 2026-09-11
SPRZEDAWCA:
Nazwa: Biuromax Artykuny Biurowe
NIP: 9876543210
Pozycja Netto [PLN] VAT Brutto [PLN]
Kawa ziarnista Arabica 1kg 742.96 23% 913.84
Papier ksero A4 5 ryz 781.46 23% 961.20
Razem Netto: 1524.42 PLN
Razem VAT: 350.62 PLN
DO ZAPLATY: 1875.04 PLN",OFFICE_SUPPLIES
faktura_109.pdf,9118412417,"FAKTURA VAT: FV/2005/9022
Data wystawienia: 2026-01-04
SPRZEDAWCA:
Nazwa: Maras s.c.
NIP: 9118412417
Pozycja Netto [PLN] VAT Brutto [PLN]
Segregator biurowy 1402.20 23% 1724.71
Toner do drukarki HP 1381.40 23% 1699.12
Kawa ziarnista Arabica 1kg 1165.59 23% 1433.68
Razem Netto: 3949.19 PLN
Razem VAT: 908.32 PLN
DO ZAPLATY: 4857.51 PLN",OFFICE_SUPPLIES
faktura_110.pdf,4399353482,"FAKTURA VAT: FV/1980/6272
Data wystawienia: 2026-04-16
SPRZEDAWCA:
Nazwa: Stowarzyszenie Preuss Sp. z o.o.
NIP: 4399353482
Pozycja Netto [PLN] VAT Brutto [PLN]
Kabel USB-C 156.94 23% 193.04
Monitor Dell 27 cali 1874.53 23% 2305.67
Klawiatura mechaniczna 1777.81 23% 2186.71
Razem Netto: 3809.28 PLN
Razem VAT: 876.14 PLN
DO ZAPLATY: 4685.42 PLN",IT_HARDWARE
faktura_111.pdf,5213456789,"FAKTURA VAT: FV/1976/7246
Data wystawienia: 2026-09-04
SPRZEDAWCA:
Nazwa: Dell Polska Sp. z o.o.
NIP: 5213456789
Pozycja Netto [PLN] VAT Brutto [PLN]
Monitor Dell 27 cali 1280.61 23% 1575.15
Kabel USB-C 1495.94 23% 1840.01
Razem Netto: 2776.55 PLN
Razem VAT: 638.61 PLN
DO ZAPLATY: 3415.16 PLN",IT_HARDWARE
faktura_112.pdf,1510524375,"FAKTURA VAT: FV/1998/2644
Data wystawienia: 2026-04-18
SPRZEDAWCA:
Nazwa: PPUH Rychel Sp. z o.o.
NIP: 1510524375
Pozycja Netto [PLN] VAT Brutto [PLN]
Segregator biurowy 87.60 23% 107.75
Razem Netto: 87.60 PLN
Razem VAT: 20.15 PLN
DO ZAPLATY: 107.75 PLN",OFFICE_SUPPLIES
faktura_113.pdf,5213456789,"FAKTURA VAT: FV/1975/3361
Data wystawienia: 2026-09-26
SPRZEDAWCA:
Nazwa: Dell Polska Sp. z o.o.
NIP: 5213456789
Pozycja Netto [PLN] VAT Brutto [PLN]
Kabel USB-C 1964.74 23% 2416.63
Razem Netto: 1964.74 PLN
Razem VAT: 451.89 PLN
DO ZAPLATY: 2416.63 PLN",IT_HARDWARE
faktura_114.pdf,9876543210,"FAKTURA VAT: FV/1980/5342
Data wystawienia: 2026-07-31
SPRZEDAWCA:
Nazwa: Biuromax Artykuny Biurowe
NIP: 9876543210
Pozycja Netto [PLN] VAT Brutto [PLN]
Papier ksero A4 5 ryz 2387.64 23% 2936.80
Toner do drukarki HP 1585.66 23% 1950.36
Kawa ziarnista Arabica 1kg 2224.22 23% 2735.79
Razem Netto: 6197.52 PLN
Razem VAT: 1425.43 PLN
DO ZAPLATY: 7622.95 PLN",OFFICE_SUPPLIES
faktura_115.pdf,7948262041,"FAKTURA VAT: FV/1972/8994
Data wystawienia: 2026-05-24
SPRZEDAWCA:
Nazwa: Gabinety Siewert
NIP: 7948262041
Pozycja Netto [PLN] VAT Brutto [PLN]
Olej napndowy Verva 2493.69 23% 3067.24
Hotel Warszawa doba 1879.58 23% 2311.88
Benzyna Pb95 1113.23 23% 1369.27
Razem Netto: 5486.50 PLN
Razem VAT: 1261.89 PLN
DO ZAPLATY: 6748.39 PLN",TRAVEL_FLEET
faktura_116.pdf,5261040828,"FAKTURA VAT: FV/1972/2612
Data wystawienia: 2026-05-19
SPRZEDAWCA:
Nazwa: Orlen Paliwa Sp. z o.o.
NIP: 5261040828
Pozycja Netto [PLN] VAT Brutto [PLN]
Benzyna Pb95 783.69 23% 963.94
Opnata autostradowa A2 120.92 23% 148.73
Razem Netto: 904.61 PLN
Razem VAT: 208.06 PLN
DO ZAPLATY: 1112.67 PLN",TRAVEL_FLEET
faktura_117.pdf,1234567890,"FAKTURA VAT: FV/1984/6314
Data wystawienia: 2026-09-22
SPRZEDAWCA:
Nazwa: Amazon Web Services EMEA
NIP: 1234567890
Pozycja Netto [PLN] VAT Brutto [PLN]
Licencja JetBrains 406.65 23% 500.18
Subskrypcja Azure Cloud 1351.36 23% 1662.17
Razem Netto: 1758.01 PLN
Razem VAT: 404.34 PLN
DO ZAPLATY: 2162.35 PLN",IT_SERVICES
faktura_118.pdf,5261040828,"FAKTURA VAT: FV/1986/3950
Data wystawienia: 2026-09-17
SPRZEDAWCA:
Nazwa: Orlen Paliwa Sp. z o.o.
NIP: 5261040828
Pozycja Netto [PLN] VAT Brutto [PLN]
Hotel Warszawa doba 1269.28 23% 1561.21
Opnata autostradowa A2 1478.73 23% 1818.84
Olej napndowy Verva 618.86 23% 761.20
Razem Netto: 3366.87 PLN
Razem VAT: 774.38 PLN
DO ZAPLATY: 4141.25 PLN",TRAVEL_FLEET
faktura_119.pdf,5261040828,"FAKTURA VAT: FV/1976/5161
Data wystawienia: 2026-05-18
SPRZEDAWCA:
Nazwa: Orlen Paliwa Sp. z o.o.
NIP: 5261040828
Pozycja Netto [PLN] VAT Brutto [PLN]
Opnata autostradowa A2 1389.17 23% 1708.68
Hotel Warszawa doba 230.96 23% 284.08
Razem Netto: 1620.13 PLN
Razem VAT: 372.63 PLN
DO ZAPLATY: 1992.76 PLN",TRAVEL_FLEET
faktura_120.pdf,5859232267,"FAKTURA VAT: FV/2023/6661
Data wystawienia: 2026-08-06
SPRZEDAWCA:
Nazwa: Filus Sp.k.
NIP: 5859232267
Pozycja Netto [PLN] VAT Brutto [PLN]
Domena internetowa 1169.25 23% 1438.18
Licencja JetBrains 790.20 23% 971.95
Subskrypcja Azure Cloud 2498.47 23% 3073.12
Razem Netto: 4457.92 PLN
Razem VAT: 1025.33 PLN
DO ZAPLATY: 5483.25 PLN",IT_SERVICES
faktura_121.pdf,9876543210,"FAKTURA VAT: FV/1992/8916
Data wystawienia: 2026-06-09
SPRZEDAWCA:
Nazwa: Biuromax Artykuny Biurowe
NIP: 9876543210
Pozycja Netto [PLN] VAT Brutto [PLN]
Kawa ziarnista Arabica 1kg 2482.10 23% 3052.98
Segregator biurowy 773.32 23% 951.18
Toner do drukarki HP 2445.96 23% 3008.53
Razem Netto: 5701.38 PLN
Razem VAT: 1311.31 PLN
DO ZAPLATY: 7012.69 PLN",OFFICE_SUPPLIES
faktura_122.pdf,5261040828,"FAKTURA VAT: FV/2024/7484
Data wystawienia: 2026-09-18
SPRZEDAWCA:
Nazwa: Orlen Paliwa Sp. z o.o.
NIP: 5261040828
Pozycja Netto [PLN] VAT Brutto [PLN]
Hotel Warszawa doba 1537.31 23% 1890.89
Benzyna Pb95 913.19 23% 1123.22
Olej napndowy Verva 1609.71 23% 1979.94
Razem Netto: 4060.21 PLN
Razem VAT: 933.84 PLN
DO ZAPLATY: 4994.05 PLN",TRAVEL_FLEET
faktura_123.pdf,5213456789,"FAKTURA VAT: FV/2020/5106
Data wystawienia: 2026-04-07
SPRZEDAWCA:
Nazwa: Dell Polska Sp. z o.o.
NIP: 5213456789
Pozycja Netto [PLN] VAT Brutto [PLN]
Monitor Dell 27 cali 806.89 23% 992.47
Laptop Lenovo ThinkPad 1130.02 23% 1389.92
Kabel USB-C 1469.96 23% 1808.05
Razem Netto: 3406.87 PLN
Razem VAT: 783.57 PLN
DO ZAPLATY: 4190.44 PLN",IT_HARDWARE
faktura_124.pdf,1234567890,"FAKTURA VAT: FV/1988/3153
Data wystawienia: 2026-03-03
SPRZEDAWCA:
Nazwa: Amazon Web Services EMEA
NIP: 1234567890
Pozycja Netto [PLN] VAT Brutto [PLN]
Domena internetowa 541.95 23% 666.60
Hosting serwera VPS 1976.96 23% 2431.66
Razem Netto: 2518.91 PLN
Razem VAT: 579.35 PLN
DO ZAPLATY: 3098.26 PLN",IT_SERVICES
faktura_125.pdf,1234567890,"FAKTURA VAT: FV/2023/6994
Data wystawienia: 2026-02-11
SPRZEDAWCA:
Nazwa: Amazon Web Services EMEA
NIP: 1234567890
Pozycja Netto [PLN] VAT Brutto [PLN]
Licencja JetBrains 2289.42 23% 2815.99
Razem Netto: 2289.42 PLN
Razem VAT: 526.57 PLN
DO ZAPLATY: 2815.99 PLN",IT_SERVICES
faktura_126.pdf,6573375433,"FAKTURA VAT: FV/1996/8894
Data wystawienia: 2026-01-16
SPRZEDAWCA:
Nazwa: Jurczuk-Czerkies S.A.
NIP: 6573375433
Pozycja Netto [PLN] VAT Brutto [PLN]
Licencja JetBrains 2409.09 23% 2963.18
Hosting serwera VPS 394.85 23% 485.67
Subskrypcja Azure Cloud 2417.93 23% 2974.05
Razem Netto: 5221.87 PLN
Razem VAT: 1201.03 PLN
DO ZAPLATY: 6422.90 PLN",IT_SERVICES
faktura_127.pdf,4361458685,"FAKTURA VAT: FV/1997/7511
Data wystawienia: 2026-05-08
SPRZEDAWCA:
Nazwa: Grupa Sycz
NIP: 4361458685
Pozycja Netto [PLN] VAT Brutto [PLN]
Domena internetowa 84.10 23% 103.44
Razem Netto: 84.10 PLN
Razem VAT: 19.34 PLN
DO ZAPLATY: 103.44 PLN",IT_SERVICES
faktura_128.pdf,1234567890,"FAKTURA VAT: FV/1987/9791
Data wystawienia: 2026-03-11
SPRZEDAWCA:
Nazwa: Amazon Web Services EMEA
NIP: 1234567890
Pozycja Netto [PLN] VAT Brutto [PLN]
Licencja JetBrains 2064.92 23% 2539.85
Domena internetowa 2353.72 23% 2895.08
Subskrypcja Azure Cloud 315.45 23% 388.00
Razem Netto: 4734.09 PLN
Razem VAT: 1088.84 PLN
DO ZAPLATY: 5822.93 PLN",IT_SERVICES
faktura_129.pdf,1234567890,"FAKTURA VAT: FV/2009/4830
Data wystawienia: 2026-04-14
SPRZEDAWCA:
Nazwa: Amazon Web Services EMEA
NIP: 1234567890
Pozycja Netto [PLN] VAT Brutto [PLN]
Subskrypcja Azure Cloud 1606.74 23% 1976.29
Licencja JetBrains 1187.46 23% 1460.58
Hosting serwera VPS 1767.64 23% 2174.20
Razem Netto: 4561.84 PLN
Razem VAT: 1049.23 PLN
DO ZAPLATY: 5611.07 PLN",IT_SERVICES
faktura_130.pdf,5261040828,"FAKTURA VAT: FV/1972/7689
Data wystawienia: 2026-02-12
SPRZEDAWCA:
Nazwa: Orlen Paliwa Sp. z o.o.
NIP: 5261040828
Pozycja Netto [PLN] VAT Brutto [PLN]
Opnata autostradowa A2 2490.02 23% 3062.72
Razem Netto: 2490.02 PLN
Razem VAT: 572.70 PLN
DO ZAPLATY: 3062.72 PLN",TRAVEL_FLEET
faktura_131.pdf,5213456789,"FAKTURA VAT: FV/2010/2902
Data wystawienia: 2026-06-18
SPRZEDAWCA:
Nazwa: Dell Polska Sp. z o.o.
NIP: 5213456789
Pozycja Netto [PLN] VAT Brutto [PLN]
Kabel USB-C 1692.69 23% 2082.01
Klawiatura mechaniczna 1870.69 23% 2300.95
Razem Netto: 3563.38 PLN
Razem VAT: 819.58 PLN
DO ZAPLATY: 4382.96 PLN",IT_HARDWARE
faktura_132.pdf,5213456789,"FAKTURA VAT: FV/1993/9850
Data wystawienia: 2026-05-02
SPRZEDAWCA:
Nazwa: Dell Polska Sp. z o.o.
NIP: 5213456789
Pozycja Netto [PLN] VAT Brutto [PLN]
Monitor Dell 27 cali 1558.35 23% 1916.77
Klawiatura mechaniczna 2350.68 23% 2891.34
Razem Netto: 3909.03 PLN
Razem VAT: 899.08 PLN
DO ZAPLATY: 4808.11 PLN",IT_HARDWARE
faktura_133.pdf,1234567890,"FAKTURA VAT: FV/1999/5583
Data wystawienia: 2026-08-24
SPRZEDAWCA:
Nazwa: Amazon Web Services EMEA
NIP: 1234567890
Pozycja Netto [PLN] VAT Brutto [PLN]
Domena internetowa 1139.50 23% 1401.59
Razem Netto: 1139.50 PLN
Razem VAT: 262.09 PLN
DO ZAPLATY: 1401.59 PLN",IT_SERVICES
faktura_134.pdf,5619340603,"FAKTURA VAT: FV/2004/4868
Data wystawienia: 2026-02-14
SPRZEDAWCA:
Nazwa: Gabinety Lamch-Jaje Sp.k.
NIP: 5619340603
Pozycja Netto [PLN] VAT Brutto [PLN]
Opnata autostradowa A2 198.35 23% 243.97
Hotel Warszawa doba 725.91 23% 892.87
Benzyna Pb95 2422.11 23% 2979.20
Razem Netto: 3346.37 PLN
Razem VAT: 769.67 PLN
DO ZAPLATY: 4116.04 PLN",TRAVEL_FLEET
faktura_135.pdf,5213456789,"FAKTURA VAT: FV/2020/8450
Data wystawienia: 2026-09-18
SPRZEDAWCA:
Nazwa: Dell Polska Sp. z o.o.
NIP: 5213456789
Pozycja Netto [PLN] VAT Brutto [PLN]
Monitor Dell 27 cali 646.74 23% 795.49
Kabel USB-C 358.51 23% 440.97
Klawiatura mechaniczna 1433.22 23% 1762.86
Razem Netto: 2438.47 PLN
Razem VAT: 560.85 PLN
DO ZAPLATY: 2999.32 PLN",IT_HARDWARE
faktura_136.pdf,5213456789,"FAKTURA VAT: FV/1983/2124
Data wystawienia: 2026-05-22
SPRZEDAWCA:
Nazwa: Dell Polska Sp. z o.o.
NIP: 5213456789
Pozycja Netto [PLN] VAT Brutto [PLN]
Klawiatura mechaniczna 1947.20 23% 2395.06
Monitor Dell 27 cali 1982.18 23% 2438.08
Kabel USB-C 1510.16 23% 1857.50
Razem Netto: 5439.54 PLN
Razem VAT: 1251.10 PLN
DO ZAPLATY: 6690.64 PLN",IT_HARDWARE
faktura_137.pdf,8975951489,"FAKTURA VAT: FV/1999/5542
Data wystawienia: 2026-01-28
SPRZEDAWCA:
Nazwa: FPUH Ziarnik
NIP: 8975951489
Pozycja Netto [PLN] VAT Brutto [PLN]
Laptop Lenovo ThinkPad 2006.36 23% 2467.82
Razem Netto: 2006.36 PLN
Razem VAT: 461.46 PLN
DO ZAPLATY: 2467.82 PLN",IT_HARDWARE
faktura_138.pdf,5261040828,"FAKTURA VAT: FV/1992/2801
Data wystawienia: 2026-06-06
SPRZEDAWCA:
Nazwa: Orlen Paliwa Sp. z o.o.
NIP: 5261040828
Pozycja Netto [PLN] VAT Brutto [PLN]
Olej napndowy Verva 927.69 23% 1141.06
Razem Netto: 927.69 PLN
Razem VAT: 213.37 PLN
DO ZAPLATY: 1141.06 PLN",TRAVEL_FLEET
faktura_139.pdf,5261040828,"FAKTURA VAT: FV/2017/4898
Data wystawienia: 2026-04-25
SPRZEDAWCA:
Nazwa: Orlen Paliwa Sp. z o.o.
NIP: 5261040828
Pozycja Netto [PLN] VAT Brutto [PLN]
Opnata autostradowa A2 178.38 23% 219.41
Razem Netto: 178.38 PLN
Razem VAT: 41.03 PLN
DO ZAPLATY: 219.41 PLN",TRAVEL_FLEET
faktura_140.pdf,5261040828,"FAKTURA VAT: FV/2007/7897
Data wystawienia: 2026-02-19
SPRZEDAWCA:
Nazwa: Orlen Paliwa Sp. z o.o.
NIP: 5261040828
Pozycja Netto [PLN] VAT Brutto [PLN]
Hotel Warszawa doba 1307.43 23% 1608.14
Benzyna Pb95 317.18 23% 390.13
Razem Netto: 1624.61 PLN
Razem VAT: 373.66 PLN
DO ZAPLATY: 1998.27 PLN",TRAVEL_FLEET
faktura_141.pdf,5261040828,"FAKTURA VAT: FV/1983/9254
Data wystawienia: 2026-06-13
SPRZEDAWCA:
Nazwa: Orlen Paliwa Sp. z o.o.
NIP: 5261040828
Pozycja Netto [PLN] VAT Brutto [PLN]
Opnata autostradowa A2 199.02 23% 244.79
Benzyna Pb95 1223.51 23% 1504.92
Olej napndowy Verva 1033.96 23% 1271.77
Razem Netto: 2456.49 PLN
Razem VAT: 564.99 PLN
DO ZAPLATY: 3021.48 PLN",TRAVEL_FLEET
faktura_142.pdf,9876543210,"FAKTURA VAT: FV/2015/2768
Data wystawienia: 2026-05-28
SPRZEDAWCA:
Nazwa: Biuromax Artykuny Biurowe
NIP: 9876543210
Pozycja Netto [PLN] VAT Brutto [PLN]
Papier ksero A4 5 ryz 839.17 23% 1032.18
Razem Netto: 839.17 PLN
Razem VAT: 193.01 PLN
DO ZAPLATY: 1032.18 PLN",OFFICE_SUPPLIES
faktura_143.pdf,1234567890,"FAKTURA VAT: FV/2016/3430
Data wystawienia: 2026-03-09
SPRZEDAWCA:
Nazwa: Amazon Web Services EMEA
NIP: 1234567890
Pozycja Netto [PLN] VAT Brutto [PLN]
Licencja JetBrains 1161.60 23% 1428.77
Subskrypcja Azure Cloud 1533.30 23% 1885.96
Domena internetowa 292.99 23% 360.38
Razem Netto: 2987.89 PLN
Razem VAT: 687.22 PLN
DO ZAPLATY: 3675.11 PLN",IT_SERVICES
faktura_144.pdf,4626804434,"FAKTURA VAT: FV/2011/2874
Data wystawienia: 2026-08-10
SPRZEDAWCA:
Nazwa: Gabinety Ryznar s.c.
NIP: 4626804434
Pozycja Netto [PLN] VAT Brutto [PLN]
Kabel USB-C 1063.84 23% 1308.52
Monitor Dell 27 cali 2077.18 23% 2554.93
Razem Netto: 3141.02 PLN
Razem VAT: 722.43 PLN
DO ZAPLATY: 3863.45 PLN",IT_HARDWARE
faktura_145.pdf,5261040828,"FAKTURA VAT: FV/2014/7532
Data wystawienia: 2026-05-06
SPRZEDAWCA:
Nazwa: Orlen Paliwa Sp. z o.o.
NIP: 5261040828
Pozycja Netto [PLN] VAT Brutto [PLN]
Hotel Warszawa doba 1679.51 23% 2065.80
Benzyna Pb95 967.04 23% 1189.46
Razem Netto: 2646.55 PLN
Razem VAT: 608.71 PLN
DO ZAPLATY: 3255.26 PLN",TRAVEL_FLEET
faktura_146.pdf,9876543210,"FAKTURA VAT: FV/2001/3500
Data wystawienia: 2026-06-21
SPRZEDAWCA:
Nazwa: Biuromax Artykuny Biurowe
NIP: 9876543210
Pozycja Netto [PLN] VAT Brutto [PLN]
Papier ksero A4 5 ryz 2087.84 23% 2568.04
Razem Netto: 2087.84 PLN
Razem VAT: 480.20 PLN
DO ZAPLATY: 2568.04 PLN",OFFICE_SUPPLIES
faktura_147.pdf,1234567890,"FAKTURA VAT: FV/2000/2527
Data wystawienia: 2026-09-20
SPRZEDAWCA:
Nazwa: Amazon Web Services EMEA
NIP: 1234567890
Pozycja Netto [PLN] VAT Brutto [PLN]
Hosting serwera VPS 1486.84 23% 1828.81
Razem Netto: 1486.84 PLN
Razem VAT: 341.97 PLN
DO ZAPLATY: 1828.81 PLN",IT_SERVICES
faktura_148.pdf,9876543210,"FAKTURA VAT: FV/1984/6400
Data wystawienia: 2026-07-18
SPRZEDAWCA:
Nazwa: Biuromax Artykuny Biurowe
NIP: 9876543210
Pozycja Netto [PLN] VAT Brutto [PLN]
Segregator biurowy 176.04 23% 216.53
Kawa ziarnista Arabica 1kg 754.69 23% 928.27
Razem Netto: 930.73 PLN
Razem VAT: 214.07 PLN
DO ZAPLATY: 1144.80 PLN",OFFICE_SUPPLIES
faktura_149.pdf,5213456789,"FAKTURA VAT: FV/2002/6119
Data wystawienia: 2026-03-07
SPRZEDAWCA:
Nazwa: Dell Polska Sp. z o.o.
NIP: 5213456789
Pozycja Netto [PLN] VAT Brutto [PLN]
Kabel USB-C 599.40 23% 737.26
Razem Netto: 599.40 PLN
Razem VAT: 137.86 PLN
DO ZAPLATY: 737.26 PLN",IT_HARDWARE
faktura_150.pdf,1234567890,"FAKTURA VAT: FV/2014/2773
Data wystawienia: 2026-02-02
SPRZEDAWCA:
Nazwa: Amazon Web Services EMEA
NIP: 1234567890
Pozycja Netto [PLN] VAT Brutto [PLN]
Licencja JetBrains 1456.55 23% 1791.56
Razem Netto: 1456.55 PLN
Razem VAT: 335.01 PLN
DO ZAPLATY: 1791.56 PLN",IT_SERVICES
faktura_151.pdf,5261040828,"FAKTURA VAT: FV/1989/8030
Data wystawienia: 2026-07-20
SPRZEDAWCA:
Nazwa: Orlen Paliwa Sp. z o.o.
NIP: 5261040828
Pozycja Netto [PLN] VAT Brutto [PLN]
Opnata autostradowa A2 719.51 23% 885.00
Olej napndowy Verva 1917.90 23% 2359.02
Hotel Warszawa doba 2307.77 23% 2838.56
Razem Netto: 4945.18 PLN
Razem VAT: 1137.40 PLN
DO ZAPLATY: 6082.58 PLN",TRAVEL_FLEET
faktura_152.pdf,5213456789,"FAKTURA VAT: FV/2015/6751
Data wystawienia: 2026-09-03
SPRZEDAWCA:
Nazwa: Dell Polska Sp. z o.o.
NIP: 5213456789
Pozycja Netto [PLN] VAT Brutto [PLN]
Kabel USB-C 1865.37 23% 2294.41
Monitor Dell 27 cali 2430.94 23% 2990.06
Laptop Lenovo ThinkPad 274.81 23% 338.02
Razem Netto: 4571.12 PLN
Razem VAT: 1051.37 PLN
DO ZAPLATY: 5622.49 PLN",IT_HARDWARE
faktura_153.pdf,9876543210,"FAKTURA VAT: FV/2012/9691
Data wystawienia: 2026-05-11
SPRZEDAWCA:
Nazwa: Biuromax Artykuny Biurowe
NIP: 9876543210
Pozycja Netto [PLN] VAT Brutto [PLN]
Kawa ziarnista Arabica 1kg 956.63 23% 1176.65
Papier ksero A4 5 ryz 1817.91 23% 2236.03
Razem Netto: 2774.54 PLN
Razem VAT: 638.14 PLN
DO ZAPLATY: 3412.68 PLN",OFFICE_SUPPLIES
faktura_154.pdf,9164332008,"FAKTURA VAT: FV/1976/2391
Data wystawienia: 2026-04-02
SPRZEDAWCA:
Nazwa: Buchalik-Domowicz i syn s.c.
NIP: 9164332008
Pozycja Netto [PLN] VAT Brutto [PLN]
Monitor Dell 27 cali 1701.22 23% 2092.50
Razem Netto: 1701.22 PLN
Razem VAT: 391.28 PLN
DO ZAPLATY: 2092.50 PLN",IT_HARDWARE
faktura_155.pdf,9876543210,"FAKTURA VAT: FV/2022/5458
Data wystawienia: 2026-01-29
SPRZEDAWCA:
Nazwa: Biuromax Artykuny Biurowe
NIP: 9876543210
Pozycja Netto [PLN] VAT Brutto [PLN]
Segregator biurowy 719.26 23% 884.69
Toner do drukarki HP 1899.61 23% 2336.52
Razem Netto: 2618.87 PLN
Razem VAT: 602.34 PLN
DO ZAPLATY: 3221.21 PLN",OFFICE_SUPPLIES
faktura_156.pdf,5261040828,"FAKTURA VAT: FV/2000/2864
Data wystawienia: 2026-06-10
SPRZEDAWCA:
Nazwa: Orlen Paliwa Sp. z o.o.
NIP: 5261040828
Pozycja Netto [PLN] VAT Brutto [PLN]
Hotel Warszawa doba 1684.47 23% 2071.90
Opnata autostradowa A2 161.27 23% 198.36
Razem Netto: 1845.74 PLN
Razem VAT: 424.52 PLN
DO ZAPLATY: 2270.26 PLN",TRAVEL_FLEET
faktura_157.pdf,3316763203,"FAKTURA VAT: FV/2012/7475
Data wystawienia: 2026-08-12
SPRZEDAWCA:
Nazwa: Zmynlony Sp.j.
NIP: 3316763203
Pozycja Netto [PLN] VAT Brutto [PLN]
Benzyna Pb95 788.48 23% 969.83
Razem Netto: 788.48 PLN
Razem VAT: 181.35 PLN
DO ZAPLATY: 969.83 PLN",TRAVEL_FLEET
faktura_158.pdf,1234567890,"FAKTURA VAT: FV/1984/4460
Data wystawienia: 2026-03-10
SPRZEDAWCA:
Nazwa: Amazon Web Services EMEA
NIP: 1234567890
Pozycja Netto [PLN] VAT Brutto [PLN]
Licencja JetBrains 68.94 23% 84.80
Hosting serwera VPS 1880.18 23% 2312.62
Razem Netto: 1949.12 PLN
Razem VAT: 448.30 PLN
DO ZAPLATY: 2397.42 PLN",IT_SERVICES
faktura_159.pdf,5213456789,"FAKTURA VAT: FV/2024/3878
Data wystawienia: 2026-09-28
SPRZEDAWCA:
Nazwa: Dell Polska Sp. z o.o.
NIP: 5213456789
Pozycja Netto [PLN] VAT Brutto [PLN]
Laptop Lenovo ThinkPad 2161.32 23% 2658.42
Monitor Dell 27 cali 153.64 23% 188.98
Klawiatura mechaniczna 95.92 23% 117.98
Razem Netto: 2410.88 PLN
Razem VAT: 554.50 PLN
DO ZAPLATY: 2965.38 PLN",IT_HARDWARE
faktura_160.pdf,1578317277,"FAKTURA VAT: FV/2005/2275
Data wystawienia: 2026-06-30
SPRZEDAWCA:
Nazwa: PPUH Gwizdek-Sularz i syn s.c.
NIP: 1578317277
Pozycja Netto [PLN] VAT Brutto [PLN]
Segregator biurowy 759.31 23% 933.95
Kawa ziarnista Arabica 1kg 1042.33 23% 1282.07
Toner do drukarki HP 2417.19 23% 2973.14
Razem Netto: 4218.83 PLN
Razem VAT: 970.33 PLN
DO ZAPLATY: 5189.16 PLN",OFFICE_SUPPLIES
faktura_161.pdf,9876543210,"FAKTURA VAT: FV/2000/3815
Data wystawienia: 2026-08-26
SPRZEDAWCA:
Nazwa: Biuromax Artykuny Biurowe
NIP: 9876543210
Pozycja Netto [PLN] VAT Brutto [PLN]
Kawa ziarnista Arabica 1kg 2118.99 23% 2606.36
Papier ksero A4 5 ryz 646.13 23% 794.74
Toner do drukarki HP 1492.73 23% 1836.06
Razem Netto: 4257.85 PLN
Razem VAT: 979.31 PLN
DO ZAPLATY: 5237.16 PLN",OFFICE_SUPPLIES
faktura_162.pdf,1234567890,"FAKTURA VAT: FV/2025/9584
Data wystawienia: 2026-07-16
SPRZEDAWCA:
Nazwa: Amazon Web Services EMEA
NIP: 1234567890
Pozycja Netto [PLN] VAT Brutto [PLN]
Licencja JetBrains 1958.84 23% 2409.37
Hosting serwera VPS 237.13 23% 291.67
Subskrypcja Azure Cloud 1601.40 23% 1969.72
Razem Netto: 3797.37 PLN
Razem VAT: 873.39 PLN
DO ZAPLATY: 4670.76 PLN",IT_SERVICES
faktura_163.pdf,1234567890,"FAKTURA VAT: FV/1999/9693
Data wystawienia: 2026-08-01
SPRZEDAWCA:
Nazwa: Amazon Web Services EMEA
NIP: 1234567890
Pozycja Netto [PLN] VAT Brutto [PLN]
Subskrypcja Azure Cloud 301.87 23% 371.30
Hosting serwera VPS 677.12 23% 832.86
Razem Netto: 978.99 PLN
Razem VAT: 225.17 PLN
DO ZAPLATY: 1204.16 PLN",IT_SERVICES
faktura_164.pdf,5261040828,"FAKTURA VAT: FV/2000/3842
Data wystawienia: 2026-03-03
SPRZEDAWCA:
Nazwa: Orlen Paliwa Sp. z o.o.
NIP: 5261040828
Pozycja Netto [PLN] VAT Brutto [PLN]
Hotel Warszawa doba 1186.69 23% 1459.63
Razem Netto: 1186.69 PLN
Razem VAT: 272.94 PLN
DO ZAPLATY: 1459.63 PLN",TRAVEL_FLEET
faktura_165.pdf,1234567890,"FAKTURA VAT: FV/2020/8354
Data wystawienia: 2026-07-04
SPRZEDAWCA:
Nazwa: Amazon Web Services EMEA
NIP: 1234567890
Pozycja Netto [PLN] VAT Brutto [PLN]
Licencja JetBrains 217.30 23% 267.28
Hosting serwera VPS 1133.41 23% 1394.09
Subskrypcja Azure Cloud 791.91 23% 974.05
Razem Netto: 2142.62 PLN
Razem VAT: 492.80 PLN
DO ZAPLATY: 2635.42 PLN",IT_SERVICES
faktura_166.pdf,1234567890,"FAKTURA VAT: FV/2000/5500
Data wystawienia: 2026-04-11
SPRZEDAWCA:
Nazwa: Amazon Web Services EMEA
NIP: 1234567890
Pozycja Netto [PLN] VAT Brutto [PLN]
Hosting serwera VPS 1157.19 23% 1423.34
Subskrypcja Azure Cloud 189.38 23% 232.94
Licencja JetBrains 2087.66 23% 2567.82
Razem Netto: 3434.23 PLN
Razem VAT: 789.87 PLN
DO ZAPLATY: 4224.10 PLN",IT_SERVICES
faktura_167.pdf,5261040828,"FAKTURA VAT: FV/2021/2257
Data wystawienia: 2026-04-07
SPRZEDAWCA:
Nazwa: Orlen Paliwa Sp. z o.o.
NIP: 5261040828
Pozycja Netto [PLN] VAT Brutto [PLN]
Hotel Warszawa doba 1151.85 23% 1416.78
Benzyna Pb95 2034.05 23% 2501.88
Olej napndowy Verva 1647.00 23% 2025.81
Razem Netto: 4832.90 PLN
Razem VAT: 1111.57 PLN
DO ZAPLATY: 5944.47 PLN",TRAVEL_FLEET
faktura_168.pdf,5213456789,"FAKTURA VAT: FV/2013/6267
Data wystawienia: 2026-04-18
SPRZEDAWCA:
Nazwa: Dell Polska Sp. z o.o.
NIP: 5213456789
Pozycja Netto [PLN] VAT Brutto [PLN]
Kabel USB-C 303.58 23% 373.40
Razem Netto: 303.58 PLN
Razem VAT: 69.82 PLN
DO ZAPLATY: 373.40 PLN",IT_HARDWARE
faktura_169.pdf,6743471438,"FAKTURA VAT: FV/2022/6626
Data wystawienia: 2026-07-22
SPRZEDAWCA:
Nazwa: Stowarzyszenie Wochnik
NIP: 6743471438
Pozycja Netto [PLN] VAT Brutto [PLN]
Benzyna Pb95 1783.67 23% 2193.91
Olej napndowy Verva 2477.92 23% 3047.84
Opnata autostradowa A2 1333.97 23% 1640.78
Razem Netto: 5595.56 PLN
Razem VAT: 1286.97 PLN
DO ZAPLATY: 6882.53 PLN",TRAVEL_FLEET
faktura_170.pdf,1234567890,"FAKTURA VAT: FV/2006/3600
Data wystawienia: 2026-02-01
SPRZEDAWCA:
Nazwa: Amazon Web Services EMEA
NIP: 1234567890
Pozycja Netto [PLN] VAT Brutto [PLN]
Domena internetowa 1713.30 23% 2107.36
Subskrypcja Azure Cloud 178.30 23% 219.31
Razem Netto: 1891.60 PLN
Razem VAT: 435.07 PLN
DO ZAPLATY: 2326.67 PLN",IT_SERVICES
faktura_171.pdf,5261040828,"FAKTURA VAT: FV/1979/6482
Data wystawienia: 2026-02-28
SPRZEDAWCA:
Nazwa: Orlen Paliwa Sp. z o.o.
NIP: 5261040828
Pozycja Netto [PLN] VAT Brutto [PLN]
Hotel Warszawa doba 1823.15 23% 2242.47
Benzyna Pb95 1658.58 23% 2040.05
Opnata autostradowa A2 2270.54 23% 2792.76
Razem Netto: 5752.27 PLN
Razem VAT: 1323.01 PLN
DO ZAPLATY: 7075.28 PLN",TRAVEL_FLEET
faktura_172.pdf,5213456789,"FAKTURA VAT: FV/1985/3463
Data wystawienia: 2026-05-29
SPRZEDAWCA:
Nazwa: Dell Polska Sp. z o.o.
NIP: 5213456789
Pozycja Netto [PLN] VAT Brutto [PLN]
Laptop Lenovo ThinkPad 1761.28 23% 2166.37
Kabel USB-C 1010.30 23% 1242.67
Razem Netto: 2771.58 PLN
Razem VAT: 637.46 PLN
DO ZAPLATY: 3409.04 PLN",IT_HARDWARE
faktura_173.pdf,9876543210,"FAKTURA VAT: FV/2017/2388
Data wystawienia: 2026-03-01
SPRZEDAWCA:
Nazwa: Biuromax Artykuny Biurowe
NIP: 9876543210
Pozycja Netto [PLN] VAT Brutto [PLN]
Kawa ziarnista Arabica 1kg 1632.76 23% 2008.29
Papier ksero A4 5 ryz 1087.35 23% 1337.44
Segregator biurowy 936.48 23% 1151.87
Razem Netto: 3656.59 PLN
Razem VAT: 841.01 PLN
DO ZAPLATY: 4497.60 PLN",OFFICE_SUPPLIES
faktura_174.pdf,5213456789,"FAKTURA VAT: FV/2018/6940
Data wystawienia: 2026-03-25
SPRZEDAWCA:
Nazwa: Dell Polska Sp. z o.o.
NIP: 5213456789
Pozycja Netto [PLN] VAT Brutto [PLN]
Kabel USB-C 605.03 23% 744.19
Monitor Dell 27 cali 387.04 23% 476.06
Razem Netto: 992.07 PLN
Razem VAT: 228.18 PLN
DO ZAPLATY: 1220.25 PLN",IT_HARDWARE
faktura_175.pdf,5261040828,"FAKTURA VAT: FV/1974/2264
Data wystawienia: 2026-06-11
SPRZEDAWCA:
Nazwa: Orlen Paliwa Sp. z o.o.
NIP: 5261040828
Pozycja Netto [PLN] VAT Brutto [PLN]
Olej napndowy Verva 2197.16 23% 2702.51
Opnata autostradowa A2 1564.18 23% 1923.94
Benzyna Pb95 1513.25 23% 1861.30
Razem Netto: 5274.59 PLN
Razem VAT: 1213.16 PLN
DO ZAPLATY: 6487.75 PLN",TRAVEL_FLEET
faktura_176.pdf,5213456789,"FAKTURA VAT: FV/1997/3527
Data wystawienia: 2026-05-09
SPRZEDAWCA:
Nazwa: Dell Polska Sp. z o.o.
NIP: 5213456789
Pozycja Netto [PLN] VAT Brutto [PLN]
Kabel USB-C 942.53 23% 1159.31
Monitor Dell 27 cali 1812.98 23% 2229.97
Klawiatura mechaniczna 2425.49 23% 2983.35
Razem Netto: 5181.00 PLN
Razem VAT: 1191.63 PLN
DO ZAPLATY: 6372.63 PLN",IT_HARDWARE
faktura_177.pdf,9876543210,"FAKTURA VAT: FV/2006/5668
Data wystawienia: 2026-06-30
SPRZEDAWCA:
Nazwa: Biuromax Artykuny Biurowe
NIP: 9876543210
Pozycja Netto [PLN] VAT Brutto [PLN]
Toner do drukarki HP 808.20 23% 994.09
Razem Netto: 808.20 PLN
Razem VAT: 185.89 PLN
DO ZAPLATY: 994.09 PLN",OFFICE_SUPPLIES
faktura_178.pdf,3446690968,"FAKTURA VAT: FV/1998/8684
Data wystawienia: 2026-01-25
SPRZEDAWCA:
Nazwa: Grupa Szyguna Sp. z o.o. Sp.k.
NIP: 3446690968
Pozycja Netto [PLN] VAT Brutto [PLN]
Kabel USB-C 1935.12 23% 2380.20
Klawiatura mechaniczna 1956.40 23% 2406.37
Razem Netto: 3891.52 PLN
Razem VAT: 895.05 PLN
DO ZAPLATY: 4786.57 PLN",IT_HARDWARE
faktura_179.pdf,5213456789,"FAKTURA VAT: FV/2021/9239
Data wystawienia: 2026-06-01
SPRZEDAWCA:
Nazwa: Dell Polska Sp. z o.o.
NIP: 5213456789
Pozycja Netto [PLN] VAT Brutto [PLN]
Klawiatura mechaniczna 2188.85 23% 2692.29
Razem Netto: 2188.85 PLN
Razem VAT: 503.44 PLN
DO ZAPLATY: 2692.29 PLN",IT_HARDWARE
faktura_180.pdf,1234567890,"FAKTURA VAT: FV/1998/1854
Data wystawienia: 2026-07-29
SPRZEDAWCA:
Nazwa: Amazon Web Services EMEA
NIP: 1234567890
Pozycja Netto [PLN] VAT Brutto [PLN]
Hosting serwera VPS 748.40 23% 920.53
Licencja JetBrains 1919.64 23% 2361.16
Domena internetowa 718.34 23% 883.56
Razem Netto: 3386.38 PLN
Razem VAT: 778.87 PLN
DO ZAPLATY: 4165.25 PLN",IT_SERVICES
faktura_181.pdf,9876543210,"FAKTURA VAT: FV/2020/9410
Data wystawienia: 2026-08-01
SPRZEDAWCA:
Nazwa: Biuromax Artykuny Biurowe
NIP: 9876543210
Pozycja Netto [PLN] VAT Brutto [PLN]
Toner do drukarki HP 2050.92 23% 2522.63
Razem Netto: 2050.92 PLN
Razem VAT: 471.71 PLN
DO ZAPLATY: 2522.63 PLN",OFFICE_SUPPLIES
faktura_182.pdf,3597346708,"FAKTURA VAT: FV/2024/6727
Data wystawienia: 2026-08-23
SPRZEDAWCA:
Nazwa: Stowarzyszenie Pryszcz Sp.k.
NIP: 3597346708
Pozycja Netto [PLN] VAT Brutto [PLN]
Segregator biurowy 1279.92 23% 1574.30
Razem Netto: 1279.92 PLN
Razem VAT: 294.38 PLN
DO ZAPLATY: 1574.30 PLN",OFFICE_SUPPLIES
faktura_183.pdf,5261040828,"FAKTURA VAT: FV/2024/4862
Data wystawienia: 2026-06-07
SPRZEDAWCA:
Nazwa: Orlen Paliwa Sp. z o.o.
NIP: 5261040828
Pozycja Netto [PLN] VAT Brutto [PLN]
Benzyna Pb95 830.78 23% 1021.86
Olej napndowy Verva 292.75 23% 360.08
Razem Netto: 1123.53 PLN
Razem VAT: 258.41 PLN
DO ZAPLATY: 1381.94 PLN",TRAVEL_FLEET
faktura_184.pdf,5213456789,"FAKTURA VAT: FV/2019/6493
Data wystawienia: 2026-03-06
SPRZEDAWCA:
Nazwa: Dell Polska Sp. z o.o.
NIP: 5213456789
Pozycja Netto [PLN] VAT Brutto [PLN]
Laptop Lenovo ThinkPad 2297.62 23% 2826.07
Razem Netto: 2297.62 PLN
Razem VAT: 528.45 PLN
DO ZAPLATY: 2826.07 PLN",IT_HARDWARE
faktura_185.pdf,5213456789,"FAKTURA VAT: FV/2001/8740
Data wystawienia: 2026-02-19
SPRZEDAWCA:
Nazwa: Dell Polska Sp. z o.o.
NIP: 5213456789
Pozycja Netto [PLN] VAT Brutto [PLN]
Kabel USB-C 2269.35 23% 2791.30
Klawiatura mechaniczna 96.56 23% 118.77
Monitor Dell 27 cali 578.35 23% 711.37
Razem Netto: 2944.26 PLN
Razem VAT: 677.18 PLN
DO ZAPLATY: 3621.44 PLN",IT_HARDWARE
faktura_186.pdf,9876543210,"FAKTURA VAT: FV/2012/3449
Data wystawienia: 2026-07-27
SPRZEDAWCA:
Nazwa: Biuromax Artykuny Biurowe
NIP: 9876543210
Pozycja Netto [PLN] VAT Brutto [PLN]
Kawa ziarnista Arabica 1kg 632.22 23% 777.63
Razem Netto: 632.22 PLN
Razem VAT: 145.41 PLN
DO ZAPLATY: 777.63 PLN",OFFICE_SUPPLIES
faktura_187.pdf,9876543210,"FAKTURA VAT: FV/1971/2996
Data wystawienia: 2026-06-03
SPRZEDAWCA:
Nazwa: Biuromax Artykuny Biurowe
NIP: 9876543210
Pozycja Netto [PLN] VAT Brutto [PLN]
Segregator biurowy 2099.88 23% 2582.85
Papier ksero A4 5 ryz 1274.58 23% 1567.73
Kawa ziarnista Arabica 1kg 1363.33 23% 1676.90
Razem Netto: 4737.79 PLN
Razem VAT: 1089.69 PLN
DO ZAPLATY: 5827.48 PLN",OFFICE_SUPPLIES
faktura_188.pdf,5213456789,"FAKTURA VAT: FV/2010/9443
Data wystawienia: 2026-08-08
SPRZEDAWCA:
Nazwa: Dell Polska Sp. z o.o.
NIP: 5213456789
Pozycja Netto [PLN] VAT Brutto [PLN]
Kabel USB-C 1556.28 23% 1914.22
Monitor Dell 27 cali 639.38 23% 786.44
Razem Netto: 2195.66 PLN
Razem VAT: 505.00 PLN
DO ZAPLATY: 2700.66 PLN",IT_HARDWARE
faktura_189.pdf,5261040828,"FAKTURA VAT: FV/2015/7825
Data wystawienia: 2026-01-11
SPRZEDAWCA:
Nazwa: Orlen Paliwa Sp. z o.o.
NIP: 5261040828
Pozycja Netto [PLN] VAT Brutto [PLN]
Opnata autostradowa A2 1006.61 23% 1238.13
Olej napndowy Verva 1201.83 23% 1478.25
Hotel Warszawa doba 1607.39 23% 1977.09
Razem Netto: 3815.83 PLN
Razem VAT: 877.64 PLN
DO ZAPLATY: 4693.47 PLN",TRAVEL_FLEET
faktura_190.pdf,5261040828,"FAKTURA VAT: FV/1975/7116
Data wystawienia: 2026-09-07
SPRZEDAWCA:
Nazwa: Orlen Paliwa Sp. z o.o.
NIP: 5261040828
Pozycja Netto [PLN] VAT Brutto [PLN]
Olej napndowy Verva 640.76 23% 788.13
Benzyna Pb95 1659.91 23% 2041.69
Razem Netto: 2300.67 PLN
Razem VAT: 529.15 PLN
DO ZAPLATY: 2829.82 PLN",TRAVEL_FLEET
faktura_191.pdf,1234567890,"FAKTURA VAT: FV/1999/2698
Data wystawienia: 2026-02-22
SPRZEDAWCA:
Nazwa: Amazon Web Services EMEA
NIP: 1234567890
Pozycja Netto [PLN] VAT Brutto [PLN]
Hosting serwera VPS 913.13 23% 1123.15
Razem Netto: 913.13 PLN
Razem VAT: 210.02 PLN
DO ZAPLATY: 1123.15 PLN",IT_SERVICES
faktura_192.pdf,5213456789,"FAKTURA VAT: FV/2001/6546
Data wystawienia: 2026-03-12
SPRZEDAWCA:
Nazwa: Dell Polska Sp. z o.o.
NIP: 5213456789
Pozycja Netto [PLN] VAT Brutto [PLN]
Kabel USB-C 1597.75 23% 1965.23
Laptop Lenovo ThinkPad 2038.17 23% 2506.95
Klawiatura mechaniczna 204.60 23% 251.66
Razem Netto: 3840.52 PLN
Razem VAT: 883.32 PLN
DO ZAPLATY: 4723.84 PLN",IT_HARDWARE
faktura_193.pdf,5213456789,"FAKTURA VAT: FV/1973/8498
Data wystawienia: 2026-04-12
SPRZEDAWCA:
Nazwa: Dell Polska Sp. z o.o.
NIP: 5213456789
Pozycja Netto [PLN] VAT Brutto [PLN]
Klawiatura mechaniczna 2220.19 23% 2730.83
Razem Netto: 2220.19 PLN
Razem VAT: 510.64 PLN
DO ZAPLATY: 2730.83 PLN",IT_HARDWARE
faktura_194.pdf,3497556464,"FAKTURA VAT: FV/1995/6170
Data wystawienia: 2026-05-08
SPRZEDAWCA:
Nazwa: Gabinety Chachuna
NIP: 3497556464
Pozycja Netto [PLN] VAT Brutto [PLN]
Segregator biurowy 1895.56 23% 2331.54
Toner do drukarki HP 518.20 23% 637.39
Papier ksero A4 5 ryz 924.59 23% 1137.25
Razem Netto: 3338.35 PLN
Razem VAT: 767.83 PLN
DO ZAPLATY: 4106.18 PLN",OFFICE_SUPPLIES
faktura_195.pdf,7450531008,"FAKTURA VAT: FV/2002/1783
Data wystawienia: 2026-01-08
SPRZEDAWCA:
Nazwa: Glanc-Orawiec Sp. z o.o.
NIP: 7450531008
Pozycja Netto [PLN] VAT Brutto [PLN]
Hosting serwera VPS 1120.53 23% 1378.25
Subskrypcja Azure Cloud 1030.05 23% 1266.96
Razem Netto: 2150.58 PLN
Razem VAT: 494.63 PLN
DO ZAPLATY: 2645.21 PLN",IT_SERVICES
faktura_196.pdf,3812719378,"FAKTURA VAT: FV/2012/8204
Data wystawienia: 2026-03-01
SPRZEDAWCA:
Nazwa: Gabinety Bany
NIP: 3812719378
Pozycja Netto [PLN] VAT Brutto [PLN]
Toner do drukarki HP 1745.57 23% 2147.05
Segregator biurowy 950.00 23% 1168.50
Razem Netto: 2695.57 PLN
Razem VAT: 619.98 PLN
DO ZAPLATY: 3315.55 PLN",OFFICE_SUPPLIES
faktura_197.pdf,5261040828,"FAKTURA VAT: FV/1981/9507
Data wystawienia: 2026-08-24
SPRZEDAWCA:
Nazwa: Orlen Paliwa Sp. z o.o.
NIP: 5261040828
Pozycja Netto [PLN] VAT Brutto [PLN]
Hotel Warszawa doba 1526.01 23% 1876.99
Olej napndowy Verva 2064.74 23% 2539.63
Benzyna Pb95 1386.41 23% 1705.28
Razem Netto: 4977.16 PLN
Razem VAT: 1144.74 PLN
DO ZAPLATY: 6121.90 PLN",TRAVEL_FLEET
faktura_198.pdf,1234567890,"FAKTURA VAT: FV/2011/6262
Data wystawienia: 2026-02-14
SPRZEDAWCA:
Nazwa: Amazon Web Services EMEA
NIP: 1234567890
Pozycja Netto [PLN] VAT Brutto [PLN]
Licencja JetBrains 1526.42 23% 1877.50
Subskrypcja Azure Cloud 1093.98 23% 1345.60
Domena internetowa 1739.92 23% 2140.10
Razem Netto: 4360.32 PLN
Razem VAT: 1002.88 PLN
DO ZAPLATY: 5363.20 PLN",IT_SERVICES
faktura_199.pdf,1234567890,"FAKTURA VAT: FV/2022/6759
Data wystawienia: 2026-03-05
SPRZEDAWCA:
Nazwa: Amazon Web Services EMEA
NIP: 1234567890
Pozycja Netto [PLN] VAT Brutto [PLN]
Domena internetowa 233.85 23% 287.64
Subskrypcja Azure Cloud 1611.91 23% 1982.65
Hosting serwera VPS 940.11 23% 1156.34
Razem Netto: 2785.87 PLN
Razem VAT: 640.76 PLN
DO ZAPLATY: 3426.63 PLN",IT_SERVICES
faktura_200.pdf,7890496635,"FAKTURA VAT: FV/1991/3621
Data wystawienia: 2026-02-11
SPRZEDAWCA:
Nazwa: Giel Sp.k.
NIP: 7890496635
Pozycja Netto [PLN] VAT Brutto [PLN]
Kabel USB-C 214.72 23% 264.11
Monitor Dell 27 cali 1957.36 23% 2407.55
Laptop Lenovo ThinkPad 947.50 23% 1165.43
Razem Netto: 3119.58 PLN
Razem VAT: 717.51 PLN
DO ZAPLATY: 3837.09 PLN",IT_HARDWARE
faktura_201.pdf,3851491904,"FAKTURA VAT: FV/2026/7272
Data wystawienia: 2026-09-01
SPRZEDAWCA:
Nazwa: PPUH Skotarek
NIP: 3851491904
Pozycja Netto [PLN] VAT Brutto [PLN]
Benzyna Pb95 2374.62 23% 2920.78
Opnata autostradowa A2 961.43 23% 1182.56
Hotel Warszawa doba 1919.56 23% 2361.06
Razem Netto: 5255.61 PLN
Razem VAT: 1208.79 PLN
DO ZAPLATY: 6464.40 PLN",TRAVEL_FLEET
faktura_202.pdf,9876543210,"FAKTURA VAT: FV/2015/3255
Data wystawienia: 2026-05-24
SPRZEDAWCA:
Nazwa: Biuromax Artykuny Biurowe
NIP: 9876543210
Pozycja Netto [PLN] VAT Brutto [PLN]
Kawa ziarnista Arabica 1kg 2403.27 23% 2956.02
Papier ksero A4 5 ryz 113.49 23% 139.59
Razem Netto: 2516.76 PLN
Razem VAT: 578.85 PLN
DO ZAPLATY: 3095.61 PLN",OFFICE_SUPPLIES
faktura_203.pdf,9876543210,"FAKTURA VAT: FV/1974/4048
Data wystawienia: 2026-07-16
SPRZEDAWCA:
Nazwa: Biuromax Artykuny Biurowe
NIP: 9876543210
Pozycja Netto [PLN] VAT Brutto [PLN]
Papier ksero A4 5 ryz 1774.89 23% 2183.11
Toner do drukarki HP 575.70 23% 708.11
Kawa ziarnista Arabica 1kg 1549.10 23% 1905.39
Razem Netto: 3899.69 PLN
Razem VAT: 896.92 PLN
DO ZAPLATY: 4796.61 PLN",OFFICE_SUPPLIES
faktura_204.pdf,5213456789,"FAKTURA VAT: FV/2014/9047
Data wystawienia: 2026-05-13
SPRZEDAWCA:
Nazwa: Dell Polska Sp. z o.o.
NIP: 5213456789
Pozycja Netto [PLN] VAT Brutto [PLN]
Kabel USB-C 473.01 23% 581.80
Razem Netto: 473.01 PLN
Razem VAT: 108.79 PLN
DO ZAPLATY: 581.80 PLN",IT_HARDWARE
faktura_205.pdf,6791757262,"FAKTURA VAT: FV/1970/8292
Data wystawienia: 2026-06-13
SPRZEDAWCA:
Nazwa: FPUH Bndziuch-Wnsala i syn s.c.
NIP: 6791757262
Pozycja Netto [PLN] VAT Brutto [PLN]
Licencja JetBrains 1397.49 23% 1718.91
Domena internetowa 761.39 23% 936.51
Hosting serwera VPS 784.89 23% 965.41
Razem Netto: 2943.77 PLN
Razem VAT: 677.06 PLN
DO ZAPLATY: 3620.83 PLN",IT_SERVICES
faktura_206.pdf,5213456789,"FAKTURA VAT: FV/2006/3580
Data wystawienia: 2026-07-07
SPRZEDAWCA:
Nazwa: Dell Polska Sp. z o.o.
NIP: 5213456789
Pozycja Netto [PLN] VAT Brutto [PLN]
Klawiatura mechaniczna 2463.57 23% 3030.19
Monitor Dell 27 cali 1990.56 23% 2448.39
Razem Netto: 4454.13 PLN
Razem VAT: 1024.45 PLN
DO ZAPLATY: 5478.58 PLN",IT_HARDWARE
faktura_207.pdf,5261040828,"FAKTURA VAT: FV/2001/4878
Data wystawienia: 2026-06-19
SPRZEDAWCA:
Nazwa: Orlen Paliwa Sp. z o.o.
NIP: 5261040828
Pozycja Netto [PLN] VAT Brutto [PLN]
Opnata autostradowa A2 2018.97 23% 2483.33
Benzyna Pb95 1401.53 23% 1723.88
Razem Netto: 3420.50 PLN
Razem VAT: 786.71 PLN
DO ZAPLATY: 4207.21 PLN",TRAVEL_FLEET
faktura_208.pdf,9876543210,"FAKTURA VAT: FV/2026/2412
Data wystawienia: 2026-08-19
SPRZEDAWCA:
Nazwa: Biuromax Artykuny Biurowe
NIP: 9876543210
Pozycja Netto [PLN] VAT Brutto [PLN]
Segregator biurowy 1934.45 23% 2379.37
Kawa ziarnista Arabica 1kg 2067.18 23% 2542.63
Toner do drukarki HP 230.69 23% 283.75
Razem Netto: 4232.32 PLN
Razem VAT: 973.43 PLN
DO ZAPLATY: 5205.75 PLN",OFFICE_SUPPLIES
faktura_209.pdf,9876543210,"FAKTURA VAT: FV/1988/6194
Data wystawienia: 2026-05-06
SPRZEDAWCA:
Nazwa: Biuromax Artykuny Biurowe
NIP: 9876543210
Pozycja Netto [PLN] VAT Brutto [PLN]
Kawa ziarnista Arabica 1kg 2201.00 23% 2707.23
Papier ksero A4 5 ryz 1961.64 23% 2412.82
Razem Netto: 4162.64 PLN
Razem VAT: 957.41 PLN
DO ZAPLATY: 5120.05 PLN",OFFICE_SUPPLIES
faktura_210.pdf,5213456789,"FAKTURA VAT: FV/1986/3981
Data wystawienia: 2026-02-03
SPRZEDAWCA:
Nazwa: Dell Polska Sp. z o.o.
NIP: 5213456789
Pozycja Netto [PLN] VAT Brutto [PLN]
Monitor Dell 27 cali 1319.35 23% 1622.80
Kabel USB-C 795.11 23% 977.99
Razem Netto: 2114.46 PLN
Razem VAT: 486.33 PLN
DO ZAPLATY: 2600.79 PLN",IT_HARDWARE
faktura_211.pdf,5213456789,"FAKTURA VAT: FV/1988/3653
Data wystawienia: 2026-06-25
SPRZEDAWCA:
Nazwa: Dell Polska Sp. z o.o.
NIP: 5213456789
Pozycja Netto [PLN] VAT Brutto [PLN]
Laptop Lenovo ThinkPad 663.98 23% 816.70
Monitor Dell 27 cali 1605.89 23% 1975.24
Razem Netto: 2269.87 PLN
Razem VAT: 522.07 PLN
DO ZAPLATY: 2791.94 PLN",IT_HARDWARE
faktura_212.pdf,1234567890,"FAKTURA VAT: FV/1986/5496
Data wystawienia: 2026-06-30
SPRZEDAWCA:
Nazwa: Amazon Web Services EMEA
NIP: 1234567890
Pozycja Netto [PLN] VAT Brutto [PLN]
Hosting serwera VPS 1499.93 23% 1844.91
Licencja JetBrains 1472.58 23% 1811.27
Domena internetowa 469.44 23% 577.41
Razem Netto: 3441.95 PLN
Razem VAT: 791.64 PLN
DO ZAPLATY: 4233.59 PLN",IT_SERVICES
faktura_213.pdf,5261040828,"FAKTURA VAT: FV/2008/6531
Data wystawienia: 2026-08-26
SPRZEDAWCA:
Nazwa: Orlen Paliwa Sp. z o.o.
NIP: 5261040828
Pozycja Netto [PLN] VAT Brutto [PLN]
Olej napndowy Verva 161.38 23% 198.50
Razem Netto: 161.38 PLN
Razem VAT: 37.12 PLN
DO ZAPLATY: 198.50 PLN",TRAVEL_FLEET
faktura_214.pdf,9876543210,"FAKTURA VAT: FV/2015/5336
Data wystawienia: 2026-05-28
SPRZEDAWCA:
Nazwa: Biuromax Artykuny Biurowe
NIP: 9876543210
Pozycja Netto [PLN] VAT Brutto [PLN]
Papier ksero A4 5 ryz 1622.67 23% 1995.88
Toner do drukarki HP 790.13 23% 971.86
Kawa ziarnista Arabica 1kg 649.95 23% 799.44
Razem Netto: 3062.75 PLN
Razem VAT: 704.43 PLN
DO ZAPLATY: 3767.18 PLN",OFFICE_SUPPLIES
faktura_215.pdf,5261040828,"FAKTURA VAT: FV/1992/7653
Data wystawienia: 2026-01-12
SPRZEDAWCA:
Nazwa: Orlen Paliwa Sp. z o.o.
NIP: 5261040828
Pozycja Netto [PLN] VAT Brutto [PLN]
Olej napndowy Verva 1068.27 23% 1313.97
Hotel Warszawa doba 1187.88 23% 1461.09
Benzyna Pb95 883.47 23% 1086.67
Razem Netto: 3139.62 PLN
Razem VAT: 722.11 PLN
DO ZAPLATY: 3861.73 PLN",TRAVEL_FLEET
faktura_216.pdf,1234567890,"FAKTURA VAT: FV/2003/3353
Data wystawienia: 2026-05-07
SPRZEDAWCA:
Nazwa: Amazon Web Services EMEA
NIP: 1234567890
Pozycja Netto [PLN] VAT Brutto [PLN]
Licencja JetBrains 1913.63 23% 2353.76
Subskrypcja Azure Cloud 1311.70 23% 1613.39
Hosting serwera VPS 310.15 23% 381.48
Razem Netto: 3535.48 PLN
Razem VAT: 813.15 PLN
DO ZAPLATY: 4348.63 PLN",IT_SERVICES
faktura_217.pdf,1234567890,"FAKTURA VAT: FV/1982/4960
Data wystawienia: 2026-07-09
SPRZEDAWCA:
Nazwa: Amazon Web Services EMEA
NIP: 1234567890
Pozycja Netto [PLN] VAT Brutto [PLN]
Subskrypcja Azure Cloud 287.19 23% 353.24
Hosting serwera VPS 761.02 23% 936.05
Razem Netto: 1048.21 PLN
Razem VAT: 241.08 PLN
DO ZAPLATY: 1289.29 PLN",IT_SERVICES
faktura_218.pdf,4135494800,"FAKTURA VAT: FV/1984/7293
Data wystawienia: 2026-05-18
SPRZEDAWCA:
Nazwa: Spóndzielnia Juszczuk-Frnczkiewicz Sp.k.
NIP: 4135494800
Pozycja Netto [PLN] VAT Brutto [PLN]
Toner do drukarki HP 2043.02 23% 2512.91
Razem Netto: 2043.02 PLN
Razem VAT: 469.89 PLN
DO ZAPLATY: 2512.91 PLN",OFFICE_SUPPLIES
faktura_219.pdf,5213456789,"FAKTURA VAT: FV/1997/6123
Data wystawienia: 2026-07-09
SPRZEDAWCA:
Nazwa: Dell Polska Sp. z o.o.
NIP: 5213456789
Pozycja Netto [PLN] VAT Brutto [PLN]
Kabel USB-C 2203.74 23% 2710.60
Klawiatura mechaniczna 1268.56 23% 1560.33
Razem Netto: 3472.30 PLN
Razem VAT: 798.63 PLN
DO ZAPLATY: 4270.93 PLN",IT_HARDWARE
faktura_220.pdf,9377770146,"FAKTURA VAT: FV/2007/2475
Data wystawienia: 2026-04-04
SPRZEDAWCA:
Nazwa: Sady-Bednarowicz S.A.
NIP: 9377770146
Pozycja Netto [PLN] VAT Brutto [PLN]
Toner do drukarki HP 1479.19 23% 1819.40
Razem Netto: 1479.19 PLN
Razem VAT: 340.21 PLN
DO ZAPLATY: 1819.40 PLN",OFFICE_SUPPLIES
faktura_221.pdf,9876543210,"FAKTURA VAT: FV/1990/1797
Data wystawienia: 2026-09-15
SPRZEDAWCA:
Nazwa: Biuromax Artykuny Biurowe
NIP: 9876543210
Pozycja Netto [PLN] VAT Brutto [PLN]
Segregator biurowy 2125.57 23% 2614.45
Toner do drukarki HP 1105.77 23% 1360.10
Papier ksero A4 5 ryz 2212.02 23% 2720.78
Razem Netto: 5443.36 PLN
Razem VAT: 1251.97 PLN
DO ZAPLATY: 6695.33 PLN",OFFICE_SUPPLIES
faktura_222.pdf,1234567890,"FAKTURA VAT: FV/2009/6992
Data wystawienia: 2026-05-24
SPRZEDAWCA:
Nazwa: Amazon Web Services EMEA
NIP: 1234567890
Pozycja Netto [PLN] VAT Brutto [PLN]
Domena internetowa 175.34 23% 215.67
Razem Netto: 175.34 PLN
Razem VAT: 40.33 PLN
DO ZAPLATY: 215.67 PLN",IT_SERVICES
faktura_223.pdf,1234567890,"FAKTURA VAT: FV/2002/4189
Data wystawienia: 2026-08-03
SPRZEDAWCA:
Nazwa: Amazon Web Services EMEA
NIP: 1234567890
Pozycja Netto [PLN] VAT Brutto [PLN]
Domena internetowa 1285.43 23% 1581.08
Razem Netto: 1285.43 PLN
Razem VAT: 295.65 PLN
DO ZAPLATY: 1581.08 PLN",IT_SERVICES
faktura_224.pdf,5261040828,"FAKTURA VAT: FV/2006/5582
Data wystawienia: 2026-05-14
SPRZEDAWCA:
Nazwa: Orlen Paliwa Sp. z o.o.
NIP: 5261040828
Pozycja Netto [PLN] VAT Brutto [PLN]
Olej napndowy Verva 1015.06 23% 1248.52
Razem Netto: 1015.06 PLN
Razem VAT: 233.46 PLN
DO ZAPLATY: 1248.52 PLN",TRAVEL_FLEET
faktura_225.pdf,1234567890,"FAKTURA VAT: FV/1998/6555
Data wystawienia: 2026-08-02
SPRZEDAWCA:
Nazwa: Amazon Web Services EMEA
NIP: 1234567890
Pozycja Netto [PLN] VAT Brutto [PLN]
Subskrypcja Azure Cloud 1526.03 23% 1877.02
Razem Netto: 1526.03 PLN
Razem VAT: 350.99 PLN
DO ZAPLATY: 1877.02 PLN",IT_SERVICES
faktura_226.pdf,5261040828,"FAKTURA VAT: FV/1992/7576
Data wystawienia: 2026-05-17
SPRZEDAWCA:
Nazwa: Orlen Paliwa Sp. z o.o.
NIP: 5261040828
Pozycja Netto [PLN] VAT Brutto [PLN]
Benzyna Pb95 1798.30 23% 2211.91
Razem Netto: 1798.30 PLN
Razem VAT: 413.61 PLN
DO ZAPLATY: 2211.91 PLN",TRAVEL_FLEET
faktura_227.pdf,5213456789,"FAKTURA VAT: FV/2017/8761
Data wystawienia: 2026-06-26
SPRZEDAWCA:
Nazwa: Dell Polska Sp. z o.o.
NIP: 5213456789
Pozycja Netto [PLN] VAT Brutto [PLN]
Klawiatura mechaniczna 448.13 23% 551.20
Kabel USB-C 2477.01 23% 3046.72
Laptop Lenovo ThinkPad 1861.33 23% 2289.44
Razem Netto: 4786.47 PLN
Razem VAT: 1100.89 PLN
DO ZAPLATY: 5887.36 PLN",IT_HARDWARE
faktura_228.pdf,9876543210,"FAKTURA VAT: FV/1988/5902
Data wystawienia: 2026-04-30
SPRZEDAWCA:
Nazwa: Biuromax Artykuny Biurowe
NIP: 9876543210
Pozycja Netto [PLN] VAT Brutto [PLN]
Kawa ziarnista Arabica 1kg 952.48 23% 1171.55
Toner do drukarki HP 1700.83 23% 2092.02
Papier ksero A4 5 ryz 2450.75 23% 3014.42
Razem Netto: 5104.06 PLN
Razem VAT: 1173.93 PLN
DO ZAPLATY: 6277.99 PLN",OFFICE_SUPPLIES
faktura_229.pdf,5261040828,"FAKTURA VAT: FV/1987/6040
Data wystawienia: 2026-03-31
SPRZEDAWCA:
Nazwa: Orlen Paliwa Sp. z o.o.
NIP: 5261040828
Pozycja Netto [PLN] VAT Brutto [PLN]
Hotel Warszawa doba 1817.43 23% 2235.44
Benzyna Pb95 1479.63 23% 1819.94
Olej napndowy Verva 467.75 23% 575.33
Razem Netto: 3764.81 PLN
Razem VAT: 865.90 PLN
DO ZAPLATY: 4630.71 PLN",TRAVEL_FLEET
faktura_230.pdf,5213456789,"FAKTURA VAT: FV/1978/7229
Data wystawienia: 2026-03-16
SPRZEDAWCA:
Nazwa: Dell Polska Sp. z o.o.
NIP: 5213456789
Pozycja Netto [PLN] VAT Brutto [PLN]
Monitor Dell 27 cali 517.42 23% 636.43
Razem Netto: 517.42 PLN
Razem VAT: 119.01 PLN
DO ZAPLATY: 636.43 PLN",IT_HARDWARE
faktura_231.pdf,5213456789,"FAKTURA VAT: FV/1991/8225
Data wystawienia: 2026-02-16
SPRZEDAWCA:
Nazwa: Dell Polska Sp. z o.o.
NIP: 5213456789
Pozycja Netto [PLN] VAT Brutto [PLN]
Klawiatura mechaniczna 1279.46 23% 1573.74
Kabel USB-C 1548.12 23% 1904.19
Razem Netto: 2827.58 PLN
Razem VAT: 650.35 PLN
DO ZAPLATY: 3477.93 PLN",IT_HARDWARE
faktura_232.pdf,9362337495,"FAKTURA VAT: FV/2020/8726
Data wystawienia: 2026-07-28
SPRZEDAWCA:
Nazwa: PPUH Manków-Pietrek i syn s.c.
NIP: 9362337495
Pozycja Netto [PLN] VAT Brutto [PLN]
Benzyna Pb95 1424.17 23% 1751.73
Opnata autostradowa A2 2495.40 23% 3069.34
Olej napndowy Verva 1222.01 23% 1503.07
Razem Netto: 5141.58 PLN
Razem VAT: 1182.56 PLN
DO ZAPLATY: 6324.14 PLN",TRAVEL_FLEET
faktura_233.pdf,5213456789,"FAKTURA VAT: FV/1983/7173
Data wystawienia: 2026-04-26
SPRZEDAWCA:
Nazwa: Dell Polska Sp. z o.o.
NIP: 5213456789
Pozycja Netto [PLN] VAT Brutto [PLN]
Laptop Lenovo ThinkPad 918.00 23% 1129.14
Kabel USB-C 1941.37 23% 2387.89
Razem Netto: 2859.37 PLN
Razem VAT: 657.66 PLN
DO ZAPLATY: 3517.03 PLN",IT_HARDWARE
faktura_234.pdf,5213456789,"FAKTURA VAT: FV/1985/5331
Data wystawienia: 2026-05-21
SPRZEDAWCA:
Nazwa: Dell Polska Sp. z o.o.
NIP: 5213456789
Pozycja Netto [PLN] VAT Brutto [PLN]
Laptop Lenovo ThinkPad 1417.31 23% 1743.29
Razem Netto: 1417.31 PLN
Razem VAT: 325.98 PLN
DO ZAPLATY: 1743.29 PLN",IT_HARDWARE
faktura_235.pdf,1168240084,"FAKTURA VAT: FV/1982/4684
Data wystawienia: 2026-04-28
SPRZEDAWCA:
Nazwa: FPUH Byra
NIP: 1168240084
Pozycja Netto [PLN] VAT Brutto [PLN]
Subskrypcja Azure Cloud 1777.22 23% 2185.98
Licencja JetBrains 826.75 23% 1016.90
Razem Netto: 2603.97 PLN
Razem VAT: 598.91 PLN
DO ZAPLATY: 3202.88 PLN",IT_SERVICES
faktura_236.pdf,1234567890,"FAKTURA VAT: FV/2013/6714
Data wystawienia: 2026-07-10
SPRZEDAWCA:
Nazwa: Amazon Web Services EMEA
NIP: 1234567890
Pozycja Netto [PLN] VAT Brutto [PLN]
Hosting serwera VPS 1707.72 23% 2100.50
Licencja JetBrains 980.25 23% 1205.71
Razem Netto: 2687.97 PLN
Razem VAT: 618.24 PLN
DO ZAPLATY: 3306.21 PLN",IT_SERVICES
faktura_237.pdf,5213456789,"FAKTURA VAT: FV/1976/7464
Data wystawienia: 2026-01-05
SPRZEDAWCA:
Nazwa: Dell Polska Sp. z o.o.
NIP: 5213456789
Pozycja Netto [PLN] VAT Brutto [PLN]
Monitor Dell 27 cali 2390.52 23% 2940.34
Klawiatura mechaniczna 243.62 23% 299.65
Razem Netto: 2634.14 PLN
Razem VAT: 605.85 PLN
DO ZAPLATY: 3239.99 PLN",IT_HARDWARE
faktura_238.pdf,9876543210,"FAKTURA VAT: FV/2009/8247
Data wystawienia: 2026-04-21
SPRZEDAWCA:
Nazwa: Biuromax Artykuny Biurowe
NIP: 9876543210
Pozycja Netto [PLN] VAT Brutto [PLN]
Toner do drukarki HP 2078.48 23% 2556.53
Razem Netto: 2078.48 PLN
Razem VAT: 478.05 PLN
DO ZAPLATY: 2556.53 PLN",OFFICE_SUPPLIES
faktura_239.pdf,6245204715,"FAKTURA VAT: FV/2001/5442
Data wystawienia: 2026-07-05
SPRZEDAWCA:
Nazwa: Masnon Sp.j.
NIP: 6245204715
Pozycja Netto [PLN] VAT Brutto [PLN]
Hosting serwera VPS 1558.41 23% 1916.84
Razem Netto: 1558.41 PLN
Razem VAT: 358.43 PLN
DO ZAPLATY: 1916.84 PLN",IT_SERVICES
faktura_240.pdf,5213456789,"FAKTURA VAT: FV/1975/4920
Data wystawienia: 2026-08-13
SPRZEDAWCA:
Nazwa: Dell Polska Sp. z o.o.
NIP: 5213456789
Pozycja Netto [PLN] VAT Brutto [PLN]
Klawiatura mechaniczna 1062.59 23% 1306.99
Monitor Dell 27 cali 1807.53 23% 2223.26
Laptop Lenovo ThinkPad 296.34 23% 364.50
Razem Netto: 3166.46 PLN
Razem VAT: 728.29 PLN
DO ZAPLATY: 3894.75 PLN",IT_HARDWARE
faktura_241.pdf,5213456789,"FAKTURA VAT: FV/2012/3252
Data wystawienia: 2026-09-24
SPRZEDAWCA:
Nazwa: Dell Polska Sp. z o.o.
NIP: 5213456789
Pozycja Netto [PLN] VAT Brutto [PLN]
Kabel USB-C 1643.82 23% 2021.90
Klawiatura mechaniczna 1901.98 23% 2339.44
Razem Netto: 3545.80 PLN
Razem VAT: 815.54 PLN
DO ZAPLATY: 4361.34 PLN",IT_HARDWARE
faktura_242.pdf,5261040828,"FAKTURA VAT: FV/1973/5706
Data wystawienia: 2026-02-28
SPRZEDAWCA:
Nazwa: Orlen Paliwa Sp. z o.o.
NIP: 5261040828
Pozycja Netto [PLN] VAT Brutto [PLN]
Benzyna Pb95 1361.12 23% 1674.18
Razem Netto: 1361.12 PLN
Razem VAT: 313.06 PLN
DO ZAPLATY: 1674.18 PLN",TRAVEL_FLEET
faktura_243.pdf,4651318691,"FAKTURA VAT: FV/1980/1611
Data wystawienia: 2026-08-07
SPRZEDAWCA:
Nazwa: Gabinety nakota-Walenciak i syn s.c.
NIP: 4651318691
Pozycja Netto [PLN] VAT Brutto [PLN]
Klawiatura mechaniczna 2493.07 23% 3066.48
Monitor Dell 27 cali 1022.64 23% 1257.85
Razem Netto: 3515.71 PLN
Razem VAT: 808.62 PLN
DO ZAPLATY: 4324.33 PLN",IT_HARDWARE
faktura_244.pdf,1234567890,"FAKTURA VAT: FV/2005/9116
Data wystawienia: 2026-05-28
SPRZEDAWCA:
Nazwa: Amazon Web Services EMEA
NIP: 1234567890
Pozycja Netto [PLN] VAT Brutto [PLN]
Hosting serwera VPS 781.06 23% 960.70
Razem Netto: 781.06 PLN
Razem VAT: 179.64 PLN
DO ZAPLATY: 960.70 PLN",IT_SERVICES
faktura_245.pdf,4579649907,"FAKTURA VAT: FV/2000/2758
Data wystawienia: 2026-06-21
SPRZEDAWCA:
Nazwa: FPUH Teper-Husak S.A.
NIP: 4579649907
Pozycja Netto [PLN] VAT Brutto [PLN]
Domena internetowa 1381.09 23% 1698.74
Licencja JetBrains 1260.09 23% 1549.91
Razem Netto: 2641.18 PLN
Razem VAT: 607.47 PLN
DO ZAPLATY: 3248.65 PLN",IT_SERVICES
faktura_246.pdf,4191232811,"FAKTURA VAT: FV/2012/3198
Data wystawienia: 2026-03-23
SPRZEDAWCA:
Nazwa: Pietrasiak-Stasica Sp.j.
NIP: 4191232811
Pozycja Netto [PLN] VAT Brutto [PLN]
Toner do drukarki HP 860.18 23% 1058.02
Papier ksero A4 5 ryz 1841.24 23% 2264.73
Razem Netto: 2701.42 PLN
Razem VAT: 621.33 PLN
DO ZAPLATY: 3322.75 PLN",OFFICE_SUPPLIES
faktura_247.pdf,5261040828,"FAKTURA VAT: FV/2016/5215
Data wystawienia: 2026-08-19
SPRZEDAWCA:
Nazwa: Orlen Paliwa Sp. z o.o.
NIP: 5261040828
Pozycja Netto [PLN] VAT Brutto [PLN]
Opnata autostradowa A2 479.96 23% 590.35
Benzyna Pb95 2147.56 23% 2641.50
Olej napndowy Verva 2247.75 23% 2764.73
Razem Netto: 4875.27 PLN
Razem VAT: 1121.31 PLN
DO ZAPLATY: 5996.58 PLN",TRAVEL_FLEET
faktura_248.pdf,5261040828,"FAKTURA VAT: FV/2001/8007
Data wystawienia: 2026-04-24
SPRZEDAWCA:
Nazwa: Orlen Paliwa Sp. z o.o.
NIP: 5261040828
Pozycja Netto [PLN] VAT Brutto [PLN]
Olej napndowy Verva 2455.13 23% 3019.81
Hotel Warszawa doba 1219.76 23% 1500.30
Razem Netto: 3674.89 PLN
Razem VAT: 845.22 PLN
DO ZAPLATY: 4520.11 PLN",TRAVEL_FLEET
faktura_249.pdf,9876543210,"FAKTURA VAT: FV/1972/5064
Data wystawienia: 2026-03-31
SPRZEDAWCA:
Nazwa: Biuromax Artykuny Biurowe
NIP: 9876543210
Pozycja Netto [PLN] VAT Brutto [PLN]
Segregator biurowy 1896.70 23% 2332.94
Razem Netto: 1896.70 PLN
Razem VAT: 436.24 PLN
DO ZAPLATY: 2332.94 PLN",OFFICE_SUPPLIES
faktura_250.pdf,5261040828,"FAKTURA VAT: FV/1989/6400
Data wystawienia: 2026-04-20
SPRZEDAWCA:
Nazwa: Orlen Paliwa Sp. z o.o.
NIP: 5261040828
Pozycja Netto [PLN] VAT Brutto [PLN]
Opnata autostradowa A2 628.94 23% 773.60
Hotel Warszawa doba 1686.08 23% 2073.88
Razem Netto: 2315.02 PLN
Razem VAT: 532.46 PLN
DO ZAPLATY: 2847.48 PLN",TRAVEL_FLEET
faktura_251.pdf,9876543210,"FAKTURA VAT: FV/2017/8625
Data wystawienia: 2026-06-26
SPRZEDAWCA:
Nazwa: Biuromax Artykuny Biurowe
NIP: 9876543210
Pozycja Netto [PLN] VAT Brutto [PLN]
Kawa ziarnista Arabica 1kg 1614.84 23% 1986.25
Segregator biurowy 2354.56 23% 2896.11
Papier ksero A4 5 ryz 950.48 23% 1169.09
Razem Netto: 4919.88 PLN
Razem VAT: 1131.57 PLN
DO ZAPLATY: 6051.45 PLN",OFFICE_SUPPLIES
faktura_252.pdf,5213456789,"FAKTURA VAT: FV/1974/4618
Data wystawienia: 2026-09-24
SPRZEDAWCA:
Nazwa: Dell Polska Sp. z o.o.
NIP: 5213456789
Pozycja Netto [PLN] VAT Brutto [PLN]
Klawiatura mechaniczna 1881.95 23% 2314.80
Kabel USB-C 1534.06 23% 1886.89
Razem Netto: 3416.01 PLN
Razem VAT: 785.68 PLN
DO ZAPLATY: 4201.69 PLN",IT_HARDWARE
faktura_253.pdf,9876543210,"FAKTURA VAT: FV/1985/7813
Data wystawienia: 2026-04-13
SPRZEDAWCA:
Nazwa: Biuromax Artykuny Biurowe
NIP: 9876543210
Pozycja Netto [PLN] VAT Brutto [PLN]
Toner do drukarki HP 1337.49 23% 1645.11
Papier ksero A4 5 ryz 1344.02 23% 1653.14
Kawa ziarnista Arabica 1kg 936.37 23% 1151.74
Razem Netto: 3617.88 PLN
Razem VAT: 832.11 PLN
DO ZAPLATY: 4449.99 PLN",OFFICE_SUPPLIES
faktura_254.pdf,5213456789,"FAKTURA VAT: FV/2023/2838
Data wystawienia: 2026-08-31
SPRZEDAWCA:
Nazwa: Dell Polska Sp. z o.o.
NIP: 5213456789
Pozycja Netto [PLN] VAT Brutto [PLN]
Klawiatura mechaniczna 2143.49 23% 2636.49
Monitor Dell 27 cali 1132.51 23% 1392.99
Kabel USB-C 1716.72 23% 2111.57
Razem Netto: 4992.72 PLN
Razem VAT: 1148.33 PLN
DO ZAPLATY: 6141.05 PLN",IT_HARDWARE
faktura_255.pdf,9876543210,"FAKTURA VAT: FV/2010/9008
Data wystawienia: 2026-09-14
SPRZEDAWCA:
Nazwa: Biuromax Artykuny Biurowe
NIP: 9876543210
Pozycja Netto [PLN] VAT Brutto [PLN]
Segregator biurowy 373.26 23% 459.11
Razem Netto: 373.26 PLN
Razem VAT: 85.85 PLN
DO ZAPLATY: 459.11 PLN",OFFICE_SUPPLIES
faktura_256.pdf,5261040828,"FAKTURA VAT: FV/2024/7806
Data wystawienia: 2026-03-18
SPRZEDAWCA:
Nazwa: Orlen Paliwa Sp. z o.o.
NIP: 5261040828
Pozycja Netto [PLN] VAT Brutto [PLN]
Hotel Warszawa doba 1822.04 23% 2241.11
Opnata autostradowa A2 1020.07 23% 1254.69
Benzyna Pb95 2050.31 23% 2521.88
Razem Netto: 4892.42 PLN
Razem VAT: 1125.26 PLN
DO ZAPLATY: 6017.68 PLN",TRAVEL_FLEET
faktura_257.pdf,5261040828,"FAKTURA VAT: FV/1998/4570
Data wystawienia: 2026-02-14
SPRZEDAWCA:
Nazwa: Orlen Paliwa Sp. z o.o.
NIP: 5261040828
Pozycja Netto [PLN] VAT Brutto [PLN]
Opnata autostradowa A2 206.21 23% 253.64
Hotel Warszawa doba 2485.60 23% 3057.29
Razem Netto: 2691.81 PLN
Razem VAT: 619.12 PLN
DO ZAPLATY: 3310.93 PLN",TRAVEL_FLEET
faktura_258.pdf,8782421026,"FAKTURA VAT: FV/2007/2130
Data wystawienia: 2026-03-29
SPRZEDAWCA:
Nazwa: PPUH Galuba
NIP: 8782421026
Pozycja Netto [PLN] VAT Brutto [PLN]
Kawa ziarnista Arabica 1kg 1051.72 23% 1293.62
Razem Netto: 1051.72 PLN
Razem VAT: 241.90 PLN
DO ZAPLATY: 1293.62 PLN",OFFICE_SUPPLIES
faktura_259.pdf,9876543210,"FAKTURA VAT: FV/2026/3218
Data wystawienia: 2026-08-10
SPRZEDAWCA:
Nazwa: Biuromax Artykuny Biurowe
NIP: 9876543210
Pozycja Netto [PLN] VAT Brutto [PLN]
Segregator biurowy 2180.57 23% 2682.10
Toner do drukarki HP 2271.58 23% 2794.04
Razem Netto: 4452.15 PLN
Razem VAT: 1023.99 PLN
DO ZAPLATY: 5476.14 PLN",OFFICE_SUPPLIES
faktura_260.pdf,5213456789,"FAKTURA VAT: FV/1989/7154
Data wystawienia: 2026-06-20
SPRZEDAWCA:
Nazwa: Dell Polska Sp. z o.o.
NIP: 5213456789
Pozycja Netto [PLN] VAT Brutto [PLN]
Laptop Lenovo ThinkPad 2482.47 23% 3053.44
Monitor Dell 27 cali 1012.99 23% 1245.98
Kabel USB-C 362.00 23% 445.26
Razem Netto: 3857.46 PLN
Razem VAT: 887.22 PLN
DO ZAPLATY: 4744.68 PLN",IT_HARDWARE
faktura_261.pdf,5261040828,"FAKTURA VAT: FV/1978/4648
Data wystawienia: 2026-07-02
SPRZEDAWCA:
Nazwa: Orlen Paliwa Sp. z o.o.
NIP: 5261040828
Pozycja Netto [PLN] VAT Brutto [PLN]
Hotel Warszawa doba 1811.78 23% 2228.49
Opnata autostradowa A2 1089.11 23% 1339.61
Razem Netto: 2900.89 PLN
Razem VAT: 667.21 PLN
DO ZAPLATY: 3568.10 PLN",TRAVEL_FLEET
faktura_262.pdf,5213456789,"FAKTURA VAT: FV/2016/7214
Data wystawienia: 2026-04-29
SPRZEDAWCA:
Nazwa: Dell Polska Sp. z o.o.
NIP: 5213456789
Pozycja Netto [PLN] VAT Brutto [PLN]
Laptop Lenovo ThinkPad 725.34 23% 892.17
Monitor Dell 27 cali 2346.66 23% 2886.39
Razem Netto: 3072.00 PLN
Razem VAT: 706.56 PLN
DO ZAPLATY: 3778.56 PLN",IT_HARDWARE
faktura_263.pdf,9876543210,"FAKTURA VAT: FV/2017/2848
Data wystawienia: 2026-06-06
SPRZEDAWCA:
Nazwa: Biuromax Artykuny Biurowe
NIP: 9876543210
Pozycja Netto [PLN] VAT Brutto [PLN]
Papier ksero A4 5 ryz 214.86 23% 264.28
Segregator biurowy 1505.16 23% 1851.35
Kawa ziarnista Arabica 1kg 1143.78 23% 1406.85
Razem Netto: 2863.80 PLN
Razem VAT: 658.68 PLN
DO ZAPLATY: 3522.48 PLN",OFFICE_SUPPLIES
faktura_264.pdf,5261040828,"FAKTURA VAT: FV/1988/1797
Data wystawienia: 2026-07-14
SPRZEDAWCA:
Nazwa: Orlen Paliwa Sp. z o.o.
NIP: 5261040828
Pozycja Netto [PLN] VAT Brutto [PLN]
Hotel Warszawa doba 1372.41 23% 1688.06
Olej napndowy Verva 1898.24 23% 2334.84
Razem Netto: 3270.65 PLN
Razem VAT: 752.25 PLN
DO ZAPLATY: 4022.90 PLN",TRAVEL_FLEET
faktura_265.pdf,1234567890,"FAKTURA VAT: FV/2006/1924
Data wystawienia: 2026-07-11
SPRZEDAWCA:
Nazwa: Amazon Web Services EMEA
NIP: 1234567890
Pozycja Netto [PLN] VAT Brutto [PLN]
Licencja JetBrains 1464.81 23% 1801.72
Razem Netto: 1464.81 PLN
Razem VAT: 336.91 PLN
DO ZAPLATY: 1801.72 PLN",IT_SERVICES
faktura_266.pdf,5213456789,"FAKTURA VAT: FV/1999/6253
Data wystawienia: 2026-02-01
SPRZEDAWCA:
Nazwa: Dell Polska Sp. z o.o.
NIP: 5213456789
Pozycja Netto [PLN] VAT Brutto [PLN]
Klawiatura mechaniczna 724.13 23% 890.68
Kabel USB-C 1413.96 23% 1739.17
Laptop Lenovo ThinkPad 1499.58 23% 1844.48
Razem Netto: 3637.67 PLN
Razem VAT: 836.66 PLN
DO ZAPLATY: 4474.33 PLN",IT_HARDWARE
faktura_267.pdf,9876543210,"FAKTURA VAT: FV/2010/3869
Data wystawienia: 2026-01-16
SPRZEDAWCA:
Nazwa: Biuromax Artykuny Biurowe
NIP: 9876543210
Pozycja Netto [PLN] VAT Brutto [PLN]
Segregator biurowy 2356.89 23% 2898.97
Papier ksero A4 5 ryz 1694.79 23% 2084.59
Toner do drukarki HP 1975.22 23% 2429.52
Razem Netto: 6026.90 PLN
Razem VAT: 1386.18 PLN
DO ZAPLATY: 7413.08 PLN",OFFICE_SUPPLIES
faktura_268.pdf,9876543210,"FAKTURA VAT: FV/1999/6222
Data wystawienia: 2026-05-06
SPRZEDAWCA:
Nazwa: Biuromax Artykuny Biurowe
NIP: 9876543210
Pozycja Netto [PLN] VAT Brutto [PLN]
Kawa ziarnista Arabica 1kg 972.33 23% 1195.97
Razem Netto: 972.33 PLN
Razem VAT: 223.64 PLN
DO ZAPLATY: 1195.97 PLN",OFFICE_SUPPLIES
faktura_269.pdf,5213456789,"FAKTURA VAT: FV/2011/9813
Data wystawienia: 2026-04-08
SPRZEDAWCA:
Nazwa: Dell Polska Sp. z o.o.
NIP: 5213456789
Pozycja Netto [PLN] VAT Brutto [PLN]
Klawiatura mechaniczna 2291.12 23% 2818.08
Kabel USB-C 1427.85 23% 1756.26
Razem Netto: 3718.97 PLN
Razem VAT: 855.37 PLN
DO ZAPLATY: 4574.34 PLN",IT_HARDWARE
faktura_270.pdf,5213456789,"FAKTURA VAT: FV/1971/7824
Data wystawienia: 2026-02-05
SPRZEDAWCA:
Nazwa: Dell Polska Sp. z o.o.
NIP: 5213456789
Pozycja Netto [PLN] VAT Brutto [PLN]
Klawiatura mechaniczna 548.17 23% 674.25
Kabel USB-C 1634.43 23% 2010.35
Razem Netto: 2182.60 PLN
Razem VAT: 502.00 PLN
DO ZAPLATY: 2684.60 PLN",IT_HARDWARE
faktura_271.pdf,5261040828,"FAKTURA VAT: FV/1985/8369
Data wystawienia: 2026-09-19
SPRZEDAWCA:
Nazwa: Orlen Paliwa Sp. z o.o.
NIP: 5261040828
Pozycja Netto [PLN] VAT Brutto [PLN]
Benzyna Pb95 974.06 23% 1198.09
Olej napndowy Verva 1532.18 23% 1884.58
Hotel Warszawa doba 146.89 23% 180.67
Razem Netto: 2653.13 PLN
Razem VAT: 610.21 PLN
DO ZAPLATY: 3263.34 PLN",TRAVEL_FLEET
faktura_272.pdf,5213456789,"FAKTURA VAT: FV/2009/2192
Data wystawienia: 2026-08-17
SPRZEDAWCA:
Nazwa: Dell Polska Sp. z o.o.
NIP: 5213456789
Pozycja Netto [PLN] VAT Brutto [PLN]
Klawiatura mechaniczna 792.81 23% 975.16
Kabel USB-C 2277.04 23% 2800.76
Razem Netto: 3069.85 PLN
Razem VAT: 706.07 PLN
DO ZAPLATY: 3775.92 PLN",IT_HARDWARE
faktura_273.pdf,4259027877,"FAKTURA VAT: FV/1971/4470
Data wystawienia: 2026-09-19
SPRZEDAWCA:
Nazwa: Spóndzielnia Olas
NIP: 4259027877
Pozycja Netto [PLN] VAT Brutto [PLN]
Hotel Warszawa doba 1021.75 23% 1256.75
Olej napndowy Verva 636.36 23% 782.72
Opnata autostradowa A2 837.96 23% 1030.69
Razem Netto: 2496.07 PLN
Razem VAT: 574.09 PLN
DO ZAPLATY: 3070.16 PLN",TRAVEL_FLEET
faktura_274.pdf,1234567890,"FAKTURA VAT: FV/1999/5637
Data wystawienia: 2026-09-04
SPRZEDAWCA:
Nazwa: Amazon Web Services EMEA
NIP: 1234567890
Pozycja Netto [PLN] VAT Brutto [PLN]
Licencja JetBrains 1306.40 23% 1606.87
Subskrypcja Azure Cloud 1268.33 23% 1560.05
Razem Netto: 2574.73 PLN
Razem VAT: 592.19 PLN
DO ZAPLATY: 3166.92 PLN",IT_SERVICES
faktura_275.pdf,9876543210,"FAKTURA VAT: FV/2025/2615
Data wystawienia: 2026-07-10
SPRZEDAWCA:
Nazwa: Biuromax Artykuny Biurowe
NIP: 9876543210
Pozycja Netto [PLN] VAT Brutto [PLN]
Toner do drukarki HP 816.66 23% 1004.49
Segregator biurowy 162.00 23% 199.26
Razem Netto: 978.66 PLN
Razem VAT: 225.09 PLN
DO ZAPLATY: 1203.75 PLN",OFFICE_SUPPLIES
faktura_276.pdf,5261040828,"FAKTURA VAT: FV/1976/4625
Data wystawienia: 2026-07-02
SPRZEDAWCA:
Nazwa: Orlen Paliwa Sp. z o.o.
NIP: 5261040828
Pozycja Netto [PLN] VAT Brutto [PLN]
Hotel Warszawa doba 423.41 23% 520.79
Benzyna Pb95 858.17 23% 1055.55
Razem Netto: 1281.58 PLN
Razem VAT: 294.76 PLN
DO ZAPLATY: 1576.34 PLN",TRAVEL_FLEET
faktura_277.pdf,5213456789,"FAKTURA VAT: FV/1993/7223
Data wystawienia: 2026-06-08
SPRZEDAWCA:
Nazwa: Dell Polska Sp. z o.o.
NIP: 5213456789
Pozycja Netto [PLN] VAT Brutto [PLN]
Laptop Lenovo ThinkPad 1920.23 23% 2361.88
Klawiatura mechaniczna 1247.12 23% 1533.96
Razem Netto: 3167.35 PLN
Razem VAT: 728.49 PLN
DO ZAPLATY: 3895.84 PLN",IT_HARDWARE
faktura_278.pdf,1234567890,"FAKTURA VAT: FV/1992/9037
Data wystawienia: 2026-05-05
SPRZEDAWCA:
Nazwa: Amazon Web Services EMEA
NIP: 1234567890
Pozycja Netto [PLN] VAT Brutto [PLN]
Subskrypcja Azure Cloud 1814.77 23% 2232.17
Razem Netto: 1814.77 PLN
Razem VAT: 417.40 PLN
DO ZAPLATY: 2232.17 PLN",IT_SERVICES
faktura_279.pdf,5261040828,"FAKTURA VAT: FV/2015/9000
Data wystawienia: 2026-02-10
SPRZEDAWCA:
Nazwa: Orlen Paliwa Sp. z o.o.
NIP: 5261040828
Pozycja Netto [PLN] VAT Brutto [PLN]
Olej napndowy Verva 1922.63 23% 2364.83
Hotel Warszawa doba 1060.36 23% 1304.24
Opnata autostradowa A2 2114.23 23% 2600.50
Razem Netto: 5097.22 PLN
Razem VAT: 1172.35 PLN
DO ZAPLATY: 6269.57 PLN",TRAVEL_FLEET
faktura_280.pdf,5213456789,"FAKTURA VAT: FV/1980/4791
Data wystawienia: 2026-05-09
SPRZEDAWCA:
Nazwa: Dell Polska Sp. z o.o.
NIP: 5213456789
Pozycja Netto [PLN] VAT Brutto [PLN]
Klawiatura mechaniczna 1289.05 23% 1585.53
Razem Netto: 1289.05 PLN
Razem VAT: 296.48 PLN
DO ZAPLATY: 1585.53 PLN",IT_HARDWARE
faktura_281.pdf,9876543210,"FAKTURA VAT: FV/1998/7114
Data wystawienia: 2026-09-27
SPRZEDAWCA:
Nazwa: Biuromax Artykuny Biurowe
NIP: 9876543210
Pozycja Netto [PLN] VAT Brutto [PLN]
Segregator biurowy 1353.92 23% 1665.32
Papier ksero A4 5 ryz 1057.78 23% 1301.07
Kawa ziarnista Arabica 1kg 90.98 23% 111.91
Razem Netto: 2502.68 PLN
Razem VAT: 575.62 PLN
DO ZAPLATY: 3078.30 PLN",OFFICE_SUPPLIES
faktura_282.pdf,1234567890,"FAKTURA VAT: FV/2003/5501
Data wystawienia: 2026-04-22
SPRZEDAWCA:
Nazwa: Amazon Web Services EMEA
NIP: 1234567890
Pozycja Netto [PLN] VAT Brutto [PLN]
Domena internetowa 2025.11 23% 2490.89
Razem Netto: 2025.11 PLN
Razem VAT: 465.78 PLN
DO ZAPLATY: 2490.89 PLN",IT_SERVICES
faktura_283.pdf,5261040828,"FAKTURA VAT: FV/2015/3937
Data wystawienia: 2026-06-05
SPRZEDAWCA:
Nazwa: Orlen Paliwa Sp. z o.o.
NIP: 5261040828
Pozycja Netto [PLN] VAT Brutto [PLN]
Benzyna Pb95 1568.46 23% 1929.21
Olej napndowy Verva 668.42 23% 822.16
Opnata autostradowa A2 918.38 23% 1129.61
Razem Netto: 3155.26 PLN
Razem VAT: 725.72 PLN
DO ZAPLATY: 3880.98 PLN",TRAVEL_FLEET
faktura_284.pdf,9876543210,"FAKTURA VAT: FV/2025/7502
Data wystawienia: 2026-08-02
SPRZEDAWCA:
Nazwa: Biuromax Artykuny Biurowe
NIP: 9876543210
Pozycja Netto [PLN] VAT Brutto [PLN]
Toner do drukarki HP 603.35 23% 742.12
Kawa ziarnista Arabica 1kg 1725.90 23% 2122.86
Razem Netto: 2329.25 PLN
Razem VAT: 535.73 PLN
DO ZAPLATY: 2864.98 PLN",OFFICE_SUPPLIES
faktura_285.pdf,5261040828,"FAKTURA VAT: FV/1972/2320
Data wystawienia: 2026-06-26
SPRZEDAWCA:
Nazwa: Orlen Paliwa Sp. z o.o.
NIP: 5261040828
Pozycja Netto [PLN] VAT Brutto [PLN]
Hotel Warszawa doba 979.20 23% 1204.42
Razem Netto: 979.20 PLN
Razem VAT: 225.22 PLN
DO ZAPLATY: 1204.42 PLN",TRAVEL_FLEET
faktura_286.pdf,5261040828,"FAKTURA VAT: FV/1975/8798
Data wystawienia: 2026-05-03
SPRZEDAWCA:
Nazwa: Orlen Paliwa Sp. z o.o.
NIP: 5261040828
Pozycja Netto [PLN] VAT Brutto [PLN]
Benzyna Pb95 2121.06 23% 2608.90
Olej napndowy Verva 1630.02 23% 2004.92
Hotel Warszawa doba 861.61 23% 1059.78
Razem Netto: 4612.69 PLN
Razem VAT: 1060.91 PLN
DO ZAPLATY: 5673.60 PLN",TRAVEL_FLEET
faktura_287.pdf,2326808763,"FAKTURA VAT: FV/1987/2562
Data wystawienia: 2026-05-06
SPRZEDAWCA:
Nazwa: Sendor s.c.
NIP: 2326808763
Pozycja Netto [PLN] VAT Brutto [PLN]
Benzyna Pb95 2258.12 23% 2777.49
Razem Netto: 2258.12 PLN
Razem VAT: 519.37 PLN
DO ZAPLATY: 2777.49 PLN",TRAVEL_FLEET
faktura_288.pdf,5261040828,"FAKTURA VAT: FV/1994/8790
Data wystawienia: 2026-08-30
SPRZEDAWCA:
Nazwa: Orlen Paliwa Sp. z o.o.
NIP: 5261040828
Pozycja Netto [PLN] VAT Brutto [PLN]
Opnata autostradowa A2 489.42 23% 601.99
Hotel Warszawa doba 2133.55 23% 2624.27
Olej napndowy Verva 88.36 23% 108.68
Razem Netto: 2711.33 PLN
Razem VAT: 623.61 PLN
DO ZAPLATY: 3334.94 PLN",TRAVEL_FLEET
faktura_289.pdf,9876543210,"FAKTURA VAT: FV/2021/4394
Data wystawienia: 2026-07-13
SPRZEDAWCA:
Nazwa: Biuromax Artykuny Biurowe
NIP: 9876543210
Pozycja Netto [PLN] VAT Brutto [PLN]
Kawa ziarnista Arabica 1kg 448.00 23% 551.04
Razem Netto: 448.00 PLN
Razem VAT: 103.04 PLN
DO ZAPLATY: 551.04 PLN",OFFICE_SUPPLIES
faktura_290.pdf,9876543210,"FAKTURA VAT: FV/2012/4939
Data wystawienia: 2026-06-21
SPRZEDAWCA:
Nazwa: Biuromax Artykuny Biurowe
NIP: 9876543210
Pozycja Netto [PLN] VAT Brutto [PLN]
Kawa ziarnista Arabica 1kg 1986.72 23% 2443.67
Toner do drukarki HP 1738.81 23% 2138.74
Papier ksero A4 5 ryz 242.15 23% 297.84
Razem Netto: 3967.68 PLN
Razem VAT: 912.57 PLN
DO ZAPLATY: 4880.25 PLN",OFFICE_SUPPLIES
faktura_291.pdf,9876543210,"FAKTURA VAT: FV/2021/6666
Data wystawienia: 2026-01-21
SPRZEDAWCA:
Nazwa: Biuromax Artykuny Biurowe
NIP: 9876543210
Pozycja Netto [PLN] VAT Brutto [PLN]
Papier ksero A4 5 ryz 884.45 23% 1087.87
Razem Netto: 884.45 PLN
Razem VAT: 203.42 PLN
DO ZAPLATY: 1087.87 PLN",OFFICE_SUPPLIES
faktura_292.pdf,7562477107,"FAKTURA VAT: FV/1983/7499
Data wystawienia: 2026-04-14
SPRZEDAWCA:
Nazwa: Gabinety Gogacz-Rysz S.A.
NIP: 7562477107
Pozycja Netto [PLN] VAT Brutto [PLN]
Licencja JetBrains 1969.69 23% 2422.72
Razem Netto: 1969.69 PLN
Razem VAT: 453.03 PLN
DO ZAPLATY: 2422.72 PLN",IT_SERVICES
faktura_293.pdf,1234567890,"FAKTURA VAT: FV/1991/8381
Data wystawienia: 2026-08-02
SPRZEDAWCA:
Nazwa: Amazon Web Services EMEA
NIP: 1234567890
Pozycja Netto [PLN] VAT Brutto [PLN]
Domena internetowa 1715.25 23% 2109.76
Subskrypcja Azure Cloud 1668.65 23% 2052.44
Hosting serwera VPS 259.95 23% 319.74
Razem Netto: 3643.85 PLN
Razem VAT: 838.09 PLN
DO ZAPLATY: 4481.94 PLN",IT_SERVICES
faktura_294.pdf,5261040828,"FAKTURA VAT: FV/1970/5839
Data wystawienia: 2026-08-03
SPRZEDAWCA:
Nazwa: Orlen Paliwa Sp. z o.o.
NIP: 5261040828
Pozycja Netto [PLN] VAT Brutto [PLN]
Opnata autostradowa A2 427.84 23% 526.24
Razem Netto: 427.84 PLN
Razem VAT: 98.40 PLN
DO ZAPLATY: 526.24 PLN",TRAVEL_FLEET
faktura_295.pdf,1234567890,"FAKTURA VAT: FV/1997/3527
Data wystawienia: 2026-02-06
SPRZEDAWCA:
Nazwa: Amazon Web Services EMEA
NIP: 1234567890
Pozycja Netto [PLN] VAT Brutto [PLN]
Hosting serwera VPS 62.73 23% 77.16
Domena internetowa 805.26 23% 990.47
Razem Netto: 867.99 PLN
Razem VAT: 199.64 PLN
DO ZAPLATY: 1067.63 PLN",IT_SERVICES
faktura_296.pdf,5261040828,"FAKTURA VAT: FV/1985/6896
Data wystawienia: 2026-02-14
SPRZEDAWCA:
Nazwa: Orlen Paliwa Sp. z o.o.
NIP: 5261040828
Pozycja Netto [PLN] VAT Brutto [PLN]
Olej napndowy Verva 509.11 23% 626.21
Razem Netto: 509.11 PLN
Razem VAT: 117.10 PLN
DO ZAPLATY: 626.21 PLN",TRAVEL_FLEET
faktura_297.pdf,9876543210,"FAKTURA VAT: FV/2001/8353
Data wystawienia: 2026-02-15
SPRZEDAWCA:
Nazwa: Biuromax Artykuny Biurowe
NIP: 9876543210
Pozycja Netto [PLN] VAT Brutto [PLN]
Papier ksero A4 5 ryz 269.57 23% 331.57
Razem Netto: 269.57 PLN
Razem VAT: 62.00 PLN
DO ZAPLATY: 331.57 PLN",OFFICE_SUPPLIES
faktura_298.pdf,1234567890,"FAKTURA VAT: FV/2014/2524
Data wystawienia: 2026-03-01
SPRZEDAWCA:
Nazwa: Amazon Web Services EMEA
NIP: 1234567890
Pozycja Netto [PLN] VAT Brutto [PLN]
Hosting serwera VPS 1063.83 23% 1308.51
Subskrypcja Azure Cloud 1958.96 23% 2409.52
Razem Netto: 3022.79 PLN
Razem VAT: 695.24 PLN
DO ZAPLATY: 3718.03 PLN",IT_SERVICES
faktura_299.pdf,5213456789,"FAKTURA VAT: FV/2003/4977
Data wystawienia: 2026-04-24
SPRZEDAWCA:
Nazwa: Dell Polska Sp. z o.o.
NIP: 5213456789
Pozycja Netto [PLN] VAT Brutto [PLN]
Kabel USB-C 708.85 23% 871.89
Monitor Dell 27 cali 707.60 23% 870.35
Laptop Lenovo ThinkPad 407.54 23% 501.27
Razem Netto: 1823.99 PLN
Razem VAT: 419.52 PLN
DO ZAPLATY: 2243.51 PLN",IT_HARDWARE
faktura_300.pdf,9876543210,"FAKTURA VAT: FV/2004/3739
Data wystawienia: 2026-04-17
SPRZEDAWCA:
Nazwa: Biuromax Artykuny Biurowe
NIP: 9876543210
Pozycja Netto [PLN] VAT Brutto [PLN]
Segregator biurowy 934.76 23% 1149.75
Papier ksero A4 5 ryz 2363.34 23% 2906.91
Razem Netto: 3298.10 PLN
Razem VAT: 758.56 PLN
DO ZAPLATY: 4056.66 PLN",OFFICE_SUPPLIES
faktura_301.pdf,5213456789,"FAKTURA VAT: FV/1998/9123
Data wystawienia: 2026-07-07
SPRZEDAWCA:
Nazwa: Dell Polska Sp. z o.o.
NIP: 5213456789
Pozycja Netto [PLN] VAT Brutto [PLN]
Monitor Dell 27 cali 796.41 23% 979.58
Kabel USB-C 2374.62 23% 2920.78
Razem Netto: 3171.03 PLN
Razem VAT: 729.33 PLN
DO ZAPLATY: 3900.36 PLN",IT_HARDWARE
faktura_302.pdf,9876543210,"FAKTURA VAT: FV/2002/6443
Data wystawienia: 2026-04-05
SPRZEDAWCA:
Nazwa: Biuromax Artykuny Biurowe
NIP: 9876543210
Pozycja Netto [PLN] VAT Brutto [PLN]
Segregator biurowy 1105.01 23% 1359.16
Toner do drukarki HP 2067.66 23% 2543.22
Razem Netto: 3172.67 PLN
Razem VAT: 729.71 PLN
DO ZAPLATY: 3902.38 PLN",OFFICE_SUPPLIES
faktura_303.pdf,5213456789,"FAKTURA VAT: FV/2001/3230
Data wystawienia: 2026-08-03
SPRZEDAWCA:
Nazwa: Dell Polska Sp. z o.o.
NIP: 5213456789
Pozycja Netto [PLN] VAT Brutto [PLN]
Laptop Lenovo ThinkPad 2413.21 23% 2968.25
Monitor Dell 27 cali 2423.38 23% 2980.76
Razem Netto: 4836.59 PLN
Razem VAT: 1112.42 PLN
DO ZAPLATY: 5949.01 PLN",IT_HARDWARE
faktura_304.pdf,9876543210,"FAKTURA VAT: FV/1979/5775
Data wystawienia: 2026-05-29
SPRZEDAWCA:
Nazwa: Biuromax Artykuny Biurowe
NIP: 9876543210
Pozycja Netto [PLN] VAT Brutto [PLN]
Toner do drukarki HP 736.74 23% 906.19
Segregator biurowy 1975.37 23% 2429.71
Kawa ziarnista Arabica 1kg 944.29 23% 1161.48
Razem Netto: 3656.40 PLN
Razem VAT: 840.98 PLN
DO ZAPLATY: 4497.38 PLN",OFFICE_SUPPLIES
faktura_305.pdf,5213456789,"FAKTURA VAT: FV/1982/4273
Data wystawienia: 2026-08-21
SPRZEDAWCA:
Nazwa: Dell Polska Sp. z o.o.
NIP: 5213456789
Pozycja Netto [PLN] VAT Brutto [PLN]
Monitor Dell 27 cali 2360.29 23% 2903.16
Laptop Lenovo ThinkPad 563.64 23% 693.28
Klawiatura mechaniczna 2004.33 23% 2465.33
Razem Netto: 4928.26 PLN
Razem VAT: 1133.51 PLN
DO ZAPLATY: 6061.77 PLN",IT_HARDWARE
faktura_306.pdf,9876543210,"FAKTURA VAT: FV/2004/2133
Data wystawienia: 2026-02-23
SPRZEDAWCA:
Nazwa: Biuromax Artykuny Biurowe
NIP: 9876543210
Pozycja Netto [PLN] VAT Brutto [PLN]
Segregator biurowy 642.95 23% 790.83
Papier ksero A4 5 ryz 1663.72 23% 2046.38
Toner do drukarki HP 1802.33 23% 2216.87
Razem Netto: 4109.00 PLN
Razem VAT: 945.08 PLN
DO ZAPLATY: 5054.08 PLN",OFFICE_SUPPLIES
faktura_307.pdf,9876543210,"FAKTURA VAT: FV/1974/7176
Data wystawienia: 2026-04-18
SPRZEDAWCA:
Nazwa: Biuromax Artykuny Biurowe
NIP: 9876543210
Pozycja Netto [PLN] VAT Brutto [PLN]
Segregator biurowy 1381.93 23% 1699.77
Kawa ziarnista Arabica 1kg 1987.27 23% 2444.34
Toner do drukarki HP 930.85 23% 1144.95
Razem Netto: 4300.05 PLN
Razem VAT: 989.01 PLN
DO ZAPLATY: 5289.06 PLN",OFFICE_SUPPLIES
faktura_308.pdf,5261040828,"FAKTURA VAT: FV/2022/9796
Data wystawienia: 2026-06-11
SPRZEDAWCA:
Nazwa: Orlen Paliwa Sp. z o.o.
NIP: 5261040828
Pozycja Netto [PLN] VAT Brutto [PLN]
Benzyna Pb95 1661.12 23% 2043.18
Razem Netto: 1661.12 PLN
Razem VAT: 382.06 PLN
DO ZAPLATY: 2043.18 PLN",TRAVEL_FLEET
faktura_309.pdf,5261040828,"FAKTURA VAT: FV/1993/6816
Data wystawienia: 2026-07-17
SPRZEDAWCA:
Nazwa: Orlen Paliwa Sp. z o.o.
NIP: 5261040828
Pozycja Netto [PLN] VAT Brutto [PLN]
Hotel Warszawa doba 309.56 23% 380.76
Benzyna Pb95 291.59 23% 358.66
Opnata autostradowa A2 593.90 23% 730.50
Razem Netto: 1195.05 PLN
Razem VAT: 274.87 PLN
DO ZAPLATY: 1469.92 PLN",TRAVEL_FLEET
faktura_310.pdf,5213456789,"FAKTURA VAT: FV/1988/9499
Data wystawienia: 2026-01-01
SPRZEDAWCA:
Nazwa: Dell Polska Sp. z o.o.
NIP: 5213456789
Pozycja Netto [PLN] VAT Brutto [PLN]
Laptop Lenovo ThinkPad 1184.50 23% 1456.94
Klawiatura mechaniczna 1714.91 23% 2109.34
Razem Netto: 2899.41 PLN
Razem VAT: 666.87 PLN
DO ZAPLATY: 3566.28 PLN",IT_HARDWARE
faktura_311.pdf,5261040828,"FAKTURA VAT: FV/1989/9199
Data wystawienia: 2026-04-26
SPRZEDAWCA:
Nazwa: Orlen Paliwa Sp. z o.o.
NIP: 5261040828
Pozycja Netto [PLN] VAT Brutto [PLN]
Olej napndowy Verva 1069.14 23% 1315.04
Benzyna Pb95 2406.23 23% 2959.66
Razem Netto: 3475.37 PLN
Razem VAT: 799.33 PLN
DO ZAPLATY: 4274.70 PLN",TRAVEL_FLEET
faktura_312.pdf,5213456789,"FAKTURA VAT: FV/2009/2901
Data wystawienia: 2026-08-14
SPRZEDAWCA:
Nazwa: Dell Polska Sp. z o.o.
NIP: 5213456789
Pozycja Netto [PLN] VAT Brutto [PLN]
Laptop Lenovo ThinkPad 1165.56 23% 1433.64
Klawiatura mechaniczna 556.82 23% 684.89
Razem Netto: 1722.38 PLN
Razem VAT: 396.15 PLN
DO ZAPLATY: 2118.53 PLN",IT_HARDWARE
faktura_313.pdf,5261040828,"FAKTURA VAT: FV/2014/8912
Data wystawienia: 2026-07-10
SPRZEDAWCA:
Nazwa: Orlen Paliwa Sp. z o.o.
NIP: 5261040828
Pozycja Netto [PLN] VAT Brutto [PLN]
Hotel Warszawa doba 214.58 23% 263.93
Benzyna Pb95 159.47 23% 196.15
Razem Netto: 374.05 PLN
Razem VAT: 86.03 PLN
DO ZAPLATY: 460.08 PLN",TRAVEL_FLEET
faktura_314.pdf,1234567890,"FAKTURA VAT: FV/1980/2885
Data wystawienia: 2026-06-23
SPRZEDAWCA:
Nazwa: Amazon Web Services EMEA
NIP: 1234567890
Pozycja Netto [PLN] VAT Brutto [PLN]
Hosting serwera VPS 2328.31 23% 2863.82
Licencja JetBrains 1864.20 23% 2292.97
Domena internetowa 1314.19 23% 1616.45
Razem Netto: 5506.70 PLN
Razem VAT: 1266.54 PLN
DO ZAPLATY: 6773.24 PLN",IT_SERVICES
faktura_315.pdf,9876543210,"FAKTURA VAT: FV/2006/3623
Data wystawienia: 2026-07-08
SPRZEDAWCA:
Nazwa: Biuromax Artykuny Biurowe
NIP: 9876543210
Pozycja Netto [PLN] VAT Brutto [PLN]
Toner do drukarki HP 1592.91 23% 1959.28
Segregator biurowy 506.65 23% 623.18
Razem Netto: 2099.56 PLN
Razem VAT: 482.90 PLN
DO ZAPLATY: 2582.46 PLN",OFFICE_SUPPLIES
faktura_316.pdf,5213456789,"FAKTURA VAT: FV/1993/8080
Data wystawienia: 2026-05-10
SPRZEDAWCA:
Nazwa: Dell Polska Sp. z o.o.
NIP: 5213456789
Pozycja Netto [PLN] VAT Brutto [PLN]
Kabel USB-C 60.90 23% 74.91
Klawiatura mechaniczna 576.25 23% 708.79
Razem Netto: 637.15 PLN
Razem VAT: 146.55 PLN
DO ZAPLATY: 783.70 PLN",IT_HARDWARE
faktura_317.pdf,5261040828,"FAKTURA VAT: FV/2007/5560
Data wystawienia: 2026-07-31
SPRZEDAWCA:
Nazwa: Orlen Paliwa Sp. z o.o.
NIP: 5261040828
Pozycja Netto [PLN] VAT Brutto [PLN]
Olej napndowy Verva 946.19 23% 1163.81
Opnata autostradowa A2 532.83 23% 655.38
Hotel Warszawa doba 329.19 23% 404.90
Razem Netto: 1808.21 PLN
Razem VAT: 415.88 PLN
DO ZAPLATY: 2224.09 PLN",TRAVEL_FLEET
faktura_318.pdf,1234567890,"FAKTURA VAT: FV/1995/9019
Data wystawienia: 2026-06-26
SPRZEDAWCA:
Nazwa: Amazon Web Services EMEA
NIP: 1234567890
Pozycja Netto [PLN] VAT Brutto [PLN]
Domena internetowa 1488.16 23% 1830.44
Licencja JetBrains 902.42 23% 1109.98
Subskrypcja Azure Cloud 2121.52 23% 2609.47
Razem Netto: 4512.10 PLN
Razem VAT: 1037.79 PLN
DO ZAPLATY: 5549.89 PLN",IT_SERVICES
faktura_319.pdf,1234567890,"FAKTURA VAT: FV/1991/3826
Data wystawienia: 2026-03-15
SPRZEDAWCA:
Nazwa: Amazon Web Services EMEA
NIP: 1234567890
Pozycja Netto [PLN] VAT Brutto [PLN]
Hosting serwera VPS 817.31 23% 1005.29
Licencja JetBrains 634.50 23% 780.44
Domena internetowa 336.52 23% 413.92
Razem Netto: 1788.33 PLN
Razem VAT: 411.32 PLN
DO ZAPLATY: 2199.65 PLN",IT_SERVICES
faktura_320.pdf,9876543210,"FAKTURA VAT: FV/2017/7116
Data wystawienia: 2026-04-03
SPRZEDAWCA:
Nazwa: Biuromax Artykuny Biurowe
NIP: 9876543210
Pozycja Netto [PLN] VAT Brutto [PLN]
Toner do drukarki HP 990.09 23% 1217.81
Kawa ziarnista Arabica 1kg 505.10 23% 621.27
Razem Netto: 1495.19 PLN
Razem VAT: 343.89 PLN
DO ZAPLATY: 1839.08 PLN",OFFICE_SUPPLIES
faktura_321.pdf,5213456789,"FAKTURA VAT: FV/2008/9804
Data wystawienia: 2026-05-29
SPRZEDAWCA:
Nazwa: Dell Polska Sp. z o.o.
NIP: 5213456789
Pozycja Netto [PLN] VAT Brutto [PLN]
Klawiatura mechaniczna 393.73 23% 484.29
Kabel USB-C 820.72 23% 1009.49
Laptop Lenovo ThinkPad 1154.95 23% 1420.59
Razem Netto: 2369.40 PLN
Razem VAT: 544.97 PLN
DO ZAPLATY: 2914.37 PLN",IT_HARDWARE
faktura_322.pdf,1495766274,"FAKTURA VAT: FV/1985/1878
Data wystawienia: 2026-06-09
SPRZEDAWCA:
Nazwa: Byra s.c.
NIP: 1495766274
Pozycja Netto [PLN] VAT Brutto [PLN]
Benzyna Pb95 2047.28 23% 2518.15
Olej napndowy Verva 2411.38 23% 2966.00
Razem Netto: 4458.66 PLN
Razem VAT: 1025.49 PLN
DO ZAPLATY: 5484.15 PLN",TRAVEL_FLEET
faktura_323.pdf,9876543210,"FAKTURA VAT: FV/2010/9281
Data wystawienia: 2026-05-09
SPRZEDAWCA:
Nazwa: Biuromax Artykuny Biurowe
NIP: 9876543210
Pozycja Netto [PLN] VAT Brutto [PLN]
Segregator biurowy 1247.31 23% 1534.19
Toner do drukarki HP 252.54 23% 310.62
Kawa ziarnista Arabica 1kg 125.61 23% 154.50
Razem Netto: 1625.46 PLN
Razem VAT: 373.85 PLN
DO ZAPLATY: 1999.31 PLN",OFFICE_SUPPLIES
faktura_324.pdf,1234567890,"FAKTURA VAT: FV/1976/4613
Data wystawienia: 2026-06-20
SPRZEDAWCA:
Nazwa: Amazon Web Services EMEA
NIP: 1234567890
Pozycja Netto [PLN] VAT Brutto [PLN]
Licencja JetBrains 462.11 23% 568.40
Razem Netto: 462.11 PLN
Razem VAT: 106.29 PLN
DO ZAPLATY: 568.40 PLN",IT_SERVICES
faktura_325.pdf,9876543210,"FAKTURA VAT: FV/1976/8492
Data wystawienia: 2026-07-24
SPRZEDAWCA:
Nazwa: Biuromax Artykuny Biurowe
NIP: 9876543210
Pozycja Netto [PLN] VAT Brutto [PLN]
Papier ksero A4 5 ryz 706.33 23% 868.79
Kawa ziarnista Arabica 1kg 1380.61 23% 1698.15
Segregator biurowy 2477.69 23% 3047.56
Razem Netto: 4564.63 PLN
Razem VAT: 1049.87 PLN
DO ZAPLATY: 5614.50 PLN",OFFICE_SUPPLIES
faktura_326.pdf,5261040828,"FAKTURA VAT: FV/2001/9880
Data wystawienia: 2026-01-06
SPRZEDAWCA:
Nazwa: Orlen Paliwa Sp. z o.o.
NIP: 5261040828
Pozycja Netto [PLN] VAT Brutto [PLN]
Hotel Warszawa doba 2474.95 23% 3044.19
Opnata autostradowa A2 300.92 23% 370.13
Olej napndowy Verva 2083.67 23% 2562.91
Razem Netto: 4859.54 PLN
Razem VAT: 1117.69 PLN
DO ZAPLATY: 5977.23 PLN",TRAVEL_FLEET
faktura_327.pdf,5261040828,"FAKTURA VAT: FV/2019/5055
Data wystawienia: 2026-02-25
SPRZEDAWCA:
Nazwa: Orlen Paliwa Sp. z o.o.
NIP: 5261040828
Pozycja Netto [PLN] VAT Brutto [PLN]
Opnata autostradowa A2 2162.39 23% 2659.74
Benzyna Pb95 263.11 23% 323.63
Razem Netto: 2425.50 PLN
Razem VAT: 557.87 PLN
DO ZAPLATY: 2983.37 PLN",TRAVEL_FLEET
faktura_328.pdf,5213456789,"FAKTURA VAT: FV/1997/2923
Data wystawienia: 2026-09-12
SPRZEDAWCA:
Nazwa: Dell Polska Sp. z o.o.
NIP: 5213456789
Pozycja Netto [PLN] VAT Brutto [PLN]
Laptop Lenovo ThinkPad 2159.57 23% 2656.27
Razem Netto: 2159.57 PLN
Razem VAT: 496.70 PLN
DO ZAPLATY: 2656.27 PLN",IT_HARDWARE
faktura_329.pdf,5213456789,"FAKTURA VAT: FV/1980/8015
Data wystawienia: 2026-01-30
SPRZEDAWCA:
Nazwa: Dell Polska Sp. z o.o.
NIP: 5213456789
Pozycja Netto [PLN] VAT Brutto [PLN]
Klawiatura mechaniczna 2023.33 23% 2488.70
Razem Netto: 2023.33 PLN
Razem VAT: 465.37 PLN
DO ZAPLATY: 2488.70 PLN",IT_HARDWARE
faktura_330.pdf,5213456789,"FAKTURA VAT: FV/2001/6747
Data wystawienia: 2026-04-13
SPRZEDAWCA:
Nazwa: Dell Polska Sp. z o.o.
NIP: 5213456789
Pozycja Netto [PLN] VAT Brutto [PLN]
Laptop Lenovo ThinkPad 1453.20 23% 1787.44
Klawiatura mechaniczna 2383.37 23% 2931.55
Razem Netto: 3836.57 PLN
Razem VAT: 882.42 PLN
DO ZAPLATY: 4718.99 PLN",IT_HARDWARE
faktura_331.pdf,9396158653,"FAKTURA VAT: FV/1993/9428
Data wystawienia: 2026-08-31
SPRZEDAWCA:
Nazwa: Gabinety Migon Sp. z o.o.
NIP: 9396158653
Pozycja Netto [PLN] VAT Brutto [PLN]
Hotel Warszawa doba 2300.98 23% 2830.21
Razem Netto: 2300.98 PLN
Razem VAT: 529.23 PLN
DO ZAPLATY: 2830.21 PLN",TRAVEL_FLEET
faktura_332.pdf,3764316115,"FAKTURA VAT: FV/2012/5543
Data wystawienia: 2026-01-27
SPRZEDAWCA:
Nazwa: Spóndzielnia Tadla Sp. z o.o. Sp.k.
NIP: 3764316115
Pozycja Netto [PLN] VAT Brutto [PLN]
Klawiatura mechaniczna 1792.92 23% 2205.29
Monitor Dell 27 cali 2079.78 23% 2558.13
Laptop Lenovo ThinkPad 1915.61 23% 2356.20
Razem Netto: 5788.31 PLN
Razem VAT: 1331.31 PLN
DO ZAPLATY: 7119.62 PLN",IT_HARDWARE
faktura_333.pdf,1234567890,"FAKTURA VAT: FV/1971/7434
Data wystawienia: 2026-01-18
SPRZEDAWCA:
Nazwa: Amazon Web Services EMEA
NIP: 1234567890
Pozycja Netto [PLN] VAT Brutto [PLN]
Domena internetowa 235.01 23% 289.06
Subskrypcja Azure Cloud 1996.77 23% 2456.03
Licencja JetBrains 1933.77 23% 2378.54
Razem Netto: 4165.55 PLN
Razem VAT: 958.08 PLN
DO ZAPLATY: 5123.63 PLN",IT_SERVICES
faktura_334.pdf,1234567890,"FAKTURA VAT: FV/1992/7600
Data wystawienia: 2026-01-22
SPRZEDAWCA:
Nazwa: Amazon Web Services EMEA
NIP: 1234567890
Pozycja Netto [PLN] VAT Brutto [PLN]
Licencja JetBrains 851.86 23% 1047.79
Subskrypcja Azure Cloud 56.06 23% 68.95
Domena internetowa 1946.63 23% 2394.35
Razem Netto: 2854.55 PLN
Razem VAT: 656.54 PLN
DO ZAPLATY: 3511.09 PLN",IT_SERVICES
faktura_335.pdf,9876543210,"FAKTURA VAT: FV/1989/2526
Data wystawienia: 2026-05-20
SPRZEDAWCA:
Nazwa: Biuromax Artykuny Biurowe
NIP: 9876543210
Pozycja Netto [PLN] VAT Brutto [PLN]
Kawa ziarnista Arabica 1kg 583.68 23% 717.93
Papier ksero A4 5 ryz 1102.63 23% 1356.23
Toner do drukarki HP 569.04 23% 699.92
Razem Netto: 2255.35 PLN
Razem VAT: 518.73 PLN
DO ZAPLATY: 2774.08 PLN",OFFICE_SUPPLIES
faktura_336.pdf,1234567890,"FAKTURA VAT: FV/1995/5399
Data wystawienia: 2026-06-17
SPRZEDAWCA:
Nazwa: Amazon Web Services EMEA
NIP: 1234567890
Pozycja Netto [PLN] VAT Brutto [PLN]
Subskrypcja Azure Cloud 2138.44 23% 2630.28
Licencja JetBrains 1981.34 23% 2437.05
Razem Netto: 4119.78 PLN
Razem VAT: 947.55 PLN
DO ZAPLATY: 5067.33 PLN",IT_SERVICES
faktura_337.pdf,9876543210,"FAKTURA VAT: FV/1979/1793
Data wystawienia: 2026-04-05
SPRZEDAWCA:
Nazwa: Biuromax Artykuny Biurowe
NIP: 9876543210
Pozycja Netto [PLN] VAT Brutto [PLN]
Papier ksero A4 5 ryz 2327.11 23% 2862.35
Razem Netto: 2327.11 PLN
Razem VAT: 535.24 PLN
DO ZAPLATY: 2862.35 PLN",OFFICE_SUPPLIES
faktura_338.pdf,5261040828,"FAKTURA VAT: FV/2006/3588
Data wystawienia: 2026-06-10
SPRZEDAWCA:
Nazwa: Orlen Paliwa Sp. z o.o.
NIP: 5261040828
Pozycja Netto [PLN] VAT Brutto [PLN]
Benzyna Pb95 2278.05 23% 2802.00
Opnata autostradowa A2 2211.26 23% 2719.85
Razem Netto: 4489.31 PLN
Razem VAT: 1032.54 PLN
DO ZAPLATY: 5521.85 PLN",TRAVEL_FLEET
faktura_339.pdf,1234567890,"FAKTURA VAT: FV/2008/5945
Data wystawienia: 2026-09-22
SPRZEDAWCA:
Nazwa: Amazon Web Services EMEA
NIP: 1234567890
Pozycja Netto [PLN] VAT Brutto [PLN]
Licencja JetBrains 663.45 23% 816.04
Razem Netto: 663.45 PLN
Razem VAT: 152.59 PLN
DO ZAPLATY: 816.04 PLN",IT_SERVICES
faktura_340.pdf,5213456789,"FAKTURA VAT: FV/2023/7092
Data wystawienia: 2026-03-11
SPRZEDAWCA:
Nazwa: Dell Polska Sp. z o.o.
NIP: 5213456789
Pozycja Netto [PLN] VAT Brutto [PLN]
Kabel USB-C 1582.73 23% 1946.76
Razem Netto: 1582.73 PLN
Razem VAT: 364.03 PLN
DO ZAPLATY: 1946.76 PLN",IT_HARDWARE
faktura_341.pdf,5261040828,"FAKTURA VAT: FV/1981/4836
Data wystawienia: 2026-03-09
SPRZEDAWCA:
Nazwa: Orlen Paliwa Sp. z o.o.
NIP: 5261040828
Pozycja Netto [PLN] VAT Brutto [PLN]
Olej napndowy Verva 1218.18 23% 1498.36
Hotel Warszawa doba 375.11 23% 461.39
Opnata autostradowa A2 604.17 23% 743.13
Razem Netto: 2197.46 PLN
Razem VAT: 505.42 PLN
DO ZAPLATY: 2702.88 PLN",TRAVEL_FLEET
faktura_342.pdf,1234567890,"FAKTURA VAT: FV/1975/8291
Data wystawienia: 2026-08-25
SPRZEDAWCA:
Nazwa: Amazon Web Services EMEA
NIP: 1234567890
Pozycja Netto [PLN] VAT Brutto [PLN]
Domena internetowa 1750.38 23% 2152.97
Razem Netto: 1750.38 PLN
Razem VAT: 402.59 PLN
DO ZAPLATY: 2152.97 PLN",IT_SERVICES
faktura_343.pdf,9876543210,"FAKTURA VAT: FV/1996/8826
Data wystawienia: 2026-08-29
SPRZEDAWCA:
Nazwa: Biuromax Artykuny Biurowe
NIP: 9876543210
Pozycja Netto [PLN] VAT Brutto [PLN]
Papier ksero A4 5 ryz 302.84 23% 372.49
Razem Netto: 302.84 PLN
Razem VAT: 69.65 PLN
DO ZAPLATY: 372.49 PLN",OFFICE_SUPPLIES
faktura_344.pdf,6889237471,"FAKTURA VAT: FV/2016/7022
Data wystawienia: 2026-04-04
SPRZEDAWCA:
Nazwa: FPUH Sroga
NIP: 6889237471
Pozycja Netto [PLN] VAT Brutto [PLN]
Klawiatura mechaniczna 2482.70 23% 3053.72
Laptop Lenovo ThinkPad 399.99 23% 491.99
Razem Netto: 2882.69 PLN
Razem VAT: 663.02 PLN
DO ZAPLATY: 3545.71 PLN",IT_HARDWARE
faktura_345.pdf,5213456789,"FAKTURA VAT: FV/2024/9691
Data wystawienia: 2026-06-30
SPRZEDAWCA:
Nazwa: Dell Polska Sp. z o.o.
NIP: 5213456789
Pozycja Netto [PLN] VAT Brutto [PLN]
Laptop Lenovo ThinkPad 571.99 23% 703.55
Kabel USB-C 1883.26 23% 2316.41
Razem Netto: 2455.25 PLN
Razem VAT: 564.71 PLN
DO ZAPLATY: 3019.96 PLN",IT_HARDWARE
faktura_346.pdf,9876543210,"FAKTURA VAT: FV/1989/7745
Data wystawienia: 2026-09-21
SPRZEDAWCA:
Nazwa: Biuromax Artykuny Biurowe
NIP: 9876543210
Pozycja Netto [PLN] VAT Brutto [PLN]
Papier ksero A4 5 ryz 2246.65 23% 2763.38
Razem Netto: 2246.65 PLN
Razem VAT: 516.73 PLN
DO ZAPLATY: 2763.38 PLN",OFFICE_SUPPLIES
faktura_347.pdf,9876543210,"FAKTURA VAT: FV/2007/3293
Data wystawienia: 2026-03-03
SPRZEDAWCA:
Nazwa: Biuromax Artykuny Biurowe
NIP: 9876543210
Pozycja Netto [PLN] VAT Brutto [PLN]
Segregator biurowy 1988.14 23% 2445.41
Toner do drukarki HP 657.08 23% 808.21
Razem Netto: 2645.22 PLN
Razem VAT: 608.40 PLN
DO ZAPLATY: 3253.62 PLN",OFFICE_SUPPLIES
faktura_348.pdf,1234567890,"FAKTURA VAT: FV/1975/2380
Data wystawienia: 2026-06-21
SPRZEDAWCA:
Nazwa: Amazon Web Services EMEA
NIP: 1234567890
Pozycja Netto [PLN] VAT Brutto [PLN]
Hosting serwera VPS 553.34 23% 680.61
Licencja JetBrains 1536.97 23% 1890.47
Subskrypcja Azure Cloud 512.18 23% 629.98
Razem Netto: 2602.49 PLN
Razem VAT: 598.57 PLN
DO ZAPLATY: 3201.06 PLN",IT_SERVICES
faktura_349.pdf,5261040828,"FAKTURA VAT: FV/1993/7418
Data wystawienia: 2026-08-17
SPRZEDAWCA:
Nazwa: Orlen Paliwa Sp. z o.o.
NIP: 5261040828
Pozycja Netto [PLN] VAT Brutto [PLN]
Hotel Warszawa doba 995.42 23% 1224.37
Razem Netto: 995.42 PLN
Razem VAT: 228.95 PLN
DO ZAPLATY: 1224.37 PLN",TRAVEL_FLEET
faktura_350.pdf,5261040828,"FAKTURA VAT: FV/1990/4949
Data wystawienia: 2026-09-06
SPRZEDAWCA:
Nazwa: Orlen Paliwa Sp. z o.o.
NIP: 5261040828
Pozycja Netto [PLN] VAT Brutto [PLN]
Olej napndowy Verva 373.36 23% 459.23
Benzyna Pb95 2158.99 23% 2655.56
Opnata autostradowa A2 1442.53 23% 1774.31
Razem Netto: 3974.88 PLN
Razem VAT: 914.22 PLN
DO ZAPLATY: 4889.10 PLN",TRAVEL_FLEET
faktura_351.pdf,5213456789,"FAKTURA VAT: FV/1998/6986
Data wystawienia: 2026-09-26
SPRZEDAWCA:
Nazwa: Dell Polska Sp. z o.o.
NIP: 5213456789
Pozycja Netto [PLN] VAT Brutto [PLN]
Monitor Dell 27 cali 1489.04 23% 1831.52
Kabel USB-C 83.79 23% 103.06
Razem Netto: 1572.83 PLN
Razem VAT: 361.75 PLN
DO ZAPLATY: 1934.58 PLN",IT_HARDWARE
faktura_352.pdf,5261040828,"FAKTURA VAT: FV/1987/4534
Data wystawienia: 2026-06-27
SPRZEDAWCA:
Nazwa: Orlen Paliwa Sp. z o.o.
NIP: 5261040828
Pozycja Netto [PLN] VAT Brutto [PLN]
Opnata autostradowa A2 1795.94 23% 2209.01
Hotel Warszawa doba 1929.42 23% 2373.19
Razem Netto: 3725.36 PLN
Razem VAT: 856.84 PLN
DO ZAPLATY: 4582.20 PLN",TRAVEL_FLEET
faktura_353.pdf,5261040828,"FAKTURA VAT: FV/1990/7939
Data wystawienia: 2026-03-19
SPRZEDAWCA:
Nazwa: Orlen Paliwa Sp. z o.o.
NIP: 5261040828
Pozycja Netto [PLN] VAT Brutto [PLN]
Benzyna Pb95 809.27 23% 995.40
Hotel Warszawa doba 1302.70 23% 1602.32
Olej napndowy Verva 547.83 23% 673.83
Razem Netto: 2659.80 PLN
Razem VAT: 611.75 PLN
DO ZAPLATY: 3271.55 PLN",TRAVEL_FLEET
faktura_354.pdf,9876543210,"FAKTURA VAT: FV/1996/3545
Data wystawienia: 2026-07-07
SPRZEDAWCA:
Nazwa: Biuromax Artykuny Biurowe
NIP: 9876543210
Pozycja Netto [PLN] VAT Brutto [PLN]
Papier ksero A4 5 ryz 1838.40 23% 2261.23
Toner do drukarki HP 2123.85 23% 2612.34
Kawa ziarnista Arabica 1kg 191.87 23% 236.00
Razem Netto: 4154.12 PLN
Razem VAT: 955.45 PLN
DO ZAPLATY: 5109.57 PLN",OFFICE_SUPPLIES
faktura_355.pdf,5569594401,"FAKTURA VAT: FV/1977/2412
Data wystawienia: 2026-04-03
SPRZEDAWCA:
Nazwa: Stowarzyszenie Grochowina s.c.
NIP: 5569594401
Pozycja Netto [PLN] VAT Brutto [PLN]
Olej napndowy Verva 1681.89 23% 2068.72
Benzyna Pb95 1662.23 23% 2044.54
Razem Netto: 3344.12 PLN
Razem VAT: 769.14 PLN
DO ZAPLATY: 4113.26 PLN",TRAVEL_FLEET
faktura_356.pdf,5213456789,"FAKTURA VAT: FV/2016/3877
Data wystawienia: 2026-01-20
SPRZEDAWCA:
Nazwa: Dell Polska Sp. z o.o.
NIP: 5213456789
Pozycja Netto [PLN] VAT Brutto [PLN]
Monitor Dell 27 cali 2384.89 23% 2933.41
Kabel USB-C 1331.36 23% 1637.57
Klawiatura mechaniczna 1968.32 23% 2421.03
Razem Netto: 5684.57 PLN
Razem VAT: 1307.44 PLN
DO ZAPLATY: 6992.01 PLN",IT_HARDWARE
faktura_357.pdf,5213456789,"FAKTURA VAT: FV/2011/5247
Data wystawienia: 2026-07-12
SPRZEDAWCA:
Nazwa: Dell Polska Sp. z o.o.
NIP: 5213456789
Pozycja Netto [PLN] VAT Brutto [PLN]
Laptop Lenovo ThinkPad 1940.00 23% 2386.20
Kabel USB-C 121.92 23% 149.96
Monitor Dell 27 cali 2027.41 23% 2493.71
Razem Netto: 4089.33 PLN
Razem VAT: 940.54 PLN
DO ZAPLATY: 5029.87 PLN",IT_HARDWARE
faktura_358.pdf,1234567890,"FAKTURA VAT: FV/2026/5456
Data wystawienia: 2026-04-22
SPRZEDAWCA:
Nazwa: Amazon Web Services EMEA
NIP: 1234567890
Pozycja Netto [PLN] VAT Brutto [PLN]
Hosting serwera VPS 1301.42 23% 1600.75
Subskrypcja Azure Cloud 185.83 23% 228.57
Licencja JetBrains 2155.43 23% 2651.18
Razem Netto: 3642.68 PLN
Razem VAT: 837.82 PLN
DO ZAPLATY: 4480.50 PLN",IT_SERVICES
faktura_359.pdf,1234567890,"FAKTURA VAT: FV/2022/3734
Data wystawienia: 2026-03-31
SPRZEDAWCA:
Nazwa: Amazon Web Services EMEA
NIP: 1234567890
Pozycja Netto [PLN] VAT Brutto [PLN]
Hosting serwera VPS 609.59 23% 749.80
Razem Netto: 609.59 PLN
Razem VAT: 140.21 PLN
DO ZAPLATY: 749.80 PLN",IT_SERVICES
faktura_360.pdf,5261040828,"FAKTURA VAT: FV/2011/9336
Data wystawienia: 2026-05-17
SPRZEDAWCA:
Nazwa: Orlen Paliwa Sp. z o.o.
NIP: 5261040828
Pozycja Netto [PLN] VAT Brutto [PLN]
Olej napndowy Verva 1205.82 23% 1483.16
Razem Netto: 1205.82 PLN
Razem VAT: 277.34 PLN
DO ZAPLATY: 1483.16 PLN",TRAVEL_FLEET
faktura_361.pdf,3259421042,"FAKTURA VAT: FV/1984/7274
Data wystawienia: 2026-09-05
SPRZEDAWCA:
Nazwa: Grupa Sygut Sp. z o.o. Sp.k.
NIP: 3259421042
Pozycja Netto [PLN] VAT Brutto [PLN]
Kabel USB-C 600.06 23% 738.07
Razem Netto: 600.06 PLN
Razem VAT: 138.01 PLN
DO ZAPLATY: 738.07 PLN",IT_HARDWARE
faktura_362.pdf,1234567890,"FAKTURA VAT: FV/2019/5067
Data wystawienia: 2026-02-21
SPRZEDAWCA:
Nazwa: Amazon Web Services EMEA
NIP: 1234567890
Pozycja Netto [PLN] VAT Brutto [PLN]
Hosting serwera VPS 963.38 23% 1184.96
Licencja JetBrains 1280.00 23% 1574.40
Razem Netto: 2243.38 PLN
Razem VAT: 515.98 PLN
DO ZAPLATY: 2759.36 PLN",IT_SERVICES
faktura_363.pdf,5261040828,"FAKTURA VAT: FV/1976/1862
Data wystawienia: 2026-04-25
SPRZEDAWCA:
Nazwa: Orlen Paliwa Sp. z o.o.
NIP: 5261040828
Pozycja Netto [PLN] VAT Brutto [PLN]
Olej napndowy Verva 2171.78 23% 2671.29
Benzyna Pb95 1945.14 23% 2392.52
Razem Netto: 4116.92 PLN
Razem VAT: 946.89 PLN
DO ZAPLATY: 5063.81 PLN",TRAVEL_FLEET
faktura_364.pdf,9876543210,"FAKTURA VAT: FV/1992/6090
Data wystawienia: 2026-06-11
SPRZEDAWCA:
Nazwa: Biuromax Artykuny Biurowe
NIP: 9876543210
Pozycja Netto [PLN] VAT Brutto [PLN]
Kawa ziarnista Arabica 1kg 541.64 23% 666.22
Razem Netto: 541.64 PLN
Razem VAT: 124.58 PLN
DO ZAPLATY: 666.22 PLN",OFFICE_SUPPLIES
faktura_365.pdf,5213456789,"FAKTURA VAT: FV/1981/5979
Data wystawienia: 2026-03-19
SPRZEDAWCA:
Nazwa: Dell Polska Sp. z o.o.
NIP: 5213456789
Pozycja Netto [PLN] VAT Brutto [PLN]
Laptop Lenovo ThinkPad 2431.05 23% 2990.19
Kabel USB-C 2494.58 23% 3068.33
Razem Netto: 4925.63 PLN
Razem VAT: 1132.89 PLN
DO ZAPLATY: 6058.52 PLN",IT_HARDWARE
faktura_366.pdf,5213456789,"FAKTURA VAT: FV/1978/4201
Data wystawienia: 2026-07-29
SPRZEDAWCA:
Nazwa: Dell Polska Sp. z o.o.
NIP: 5213456789
Pozycja Netto [PLN] VAT Brutto [PLN]
Monitor Dell 27 cali 2334.37 23% 2871.28
Razem Netto: 2334.37 PLN
Razem VAT: 536.91 PLN
DO ZAPLATY: 2871.28 PLN",IT_HARDWARE
faktura_367.pdf,1234567890,"FAKTURA VAT: FV/1994/1391
Data wystawienia: 2026-07-26
SPRZEDAWCA:
Nazwa: Amazon Web Services EMEA
NIP: 1234567890
Pozycja Netto [PLN] VAT Brutto [PLN]
Hosting serwera VPS 1909.38 23% 2348.54
Subskrypcja Azure Cloud 971.87 23% 1195.40
Domena internetowa 1858.30 23% 2285.71
Razem Netto: 4739.55 PLN
Razem VAT: 1090.10 PLN
DO ZAPLATY: 5829.65 PLN",IT_SERVICES
faktura_368.pdf,5213456789,"FAKTURA VAT: FV/2004/6038
Data wystawienia: 2026-04-16
SPRZEDAWCA:
Nazwa: Dell Polska Sp. z o.o.
NIP: 5213456789
Pozycja Netto [PLN] VAT Brutto [PLN]
Kabel USB-C 2432.77 23% 2992.31
Monitor Dell 27 cali 398.82 23% 490.55
Razem Netto: 2831.59 PLN
Razem VAT: 651.27 PLN
DO ZAPLATY: 3482.86 PLN",IT_HARDWARE
faktura_369.pdf,5213456789,"FAKTURA VAT: FV/2026/5584
Data wystawienia: 2026-03-05
SPRZEDAWCA:
Nazwa: Dell Polska Sp. z o.o.
NIP: 5213456789
Pozycja Netto [PLN] VAT Brutto [PLN]
Kabel USB-C 1173.22 23% 1443.06
Laptop Lenovo ThinkPad 1882.35 23% 2315.29
Klawiatura mechaniczna 1472.89 23% 1811.65
Razem Netto: 4528.46 PLN
Razem VAT: 1041.54 PLN
DO ZAPLATY: 5570.00 PLN",IT_HARDWARE
faktura_370.pdf,9876543210,"FAKTURA VAT: FV/1987/9280
Data wystawienia: 2026-07-07
SPRZEDAWCA:
Nazwa: Biuromax Artykuny Biurowe
NIP: 9876543210
Pozycja Netto [PLN] VAT Brutto [PLN]
Papier ksero A4 5 ryz 1115.71 23% 1372.32
Razem Netto: 1115.71 PLN
Razem VAT: 256.61 PLN
DO ZAPLATY: 1372.32 PLN",OFFICE_SUPPLIES
faktura_371.pdf,1234567890,"FAKTURA VAT: FV/2024/3141
Data wystawienia: 2026-04-25
SPRZEDAWCA:
Nazwa: Amazon Web Services EMEA
NIP: 1234567890
Pozycja Netto [PLN] VAT Brutto [PLN]
Domena internetowa 2088.15 23% 2568.42
Licencja JetBrains 849.32 23% 1044.66
Razem Netto: 2937.47 PLN
Razem VAT: 675.61 PLN
DO ZAPLATY: 3613.08 PLN",IT_SERVICES
faktura_372.pdf,5261040828,"FAKTURA VAT: FV/2020/8417
Data wystawienia: 2026-05-12
SPRZEDAWCA:
Nazwa: Orlen Paliwa Sp. z o.o.
NIP: 5261040828
Pozycja Netto [PLN] VAT Brutto [PLN]
Benzyna Pb95 1960.85 23% 2411.85
Razem Netto: 1960.85 PLN
Razem VAT: 451.00 PLN
DO ZAPLATY: 2411.85 PLN",TRAVEL_FLEET
faktura_373.pdf,5213456789,"FAKTURA VAT: FV/2024/2785
Data wystawienia: 2026-02-14
SPRZEDAWCA:
Nazwa: Dell Polska Sp. z o.o.
NIP: 5213456789
Pozycja Netto [PLN] VAT Brutto [PLN]
Kabel USB-C 1045.96 23% 1286.53
Klawiatura mechaniczna 1363.02 23% 1676.51
Razem Netto: 2408.98 PLN
Razem VAT: 554.06 PLN
DO ZAPLATY: 2963.04 PLN",IT_HARDWARE
faktura_374.pdf,9876543210,"FAKTURA VAT: FV/2001/4401
Data wystawienia: 2026-01-30
SPRZEDAWCA:
Nazwa: Biuromax Artykuny Biurowe
NIP: 9876543210
Pozycja Netto [PLN] VAT Brutto [PLN]
Papier ksero A4 5 ryz 436.16 23% 536.48
Segregator biurowy 1730.83 23% 2128.92
Razem Netto: 2166.99 PLN
Razem VAT: 498.41 PLN
DO ZAPLATY: 2665.40 PLN",OFFICE_SUPPLIES
faktura_375.pdf,1234567890,"FAKTURA VAT: FV/1979/1660
Data wystawienia: 2026-03-29
SPRZEDAWCA:
Nazwa: Amazon Web Services EMEA
NIP: 1234567890
Pozycja Netto [PLN] VAT Brutto [PLN]
Hosting serwera VPS 1792.34 23% 2204.58
Razem Netto: 1792.34 PLN
Razem VAT: 412.24 PLN
DO ZAPLATY: 2204.58 PLN",IT_SERVICES
faktura_376.pdf,5261040828,"FAKTURA VAT: FV/2016/6828
Data wystawienia: 2026-09-19
SPRZEDAWCA:
Nazwa: Orlen Paliwa Sp. z o.o.
NIP: 5261040828
Pozycja Netto [PLN] VAT Brutto [PLN]
Opnata autostradowa A2 126.15 23% 155.16
Benzyna Pb95 1040.76 23% 1280.13
Olej napndowy Verva 1157.89 23% 1424.20
Razem Netto: 2324.80 PLN
Razem VAT: 534.69 PLN
DO ZAPLATY: 2859.49 PLN",TRAVEL_FLEET
faktura_377.pdf,5261040828,"FAKTURA VAT: FV/1997/5093
Data wystawienia: 2026-08-05
SPRZEDAWCA:
Nazwa: Orlen Paliwa Sp. z o.o.
NIP: 5261040828
Pozycja Netto [PLN] VAT Brutto [PLN]
Olej napndowy Verva 79.29 23% 97.53
Razem Netto: 79.29 PLN
Razem VAT: 18.24 PLN
DO ZAPLATY: 97.53 PLN",TRAVEL_FLEET
faktura_378.pdf,9876543210,"FAKTURA VAT: FV/1994/4641
Data wystawienia: 2026-02-05
SPRZEDAWCA:
Nazwa: Biuromax Artykuny Biurowe
NIP: 9876543210
Pozycja Netto [PLN] VAT Brutto [PLN]
Papier ksero A4 5 ryz 1485.99 23% 1827.77
Kawa ziarnista Arabica 1kg 2297.70 23% 2826.17
Razem Netto: 3783.69 PLN
Razem VAT: 870.25 PLN
DO ZAPLATY: 4653.94 PLN",OFFICE_SUPPLIES
faktura_379.pdf,5261040828,"FAKTURA VAT: FV/2023/2228
Data wystawienia: 2026-06-03
SPRZEDAWCA:
Nazwa: Orlen Paliwa Sp. z o.o.
NIP: 5261040828
Pozycja Netto [PLN] VAT Brutto [PLN]
Hotel Warszawa doba 2032.78 23% 2500.32
Razem Netto: 2032.78 PLN
Razem VAT: 467.54 PLN
DO ZAPLATY: 2500.32 PLN",TRAVEL_FLEET
faktura_380.pdf,7421754964,"FAKTURA VAT: FV/1970/2506
Data wystawienia: 2026-04-13
SPRZEDAWCA:
Nazwa: Grupa Stnpka
NIP: 7421754964
Pozycja Netto [PLN] VAT Brutto [PLN]
Hosting serwera VPS 2358.59 23% 2901.07
Razem Netto: 2358.59 PLN
Razem VAT: 542.48 PLN
DO ZAPLATY: 2901.07 PLN",IT_SERVICES
faktura_381.pdf,9876543210,"FAKTURA VAT: FV/1985/1829
Data wystawienia: 2026-07-03
SPRZEDAWCA:
Nazwa: Biuromax Artykuny Biurowe
NIP: 9876543210
Pozycja Netto [PLN] VAT Brutto [PLN]
Segregator biurowy 987.69 23% 1214.86
Toner do drukarki HP 1095.33 23% 1347.26
Papier ksero A4 5 ryz 917.16 23% 1128.11
Razem Netto: 3000.18 PLN
Razem VAT: 690.05 PLN
DO ZAPLATY: 3690.23 PLN",OFFICE_SUPPLIES
faktura_382.pdf,9876543210,"FAKTURA VAT: FV/1971/4066
Data wystawienia: 2026-08-29
SPRZEDAWCA:
Nazwa: Biuromax Artykuny Biurowe
NIP: 9876543210
Pozycja Netto [PLN] VAT Brutto [PLN]
Papier ksero A4 5 ryz 1554.56 23% 1912.11
Razem Netto: 1554.56 PLN
Razem VAT: 357.55 PLN
DO ZAPLATY: 1912.11 PLN",OFFICE_SUPPLIES
faktura_383.pdf,9876543210,"FAKTURA VAT: FV/2008/5026
Data wystawienia: 2026-05-08
SPRZEDAWCA:
Nazwa: Biuromax Artykuny Biurowe
NIP: 9876543210
Pozycja Netto [PLN] VAT Brutto [PLN]
Segregator biurowy 264.92 23% 325.85
Papier ksero A4 5 ryz 988.39 23% 1215.72
Razem Netto: 1253.31 PLN
Razem VAT: 288.26 PLN
DO ZAPLATY: 1541.57 PLN",OFFICE_SUPPLIES
faktura_384.pdf,5213456789,"FAKTURA VAT: FV/2011/7868
Data wystawienia: 2026-03-27
SPRZEDAWCA:
Nazwa: Dell Polska Sp. z o.o.
NIP: 5213456789
Pozycja Netto [PLN] VAT Brutto [PLN]
Monitor Dell 27 cali 1225.23 23% 1507.03
Klawiatura mechaniczna 1964.52 23% 2416.36
Laptop Lenovo ThinkPad 892.88 23% 1098.24
Razem Netto: 4082.63 PLN
Razem VAT: 939.00 PLN
DO ZAPLATY: 5021.63 PLN",IT_HARDWARE
faktura_385.pdf,1234567890,"FAKTURA VAT: FV/2014/9231
Data wystawienia: 2026-01-25
SPRZEDAWCA:
Nazwa: Amazon Web Services EMEA
NIP: 1234567890
Pozycja Netto [PLN] VAT Brutto [PLN]
Hosting serwera VPS 831.25 23% 1022.44
Razem Netto: 831.25 PLN
Razem VAT: 191.19 PLN
DO ZAPLATY: 1022.44 PLN",IT_SERVICES
faktura_386.pdf,1234567890,"FAKTURA VAT: FV/2013/4588
Data wystawienia: 2026-06-30
SPRZEDAWCA:
Nazwa: Amazon Web Services EMEA
NIP: 1234567890
Pozycja Netto [PLN] VAT Brutto [PLN]
Domena internetowa 1347.11 23% 1656.95
Razem Netto: 1347.11 PLN
Razem VAT: 309.84 PLN
DO ZAPLATY: 1656.95 PLN",IT_SERVICES
faktura_387.pdf,8796121044,"FAKTURA VAT: FV/2017/4813
Data wystawienia: 2026-04-28
SPRZEDAWCA:
Nazwa: Krncisz S.A.
NIP: 8796121044
Pozycja Netto [PLN] VAT Brutto [PLN]
Benzyna Pb95 702.99 23% 864.68
Razem Netto: 702.99 PLN
Razem VAT: 161.69 PLN
DO ZAPLATY: 864.68 PLN",TRAVEL_FLEET
faktura_388.pdf,5213456789,"FAKTURA VAT: FV/2006/1916
Data wystawienia: 2026-02-22
SPRZEDAWCA:
Nazwa: Dell Polska Sp. z o.o.
NIP: 5213456789
Pozycja Netto [PLN] VAT Brutto [PLN]
Kabel USB-C 481.45 23% 592.18
Klawiatura mechaniczna 1501.67 23% 1847.05
Monitor Dell 27 cali 2025.22 23% 2491.02
Razem Netto: 4008.34 PLN
Razem VAT: 921.91 PLN
DO ZAPLATY: 4930.25 PLN",IT_HARDWARE
faktura_389.pdf,5448692613,"FAKTURA VAT: FV/1996/6878
Data wystawienia: 2026-06-26
SPRZEDAWCA:
Nazwa: PPUH Drela Sp. z o.o. Sp.k.
NIP: 5448692613
Pozycja Netto [PLN] VAT Brutto [PLN]
Opnata autostradowa A2 1429.62 23% 1758.43
Hotel Warszawa doba 511.17 23% 628.74
Olej napndowy Verva 2470.62 23% 3038.86
Razem Netto: 4411.41 PLN
Razem VAT: 1014.62 PLN
DO ZAPLATY: 5426.03 PLN",TRAVEL_FLEET
faktura_390.pdf,5213456789,"FAKTURA VAT: FV/1972/9064
Data wystawienia: 2026-09-26
SPRZEDAWCA:
Nazwa: Dell Polska Sp. z o.o.
NIP: 5213456789
Pozycja Netto [PLN] VAT Brutto [PLN]
Monitor Dell 27 cali 187.61 23% 230.76
Kabel USB-C 1524.07 23% 1874.61
Razem Netto: 1711.68 PLN
Razem VAT: 393.69 PLN
DO ZAPLATY: 2105.37 PLN",IT_HARDWARE
faktura_391.pdf,5261040828,"FAKTURA VAT: FV/1995/1326
Data wystawienia: 2026-03-26
SPRZEDAWCA:
Nazwa: Orlen Paliwa Sp. z o.o.
NIP: 5261040828
Pozycja Netto [PLN] VAT Brutto [PLN]
Benzyna Pb95 884.86 23% 1088.38
Olej napndowy Verva 484.78 23% 596.28
Razem Netto: 1369.64 PLN
Razem VAT: 315.02 PLN
DO ZAPLATY: 1684.66 PLN",TRAVEL_FLEET
faktura_392.pdf,5213456789,"FAKTURA VAT: FV/2000/6301
Data wystawienia: 2026-06-22
SPRZEDAWCA:
Nazwa: Dell Polska Sp. z o.o.
NIP: 5213456789
Pozycja Netto [PLN] VAT Brutto [PLN]
Klawiatura mechaniczna 2403.37 23% 2956.15
Monitor Dell 27 cali 965.30 23% 1187.32
Kabel USB-C 2357.71 23% 2899.98
Razem Netto: 5726.38 PLN
Razem VAT: 1317.07 PLN
DO ZAPLATY: 7043.45 PLN",IT_HARDWARE
faktura_393.pdf,1234567890,"FAKTURA VAT: FV/1986/7481
Data wystawienia: 2026-05-21
SPRZEDAWCA:
Nazwa: Amazon Web Services EMEA
NIP: 1234567890
Pozycja Netto [PLN] VAT Brutto [PLN]
Licencja JetBrains 2440.86 23% 3002.26
Hosting serwera VPS 1844.26 23% 2268.44
Razem Netto: 4285.12 PLN
Razem VAT: 985.58 PLN
DO ZAPLATY: 5270.70 PLN",IT_SERVICES
faktura_394.pdf,9876543210,"FAKTURA VAT: FV/1976/8157
Data wystawienia: 2026-09-24
SPRZEDAWCA:
Nazwa: Biuromax Artykuny Biurowe
NIP: 9876543210
Pozycja Netto [PLN] VAT Brutto [PLN]
Kawa ziarnista Arabica 1kg 596.93 23% 734.22
Papier ksero A4 5 ryz 1492.93 23% 1836.30
Toner do drukarki HP 479.61 23% 589.92
Razem Netto: 2569.47 PLN
Razem VAT: 590.97 PLN
DO ZAPLATY: 3160.44 PLN",OFFICE_SUPPLIES
faktura_395.pdf,1234567890,"FAKTURA VAT: FV/1994/6026
Data wystawienia: 2026-07-31
SPRZEDAWCA:
Nazwa: Amazon Web Services EMEA
NIP: 1234567890
Pozycja Netto [PLN] VAT Brutto [PLN]
Subskrypcja Azure Cloud 1835.64 23% 2257.84
Razem Netto: 1835.64 PLN
Razem VAT: 422.20 PLN
DO ZAPLATY: 2257.84 PLN",IT_SERVICES
faktura_396.pdf,1696431712,"FAKTURA VAT: FV/2013/7415
Data wystawienia: 2026-05-20
SPRZEDAWCA:
Nazwa: Soczewka-Jankowiec s.c.
NIP: 1696431712
Pozycja Netto [PLN] VAT Brutto [PLN]
Opnata autostradowa A2 2306.54 23% 2837.04
Razem Netto: 2306.54 PLN
Razem VAT: 530.50 PLN
DO ZAPLATY: 2837.04 PLN",TRAVEL_FLEET
faktura_397.pdf,5261040828,"FAKTURA VAT: FV/1971/4619
Data wystawienia: 2026-01-20
SPRZEDAWCA:
Nazwa: Orlen Paliwa Sp. z o.o.
NIP: 5261040828
Pozycja Netto [PLN] VAT Brutto [PLN]
Benzyna Pb95 1876.09 23% 2307.59
Hotel Warszawa doba 633.09 23% 778.70
Razem Netto: 2509.18 PLN
Razem VAT: 577.11 PLN
DO ZAPLATY: 3086.29 PLN",TRAVEL_FLEET
faktura_398.pdf,5261040828,"FAKTURA VAT: FV/2023/6234
Data wystawienia: 2026-05-10
SPRZEDAWCA:
Nazwa: Orlen Paliwa Sp. z o.o.
NIP: 5261040828
Pozycja Netto [PLN] VAT Brutto [PLN]
Opnata autostradowa A2 699.77 23% 860.72
Benzyna Pb95 661.38 23% 813.50
Olej napndowy Verva 216.10 23% 265.80
Razem Netto: 1577.25 PLN
Razem VAT: 362.77 PLN
DO ZAPLATY: 1940.02 PLN",TRAVEL_FLEET
faktura_399.pdf,5261040828,"FAKTURA VAT: FV/1986/5205
Data wystawienia: 2026-02-18
SPRZEDAWCA:
Nazwa: Orlen Paliwa Sp. z o.o.
NIP: 5261040828
Pozycja Netto [PLN] VAT Brutto [PLN]
Hotel Warszawa doba 1123.64 23% 1382.08
Razem Netto: 1123.64 PLN
Razem VAT: 258.44 PLN
DO ZAPLATY: 1382.08 PLN",TRAVEL_FLEET
faktura_400.pdf,3431839335,"FAKTURA VAT: FV/2023/7875
Data wystawienia: 2026-08-08
SPRZEDAWCA:
Nazwa: Gabinety Skana
NIP: 3431839335
Pozycja Netto [PLN] VAT Brutto [PLN]
Segregator biurowy 1387.76 23% 1706.94
Toner do drukarki HP 298.50 23% 367.16
Razem Netto: 1686.26 PLN
Razem VAT: 387.84 PLN
DO ZAPLATY: 2074.10 PLN",OFFICE_SUPPLIES
faktura_401.pdf,5213456789,"FAKTURA VAT: FV/2023/8855
Data wystawienia: 2026-08-20
SPRZEDAWCA:
Nazwa: Dell Polska Sp. z o.o.
NIP: 5213456789
Pozycja Netto [PLN] VAT Brutto [PLN]
Kabel USB-C 230.59 23% 283.63
Razem Netto: 230.59 PLN
Razem VAT: 53.04 PLN
DO ZAPLATY: 283.63 PLN",IT_HARDWARE
faktura_402.pdf,1234567890,"FAKTURA VAT: FV/1970/1547
Data wystawienia: 2026-04-18
SPRZEDAWCA:
Nazwa: Amazon Web Services EMEA
NIP: 1234567890
Pozycja Netto [PLN] VAT Brutto [PLN]
Hosting serwera VPS 887.43 23% 1091.54
Domena internetowa 2225.43 23% 2737.28
Razem Netto: 3112.86 PLN
Razem VAT: 715.96 PLN
DO ZAPLATY: 3828.82 PLN",IT_SERVICES
faktura_403.pdf,5261040828,"FAKTURA VAT: FV/1979/3636
Data wystawienia: 2026-02-20
SPRZEDAWCA:
Nazwa: Orlen Paliwa Sp. z o.o.
NIP: 5261040828
Pozycja Netto [PLN] VAT Brutto [PLN]
Hotel Warszawa doba 125.93 23% 154.89
Opnata autostradowa A2 2358.98 23% 2901.55
Razem Netto: 2484.91 PLN
Razem VAT: 571.53 PLN
DO ZAPLATY: 3056.44 PLN",TRAVEL_FLEET
faktura_404.pdf,9876543210,"FAKTURA VAT: FV/2006/3703
Data wystawienia: 2026-04-08
SPRZEDAWCA:
Nazwa: Biuromax Artykuny Biurowe
NIP: 9876543210
Pozycja Netto [PLN] VAT Brutto [PLN]
Papier ksero A4 5 ryz 298.08 23% 366.64
Razem Netto: 298.08 PLN
Razem VAT: 68.56 PLN
DO ZAPLATY: 366.64 PLN",OFFICE_SUPPLIES
faktura_405.pdf,2250205394,"FAKTURA VAT: FV/2024/4367
Data wystawienia: 2026-03-09
SPRZEDAWCA:
Nazwa: Grupa Juras
NIP: 2250205394
Pozycja Netto [PLN] VAT Brutto [PLN]
Kawa ziarnista Arabica 1kg 778.63 23% 957.71
Segregator biurowy 284.99 23% 350.54
Toner do drukarki HP 1012.61 23% 1245.51
Razem Netto: 2076.23 PLN
Razem VAT: 477.53 PLN
DO ZAPLATY: 2553.76 PLN",OFFICE_SUPPLIES
faktura_406.pdf,1234567890,"FAKTURA VAT: FV/1988/9043
Data wystawienia: 2026-01-21
SPRZEDAWCA:
Nazwa: Amazon Web Services EMEA
NIP: 1234567890
Pozycja Netto [PLN] VAT Brutto [PLN]
Domena internetowa 264.69 23% 325.57
Razem Netto: 264.69 PLN
Razem VAT: 60.88 PLN
DO ZAPLATY: 325.57 PLN",IT_SERVICES
faktura_407.pdf,5261040828,"FAKTURA VAT: FV/1978/8869
Data wystawienia: 2026-06-13
SPRZEDAWCA:
Nazwa: Orlen Paliwa Sp. z o.o.
NIP: 5261040828
Pozycja Netto [PLN] VAT Brutto [PLN]
Benzyna Pb95 1613.57 23% 1984.69
Razem Netto: 1613.57 PLN
Razem VAT: 371.12 PLN
DO ZAPLATY: 1984.69 PLN",TRAVEL_FLEET
faktura_408.pdf,5261040828,"FAKTURA VAT: FV/2005/2342
Data wystawienia: 2026-02-14
SPRZEDAWCA:
Nazwa: Orlen Paliwa Sp. z o.o.
NIP: 5261040828
Pozycja Netto [PLN] VAT Brutto [PLN]
Hotel Warszawa doba 1248.29 23% 1535.40
Benzyna Pb95 1669.55 23% 2053.55
Razem Netto: 2917.84 PLN
Razem VAT: 671.11 PLN
DO ZAPLATY: 3588.95 PLN",TRAVEL_FLEET
faktura_409.pdf,9876543210,"FAKTURA VAT: FV/2020/2493
Data wystawienia: 2026-01-25
SPRZEDAWCA:
Nazwa: Biuromax Artykuny Biurowe
NIP: 9876543210
Pozycja Netto [PLN] VAT Brutto [PLN]
Kawa ziarnista Arabica 1kg 2219.46 23% 2729.94
Razem Netto: 2219.46 PLN
Razem VAT: 510.48 PLN
DO ZAPLATY: 2729.94 PLN",OFFICE_SUPPLIES
faktura_410.pdf,5261040828,"FAKTURA VAT: FV/2002/7052
Data wystawienia: 2026-06-24
SPRZEDAWCA:
Nazwa: Orlen Paliwa Sp. z o.o.
NIP: 5261040828
Pozycja Netto [PLN] VAT Brutto [PLN]
Hotel Warszawa doba 695.33 23% 855.26
Benzyna Pb95 2100.84 23% 2584.03
Razem Netto: 2796.17 PLN
Razem VAT: 643.12 PLN
DO ZAPLATY: 3439.29 PLN",TRAVEL_FLEET
faktura_411.pdf,5261040828,"FAKTURA VAT: FV/2022/2009
Data wystawienia: 2026-05-21
SPRZEDAWCA:
Nazwa: Orlen Paliwa Sp. z o.o.
NIP: 5261040828
Pozycja Netto [PLN] VAT Brutto [PLN]
Opnata autostradowa A2 2030.04 23% 2496.95
Razem Netto: 2030.04 PLN
Razem VAT: 466.91 PLN
DO ZAPLATY: 2496.95 PLN",TRAVEL_FLEET
faktura_412.pdf,2247839083,"FAKTURA VAT: FV/2004/7782
Data wystawienia: 2026-08-19
SPRZEDAWCA:
Nazwa: Fundacja Apostel
NIP: 2247839083
Pozycja Netto [PLN] VAT Brutto [PLN]
Monitor Dell 27 cali 2415.79 23% 2971.42
Klawiatura mechaniczna 1733.32 23% 2131.98
Laptop Lenovo ThinkPad 2344.09 23% 2883.23
Razem Netto: 6493.20 PLN
Razem VAT: 1493.43 PLN
DO ZAPLATY: 7986.63 PLN",IT_HARDWARE
faktura_413.pdf,5261040828,"FAKTURA VAT: FV/1972/4860
Data wystawienia: 2026-01-24
SPRZEDAWCA:
Nazwa: Orlen Paliwa Sp. z o.o.
NIP: 5261040828
Pozycja Netto [PLN] VAT Brutto [PLN]
Olej napndowy Verva 1449.49 23% 1782.87
Opnata autostradowa A2 1316.20 23% 1618.93
Razem Netto: 2765.69 PLN
Razem VAT: 636.11 PLN
DO ZAPLATY: 3401.80 PLN",TRAVEL_FLEET
faktura_414.pdf,9876543210,"FAKTURA VAT: FV/2002/3415
Data wystawienia: 2026-06-05
SPRZEDAWCA:
Nazwa: Biuromax Artykuny Biurowe
NIP: 9876543210
Pozycja Netto [PLN] VAT Brutto [PLN]
Toner do drukarki HP 2431.80 23% 2991.11
Razem Netto: 2431.80 PLN
Razem VAT: 559.31 PLN
DO ZAPLATY: 2991.11 PLN",OFFICE_SUPPLIES
faktura_415.pdf,9876543210,"FAKTURA VAT: FV/1999/4157
Data wystawienia: 2026-09-24
SPRZEDAWCA:
Nazwa: Biuromax Artykuny Biurowe
NIP: 9876543210
Pozycja Netto [PLN] VAT Brutto [PLN]
Segregator biurowy 544.70 23% 669.98
Razem Netto: 544.70 PLN
Razem VAT: 125.28 PLN
DO ZAPLATY: 669.98 PLN",OFFICE_SUPPLIES
faktura_416.pdf,1234567890,"FAKTURA VAT: FV/1977/3422
Data wystawienia: 2026-07-10
SPRZEDAWCA:
Nazwa: Amazon Web Services EMEA
NIP: 1234567890
Pozycja Netto [PLN] VAT Brutto [PLN]
Hosting serwera VPS 1000.84 23% 1231.03
Domena internetowa 1023.52 23% 1258.93
Razem Netto: 2024.36 PLN
Razem VAT: 465.60 PLN
DO ZAPLATY: 2489.96 PLN",IT_SERVICES
faktura_417.pdf,1841592123,"FAKTURA VAT: FV/2018/6343
Data wystawienia: 2026-06-22
SPRZEDAWCA:
Nazwa: PPUH Gmurczyk
NIP: 1841592123
Pozycja Netto [PLN] VAT Brutto [PLN]
Segregator biurowy 325.67 23% 400.57
Razem Netto: 325.67 PLN
Razem VAT: 74.90 PLN
DO ZAPLATY: 400.57 PLN",OFFICE_SUPPLIES
faktura_418.pdf,5261040828,"FAKTURA VAT: FV/2009/3451
Data wystawienia: 2026-08-01
SPRZEDAWCA:
Nazwa: Orlen Paliwa Sp. z o.o.
NIP: 5261040828
Pozycja Netto [PLN] VAT Brutto [PLN]
Olej napndowy Verva 1975.08 23% 2429.35
Razem Netto: 1975.08 PLN
Razem VAT: 454.27 PLN
DO ZAPLATY: 2429.35 PLN",TRAVEL_FLEET
faktura_419.pdf,5569847894,"FAKTURA VAT: FV/2018/9775
Data wystawienia: 2026-05-07
SPRZEDAWCA:
Nazwa: Grupa Ratka Sp.k.
NIP: 5569847894
Pozycja Netto [PLN] VAT Brutto [PLN]
Segregator biurowy 1239.68 23% 1524.81
Kawa ziarnista Arabica 1kg 1541.96 23% 1896.61
Razem Netto: 2781.64 PLN
Razem VAT: 639.78 PLN
DO ZAPLATY: 3421.42 PLN",OFFICE_SUPPLIES
faktura_420.pdf,9876543210,"FAKTURA VAT: FV/1977/1613
Data wystawienia: 2026-09-12
SPRZEDAWCA:
Nazwa: Biuromax Artykuny Biurowe
NIP: 9876543210
Pozycja Netto [PLN] VAT Brutto [PLN]
Segregator biurowy 145.02 23% 178.37
Razem Netto: 145.02 PLN
Razem VAT: 33.35 PLN
DO ZAPLATY: 178.37 PLN",OFFICE_SUPPLIES
faktura_421.pdf,5261040828,"FAKTURA VAT: FV/2014/6431
Data wystawienia: 2026-08-03
SPRZEDAWCA:
Nazwa: Orlen Paliwa Sp. z o.o.
NIP: 5261040828
Pozycja Netto [PLN] VAT Brutto [PLN]
Hotel Warszawa doba 99.57 23% 122.47
Benzyna Pb95 2052.60 23% 2524.70
Opnata autostradowa A2 792.48 23% 974.75
Razem Netto: 2944.65 PLN
Razem VAT: 677.27 PLN
DO ZAPLATY: 3621.92 PLN",TRAVEL_FLEET
faktura_422.pdf,5261040828,"FAKTURA VAT: FV/2019/5593
Data wystawienia: 2026-03-25
SPRZEDAWCA:
Nazwa: Orlen Paliwa Sp. z o.o.
NIP: 5261040828
Pozycja Netto [PLN] VAT Brutto [PLN]
Benzyna Pb95 786.18 23% 967.00
Razem Netto: 786.18 PLN
Razem VAT: 180.82 PLN
DO ZAPLATY: 967.00 PLN",TRAVEL_FLEET
faktura_423.pdf,1234567890,"FAKTURA VAT: FV/1999/8259
Data wystawienia: 2026-06-25
SPRZEDAWCA:
Nazwa: Amazon Web Services EMEA
NIP: 1234567890
Pozycja Netto [PLN] VAT Brutto [PLN]
Domena internetowa 1631.61 23% 2006.88
Licencja JetBrains 510.44 23% 627.84
Razem Netto: 2142.05 PLN
Razem VAT: 492.67 PLN
DO ZAPLATY: 2634.72 PLN",IT_SERVICES
faktura_424.pdf,5057661560,"FAKTURA VAT: FV/1985/4463
Data wystawienia: 2026-06-10
SPRZEDAWCA:
Nazwa: FPUH Geisler
NIP: 5057661560
Pozycja Netto [PLN] VAT Brutto [PLN]
Segregator biurowy 2061.49 23% 2535.63
Kawa ziarnista Arabica 1kg 1312.41 23% 1614.26
Toner do drukarki HP 439.48 23% 540.56
Razem Netto: 3813.38 PLN
Razem VAT: 877.07 PLN
DO ZAPLATY: 4690.45 PLN",OFFICE_SUPPLIES
faktura_425.pdf,9876543210,"FAKTURA VAT: FV/1995/6097
Data wystawienia: 2026-03-01
SPRZEDAWCA:
Nazwa: Biuromax Artykuny Biurowe
NIP: 9876543210
Pozycja Netto [PLN] VAT Brutto [PLN]
Papier ksero A4 5 ryz 475.66 23% 585.06
Razem Netto: 475.66 PLN
Razem VAT: 109.40 PLN
DO ZAPLATY: 585.06 PLN",OFFICE_SUPPLIES
faktura_426.pdf,5213456789,"FAKTURA VAT: FV/2016/4288
Data wystawienia: 2026-07-04
SPRZEDAWCA:
Nazwa: Dell Polska Sp. z o.o.
NIP: 5213456789
Pozycja Netto [PLN] VAT Brutto [PLN]
Kabel USB-C 173.87 23% 213.86
Razem Netto: 173.87 PLN
Razem VAT: 39.99 PLN
DO ZAPLATY: 213.86 PLN",IT_HARDWARE
faktura_427.pdf,1234567890,"FAKTURA VAT: FV/1974/6904
Data wystawienia: 2026-02-05
SPRZEDAWCA:
Nazwa: Amazon Web Services EMEA
NIP: 1234567890
Pozycja Netto [PLN] VAT Brutto [PLN]
Domena internetowa 1022.51 23% 1257.69
Licencja JetBrains 2311.53 23% 2843.18
Razem Netto: 3334.04 PLN
Razem VAT: 766.83 PLN
DO ZAPLATY: 4100.87 PLN",IT_SERVICES
faktura_428.pdf,9876543210,"FAKTURA VAT: FV/2026/1500
Data wystawienia: 2026-02-03
SPRZEDAWCA:
Nazwa: Biuromax Artykuny Biurowe
NIP: 9876543210
Pozycja Netto [PLN] VAT Brutto [PLN]
Segregator biurowy 1487.86 23% 1830.07
Papier ksero A4 5 ryz 906.91 23% 1115.50
Toner do drukarki HP 450.61 23% 554.25
Razem Netto: 2845.38 PLN
Razem VAT: 654.44 PLN
DO ZAPLATY: 3499.82 PLN",OFFICE_SUPPLIES
faktura_429.pdf,5261040828,"FAKTURA VAT: FV/1976/5237
Data wystawienia: 2026-06-17
SPRZEDAWCA:
Nazwa: Orlen Paliwa Sp. z o.o.
NIP: 5261040828
Pozycja Netto [PLN] VAT Brutto [PLN]
Olej napndowy Verva 171.65 23% 211.13
Benzyna Pb95 2141.86 23% 2634.49
Razem Netto: 2313.51 PLN
Razem VAT: 532.11 PLN
DO ZAPLATY: 2845.62 PLN",TRAVEL_FLEET
faktura_430.pdf,2488098866,"FAKTURA VAT: FV/1976/4511
Data wystawienia: 2026-05-25
SPRZEDAWCA:
Nazwa: Ryszkiewicz Sp. z o.o. Sp.k.
NIP: 2488098866
Pozycja Netto [PLN] VAT Brutto [PLN]
Klawiatura mechaniczna 1307.54 23% 1608.27
Kabel USB-C 2168.34 23% 2667.06
Laptop Lenovo ThinkPad 2419.49 23% 2975.97
Razem Netto: 5895.37 PLN
Razem VAT: 1355.93 PLN
DO ZAPLATY: 7251.30 PLN",IT_HARDWARE
faktura_431.pdf,5213456789,"FAKTURA VAT: FV/2015/1145
Data wystawienia: 2026-06-14
SPRZEDAWCA:
Nazwa: Dell Polska Sp. z o.o.
NIP: 5213456789
Pozycja Netto [PLN] VAT Brutto [PLN]
Klawiatura mechaniczna 598.24 23% 735.84
Laptop Lenovo ThinkPad 1540.44 23% 1894.74
Monitor Dell 27 cali 2360.36 23% 2903.24
Razem Netto: 4499.04 PLN
Razem VAT: 1034.78 PLN
DO ZAPLATY: 5533.82 PLN",IT_HARDWARE
faktura_432.pdf,9876543210,"FAKTURA VAT: FV/2019/5511
Data wystawienia: 2026-01-20
SPRZEDAWCA:
Nazwa: Biuromax Artykuny Biurowe
NIP: 9876543210
Pozycja Netto [PLN] VAT Brutto [PLN]
Segregator biurowy 584.61 23% 719.07
Toner do drukarki HP 790.26 23% 972.02
Razem Netto: 1374.87 PLN
Razem VAT: 316.22 PLN
DO ZAPLATY: 1691.09 PLN",OFFICE_SUPPLIES
faktura_433.pdf,9876543210,"FAKTURA VAT: FV/1989/9530
Data wystawienia: 2026-08-22
SPRZEDAWCA:
Nazwa: Biuromax Artykuny Biurowe
NIP: 9876543210
Pozycja Netto [PLN] VAT Brutto [PLN]
Papier ksero A4 5 ryz 1425.57 23% 1753.45
Segregator biurowy 1504.74 23% 1850.83
Toner do drukarki HP 742.56 23% 913.35
Razem Netto: 3672.87 PLN
Razem VAT: 844.76 PLN
DO ZAPLATY: 4517.63 PLN",OFFICE_SUPPLIES
faktura_434.pdf,1234567890,"FAKTURA VAT: FV/1991/2771
Data wystawienia: 2026-05-17
SPRZEDAWCA:
Nazwa: Amazon Web Services EMEA
NIP: 1234567890
Pozycja Netto [PLN] VAT Brutto [PLN]
Licencja JetBrains 689.81 23% 848.47
Subskrypcja Azure Cloud 1792.18 23% 2204.38
Razem Netto: 2481.99 PLN
Razem VAT: 570.86 PLN
DO ZAPLATY: 3052.85 PLN",IT_SERVICES
faktura_435.pdf,5213456789,"FAKTURA VAT: FV/1977/5895
Data wystawienia: 2026-08-13
SPRZEDAWCA:
Nazwa: Dell Polska Sp. z o.o.
NIP: 5213456789
Pozycja Netto [PLN] VAT Brutto [PLN]
Kabel USB-C 1668.30 23% 2052.01
Razem Netto: 1668.30 PLN
Razem VAT: 383.71 PLN
DO ZAPLATY: 2052.01 PLN",IT_HARDWARE
faktura_436.pdf,9876543210,"FAKTURA VAT: FV/2004/3292
Data wystawienia: 2026-03-24
SPRZEDAWCA:
Nazwa: Biuromax Artykuny Biurowe
NIP: 9876543210
Pozycja Netto [PLN] VAT Brutto [PLN]
Kawa ziarnista Arabica 1kg 1041.27 23% 1280.76
Toner do drukarki HP 1854.99 23% 2281.64
Razem Netto: 2896.26 PLN
Razem VAT: 666.14 PLN
DO ZAPLATY: 3562.40 PLN",OFFICE_SUPPLIES
faktura_437.pdf,5213456789,"FAKTURA VAT: FV/1980/4111
Data wystawienia: 2026-09-13
SPRZEDAWCA:
Nazwa: Dell Polska Sp. z o.o.
NIP: 5213456789
Pozycja Netto [PLN] VAT Brutto [PLN]
Kabel USB-C 1292.92 23% 1590.29
Laptop Lenovo ThinkPad 2121.28 23% 2609.17
Klawiatura mechaniczna 2109.56 23% 2594.76
Razem Netto: 5523.76 PLN
Razem VAT: 1270.46 PLN
DO ZAPLATY: 6794.22 PLN",IT_HARDWARE
faktura_438.pdf,9876543210,"FAKTURA VAT: FV/2002/3967
Data wystawienia: 2026-03-29
SPRZEDAWCA:
Nazwa: Biuromax Artykuny Biurowe
NIP: 9876543210
Pozycja Netto [PLN] VAT Brutto [PLN]
Kawa ziarnista Arabica 1kg 1826.71 23% 2246.85
Razem Netto: 1826.71 PLN
Razem VAT: 420.14 PLN
DO ZAPLATY: 2246.85 PLN",OFFICE_SUPPLIES
faktura_439.pdf,7645149363,"FAKTURA VAT: FV/1977/3999
Data wystawienia: 2026-05-16
SPRZEDAWCA:
Nazwa: Gabinety Budych-Dyczko s.c.
NIP: 7645149363
Pozycja Netto [PLN] VAT Brutto [PLN]
Hosting serwera VPS 597.15 23% 734.49
Domena internetowa 2185.01 23% 2687.56
Subskrypcja Azure Cloud 1080.16 23% 1328.60
Razem Netto: 3862.32 PLN
Razem VAT: 888.33 PLN
DO ZAPLATY: 4750.65 PLN",IT_SERVICES
faktura_440.pdf,1234567890,"FAKTURA VAT: FV/2015/6428
Data wystawienia: 2026-09-07
SPRZEDAWCA:
Nazwa: Amazon Web Services EMEA
NIP: 1234567890
Pozycja Netto [PLN] VAT Brutto [PLN]
Hosting serwera VPS 181.51 23% 223.26
Subskrypcja Azure Cloud 1604.27 23% 1973.25
Razem Netto: 1785.78 PLN
Razem VAT: 410.73 PLN
DO ZAPLATY: 2196.51 PLN",IT_SERVICES
faktura_441.pdf,5213456789,"FAKTURA VAT: FV/2007/2166
Data wystawienia: 2026-01-11
SPRZEDAWCA:
Nazwa: Dell Polska Sp. z o.o.
NIP: 5213456789
Pozycja Netto [PLN] VAT Brutto [PLN]
Monitor Dell 27 cali 1348.10 23% 1658.16
Laptop Lenovo ThinkPad 1062.11 23% 1306.40
Klawiatura mechaniczna 2183.58 23% 2685.80
Razem Netto: 4593.79 PLN
Razem VAT: 1056.57 PLN
DO ZAPLATY: 5650.36 PLN",IT_HARDWARE
faktura_442.pdf,5213456789,"FAKTURA VAT: FV/2011/3470
Data wystawienia: 2026-09-13
SPRZEDAWCA:
Nazwa: Dell Polska Sp. z o.o.
NIP: 5213456789
Pozycja Netto [PLN] VAT Brutto [PLN]
Kabel USB-C 2237.47 23% 2752.09
Laptop Lenovo ThinkPad 2467.29 23% 3034.77
Razem Netto: 4704.76 PLN
Razem VAT: 1082.10 PLN
DO ZAPLATY: 5786.86 PLN",IT_HARDWARE
faktura_443.pdf,5213456789,"FAKTURA VAT: FV/2026/3346
Data wystawienia: 2026-09-27
SPRZEDAWCA:
Nazwa: Dell Polska Sp. z o.o.
NIP: 5213456789
Pozycja Netto [PLN] VAT Brutto [PLN]
Kabel USB-C 864.94 23% 1063.88
Razem Netto: 864.94 PLN
Razem VAT: 198.94 PLN
DO ZAPLATY: 1063.88 PLN",IT_HARDWARE
faktura_444.pdf,5261040828,"FAKTURA VAT: FV/1988/3897
Data wystawienia: 2026-01-12
SPRZEDAWCA:
Nazwa: Orlen Paliwa Sp. z o.o.
NIP: 5261040828
Pozycja Netto [PLN] VAT Brutto [PLN]
Hotel Warszawa doba 720.14 23% 885.77
Razem Netto: 720.14 PLN
Razem VAT: 165.63 PLN
DO ZAPLATY: 885.77 PLN",TRAVEL_FLEET
faktura_445.pdf,5213456789,"FAKTURA VAT: FV/1982/3762
Data wystawienia: 2026-04-17
SPRZEDAWCA:
Nazwa: Dell Polska Sp. z o.o.
NIP: 5213456789
Pozycja Netto [PLN] VAT Brutto [PLN]
Monitor Dell 27 cali 1555.48 23% 1913.24
Kabel USB-C 1602.04 23% 1970.51
Razem Netto: 3157.52 PLN
Razem VAT: 726.23 PLN
DO ZAPLATY: 3883.75 PLN",IT_HARDWARE
faktura_446.pdf,9876543210,"FAKTURA VAT: FV/2017/7609
Data wystawienia: 2026-04-30
SPRZEDAWCA:
Nazwa: Biuromax Artykuny Biurowe
NIP: 9876543210
Pozycja Netto [PLN] VAT Brutto [PLN]
Papier ksero A4 5 ryz 1357.77 23% 1670.06
Segregator biurowy 1840.11 23% 2263.34
Razem Netto: 3197.88 PLN
Razem VAT: 735.52 PLN
DO ZAPLATY: 3933.40 PLN",OFFICE_SUPPLIES
faktura_447.pdf,1072296128,"FAKTURA VAT: FV/1993/1230
Data wystawienia: 2026-05-17
SPRZEDAWCA:
Nazwa: Oleksiewicz Sp.k.
NIP: 1072296128
Pozycja Netto [PLN] VAT Brutto [PLN]
Monitor Dell 27 cali 1585.38 23% 1950.02
Razem Netto: 1585.38 PLN
Razem VAT: 364.64 PLN
DO ZAPLATY: 1950.02 PLN",IT_HARDWARE
faktura_448.pdf,1234567890,"FAKTURA VAT: FV/2006/5076
Data wystawienia: 2026-03-25
SPRZEDAWCA:
Nazwa: Amazon Web Services EMEA
NIP: 1234567890
Pozycja Netto [PLN] VAT Brutto [PLN]
Subskrypcja Azure Cloud 989.70 23% 1217.33
Hosting serwera VPS 1492.24 23% 1835.46
Razem Netto: 2481.94 PLN
Razem VAT: 570.85 PLN
DO ZAPLATY: 3052.79 PLN",IT_SERVICES
faktura_449.pdf,5261040828,"FAKTURA VAT: FV/1995/3736
Data wystawienia: 2026-06-13
SPRZEDAWCA:
Nazwa: Orlen Paliwa Sp. z o.o.
NIP: 5261040828
Pozycja Netto [PLN] VAT Brutto [PLN]
Opnata autostradowa A2 1833.19 23% 2254.82
Benzyna Pb95 1511.11 23% 1858.67
Razem Netto: 3344.30 PLN
Razem VAT: 769.19 PLN
DO ZAPLATY: 4113.49 PLN",TRAVEL_FLEET
faktura_450.pdf,5213456789,"FAKTURA VAT: FV/2000/6535
Data wystawienia: 2026-05-13
SPRZEDAWCA:
Nazwa: Dell Polska Sp. z o.o.
NIP: 5213456789
Pozycja Netto [PLN] VAT Brutto [PLN]
Kabel USB-C 1887.78 23% 2321.97
Klawiatura mechaniczna 453.96 23% 558.37
Razem Netto: 2341.74 PLN
Razem VAT: 538.60 PLN
DO ZAPLATY: 2880.34 PLN",IT_HARDWARE
faktura_451.pdf,5213456789,"FAKTURA VAT: FV/1980/7609
Data wystawienia: 2026-05-24
SPRZEDAWCA:
Nazwa: Dell Polska Sp. z o.o.
NIP: 5213456789
Pozycja Netto [PLN] VAT Brutto [PLN]
Klawiatura mechaniczna 1494.75 23% 1838.54
Monitor Dell 27 cali 464.01 23% 570.73
Laptop Lenovo ThinkPad 948.15 23% 1166.22
Razem Netto: 2906.91 PLN
Razem VAT: 668.58 PLN
DO ZAPLATY: 3575.49 PLN",IT_HARDWARE
faktura_452.pdf,1234567890,"FAKTURA VAT: FV/1991/1612
Data wystawienia: 2026-05-06
SPRZEDAWCA:
Nazwa: Amazon Web Services EMEA
NIP: 1234567890
Pozycja Netto [PLN] VAT Brutto [PLN]
Hosting serwera VPS 1671.83 23% 2056.35
Licencja JetBrains 1651.24 23% 2031.03
Domena internetowa 98.37 23% 121.00
Razem Netto: 3421.44 PLN
Razem VAT: 786.94 PLN
DO ZAPLATY: 4208.38 PLN",IT_SERVICES
faktura_453.pdf,9876543210,"FAKTURA VAT: FV/2022/2897
Data wystawienia: 2026-08-09
SPRZEDAWCA:
Nazwa: Biuromax Artykuny Biurowe
NIP: 9876543210
Pozycja Netto [PLN] VAT Brutto [PLN]
Kawa ziarnista Arabica 1kg 1212.27 23% 1491.09
Razem Netto: 1212.27 PLN
Razem VAT: 278.82 PLN
DO ZAPLATY: 1491.09 PLN",OFFICE_SUPPLIES
faktura_454.pdf,5261040828,"FAKTURA VAT: FV/2010/3508
Data wystawienia: 2026-02-02
SPRZEDAWCA:
Nazwa: Orlen Paliwa Sp. z o.o.
NIP: 5261040828
Pozycja Netto [PLN] VAT Brutto [PLN]
Hotel Warszawa doba 297.40 23% 365.80
Opnata autostradowa A2 1324.76 23% 1629.45
Razem Netto: 1622.16 PLN
Razem VAT: 373.09 PLN
DO ZAPLATY: 1995.25 PLN",TRAVEL_FLEET
faktura_455.pdf,5261040828,"FAKTURA VAT: FV/1973/3247
Data wystawienia: 2026-03-02
SPRZEDAWCA:
Nazwa: Orlen Paliwa Sp. z o.o.
NIP: 5261040828
Pozycja Netto [PLN] VAT Brutto [PLN]
Olej napndowy Verva 1972.66 23% 2426.37
Benzyna Pb95 1269.46 23% 1561.44
Hotel Warszawa doba 1542.05 23% 1896.72
Razem Netto: 4784.17 PLN
Razem VAT: 1100.36 PLN
DO ZAPLATY: 5884.53 PLN",TRAVEL_FLEET
faktura_456.pdf,5213456789,"FAKTURA VAT: FV/1980/5308
Data wystawienia: 2026-08-28
SPRZEDAWCA:
Nazwa: Dell Polska Sp. z o.o.
NIP: 5213456789
Pozycja Netto [PLN] VAT Brutto [PLN]
Kabel USB-C 442.92 23% 544.79
Klawiatura mechaniczna 1392.94 23% 1713.32
Razem Netto: 1835.86 PLN
Razem VAT: 422.25 PLN
DO ZAPLATY: 2258.11 PLN",IT_HARDWARE
faktura_457.pdf,9876543210,"FAKTURA VAT: FV/1973/4402
Data wystawienia: 2026-09-19
SPRZEDAWCA:
Nazwa: Biuromax Artykuny Biurowe
NIP: 9876543210
Pozycja Netto [PLN] VAT Brutto [PLN]
Toner do drukarki HP 81.24 23% 99.93
Papier ksero A4 5 ryz 268.06 23% 329.71
Razem Netto: 349.30 PLN
Razem VAT: 80.34 PLN
DO ZAPLATY: 429.64 PLN",OFFICE_SUPPLIES
faktura_458.pdf,9876543210,"FAKTURA VAT: FV/1975/2809
Data wystawienia: 2026-04-16
SPRZEDAWCA:
Nazwa: Biuromax Artykuny Biurowe
NIP: 9876543210
Pozycja Netto [PLN] VAT Brutto [PLN]
Papier ksero A4 5 ryz 1959.84 23% 2410.60
Razem Netto: 1959.84 PLN
Razem VAT: 450.76 PLN
DO ZAPLATY: 2410.60 PLN",OFFICE_SUPPLIES
faktura_459.pdf,5261040828,"FAKTURA VAT: FV/2000/2229
Data wystawienia: 2026-09-15
SPRZEDAWCA:
Nazwa: Orlen Paliwa Sp. z o.o.
NIP: 5261040828
Pozycja Netto [PLN] VAT Brutto [PLN]
Benzyna Pb95 2472.23 23% 3040.84
Hotel Warszawa doba 775.25 23% 953.56
Razem Netto: 3247.48 PLN
Razem VAT: 746.92 PLN
DO ZAPLATY: 3994.40 PLN",TRAVEL_FLEET
faktura_460.pdf,5213456789,"FAKTURA VAT: FV/1998/8606
Data wystawienia: 2026-07-08
SPRZEDAWCA:
Nazwa: Dell Polska Sp. z o.o.
NIP: 5213456789
Pozycja Netto [PLN] VAT Brutto [PLN]
Laptop Lenovo ThinkPad 932.53 23% 1147.01
Razem Netto: 932.53 PLN
Razem VAT: 214.48 PLN
DO ZAPLATY: 1147.01 PLN",IT_HARDWARE
faktura_461.pdf,5261040828,"FAKTURA VAT: FV/2011/6123
Data wystawienia: 2026-06-21
SPRZEDAWCA:
Nazwa: Orlen Paliwa Sp. z o.o.
NIP: 5261040828
Pozycja Netto [PLN] VAT Brutto [PLN]
Olej napndowy Verva 73.70 23% 90.65
Razem Netto: 73.70 PLN
Razem VAT: 16.95 PLN
DO ZAPLATY: 90.65 PLN",TRAVEL_FLEET
faktura_462.pdf,5213456789,"FAKTURA VAT: FV/1998/3267
Data wystawienia: 2026-04-17
SPRZEDAWCA:
Nazwa: Dell Polska Sp. z o.o.
NIP: 5213456789
Pozycja Netto [PLN] VAT Brutto [PLN]
Laptop Lenovo ThinkPad 2389.97 23% 2939.66
Klawiatura mechaniczna 707.36 23% 870.05
Razem Netto: 3097.33 PLN
Razem VAT: 712.38 PLN
DO ZAPLATY: 3809.71 PLN",IT_HARDWARE
faktura_463.pdf,1234567890,"FAKTURA VAT: FV/1984/2522
Data wystawienia: 2026-07-18
SPRZEDAWCA:
Nazwa: Amazon Web Services EMEA
NIP: 1234567890
Pozycja Netto [PLN] VAT Brutto [PLN]
Hosting serwera VPS 1031.90 23% 1269.24
Razem Netto: 1031.90 PLN
Razem VAT: 237.34 PLN
DO ZAPLATY: 1269.24 PLN",IT_SERVICES
faktura_464.pdf,9876543210,"FAKTURA VAT: FV/1977/8479
Data wystawienia: 2026-05-15
SPRZEDAWCA:
Nazwa: Biuromax Artykuny Biurowe
NIP: 9876543210
Pozycja Netto [PLN] VAT Brutto [PLN]
Segregator biurowy 326.99 23% 402.20
Toner do drukarki HP 1755.62 23% 2159.41
Papier ksero A4 5 ryz 193.68 23% 238.23
Razem Netto: 2276.29 PLN
Razem VAT: 523.55 PLN
DO ZAPLATY: 2799.84 PLN",OFFICE_SUPPLIES
faktura_465.pdf,9876543210,"FAKTURA VAT: FV/1999/3611
Data wystawienia: 2026-02-13
SPRZEDAWCA:
Nazwa: Biuromax Artykuny Biurowe
NIP: 9876543210
Pozycja Netto [PLN] VAT Brutto [PLN]
Segregator biurowy 1958.95 23% 2409.51
Papier ksero A4 5 ryz 1547.83 23% 1903.83
Toner do drukarki HP 2163.31 23% 2660.87
Razem Netto: 5670.09 PLN
Razem VAT: 1304.12 PLN
DO ZAPLATY: 6974.21 PLN",OFFICE_SUPPLIES
faktura_466.pdf,9876543210,"FAKTURA VAT: FV/1989/3140
Data wystawienia: 2026-09-21
SPRZEDAWCA:
Nazwa: Biuromax Artykuny Biurowe
NIP: 9876543210
Pozycja Netto [PLN] VAT Brutto [PLN]
Segregator biurowy 1129.69 23% 1389.52
Razem Netto: 1129.69 PLN
Razem VAT: 259.83 PLN
DO ZAPLATY: 1389.52 PLN",OFFICE_SUPPLIES
faktura_467.pdf,1234567890,"FAKTURA VAT: FV/2016/2037
Data wystawienia: 2026-08-19
SPRZEDAWCA:
Nazwa: Amazon Web Services EMEA
NIP: 1234567890
Pozycja Netto [PLN] VAT Brutto [PLN]
Subskrypcja Azure Cloud 2445.84 23% 3008.38
Razem Netto: 2445.84 PLN
Razem VAT: 562.54 PLN
DO ZAPLATY: 3008.38 PLN",IT_SERVICES
faktura_468.pdf,5261040828,"FAKTURA VAT: FV/2003/6542
Data wystawienia: 2026-07-24
SPRZEDAWCA:
Nazwa: Orlen Paliwa Sp. z o.o.
NIP: 5261040828
Pozycja Netto [PLN] VAT Brutto [PLN]
Benzyna Pb95 897.09 23% 1103.42
Hotel Warszawa doba 1706.92 23% 2099.51
Razem Netto: 2604.01 PLN
Razem VAT: 598.92 PLN
DO ZAPLATY: 3202.93 PLN",TRAVEL_FLEET
faktura_469.pdf,5261040828,"FAKTURA VAT: FV/2015/7305
Data wystawienia: 2026-04-30
SPRZEDAWCA:
Nazwa: Orlen Paliwa Sp. z o.o.
NIP: 5261040828
Pozycja Netto [PLN] VAT Brutto [PLN]
Benzyna Pb95 1288.64 23% 1585.03
Razem Netto: 1288.64 PLN
Razem VAT: 296.39 PLN
DO ZAPLATY: 1585.03 PLN",TRAVEL_FLEET
faktura_470.pdf,5729003433,"FAKTURA VAT: FV/1973/8688
Data wystawienia: 2026-03-27
SPRZEDAWCA:
Nazwa: Melcer-Maszota Sp. z o.o. Sp.k.
NIP: 5729003433
Pozycja Netto [PLN] VAT Brutto [PLN]
Kabel USB-C 835.55 23% 1027.73
Razem Netto: 835.55 PLN
Razem VAT: 192.18 PLN
DO ZAPLATY: 1027.73 PLN",IT_HARDWARE
faktura_471.pdf,1087622686,"FAKTURA VAT: FV/1992/6421
Data wystawienia: 2026-02-16
SPRZEDAWCA:
Nazwa: Mncik-Wojtanowicz i syn s.c.
NIP: 1087622686
Pozycja Netto [PLN] VAT Brutto [PLN]
Benzyna Pb95 1038.03 23% 1276.78
Opnata autostradowa A2 625.75 23% 769.67
Hotel Warszawa doba 1174.78 23% 1444.98
Razem Netto: 2838.56 PLN
Razem VAT: 652.87 PLN
DO ZAPLATY: 3491.43 PLN",TRAVEL_FLEET
faktura_472.pdf,9876543210,"FAKTURA VAT: FV/2015/8341
Data wystawienia: 2026-05-18
SPRZEDAWCA:
Nazwa: Biuromax Artykuny Biurowe
NIP: 9876543210
Pozycja Netto [PLN] VAT Brutto [PLN]
Kawa ziarnista Arabica 1kg 2452.64 23% 3016.75
Papier ksero A4 5 ryz 1875.84 23% 2307.28
Razem Netto: 4328.48 PLN
Razem VAT: 995.55 PLN
DO ZAPLATY: 5324.03 PLN",OFFICE_SUPPLIES
faktura_473.pdf,9876543210,"FAKTURA VAT: FV/1974/1291
Data wystawienia: 2026-06-04
SPRZEDAWCA:
Nazwa: Biuromax Artykuny Biurowe
NIP: 9876543210
Pozycja Netto [PLN] VAT Brutto [PLN]
Papier ksero A4 5 ryz 2073.48 23% 2550.38
Razem Netto: 2073.48 PLN
Razem VAT: 476.90 PLN
DO ZAPLATY: 2550.38 PLN",OFFICE_SUPPLIES
faktura_474.pdf,6180715961,"FAKTURA VAT: FV/2020/5990
Data wystawienia: 2026-01-17
SPRZEDAWCA:
Nazwa: Fundacja Sromek-Fedyk Sp.j.
NIP: 6180715961
Pozycja Netto [PLN] VAT Brutto [PLN]
Kabel USB-C 2072.01 23% 2548.57
Klawiatura mechaniczna 2050.64 23% 2522.29
Laptop Lenovo ThinkPad 2118.58 23% 2605.85
Razem Netto: 6241.23 PLN
Razem VAT: 1435.48 PLN
DO ZAPLATY: 7676.71 PLN",IT_HARDWARE
faktura_475.pdf,9876543210,"FAKTURA VAT: FV/1989/6439
Data wystawienia: 2026-02-14
SPRZEDAWCA:
Nazwa: Biuromax Artykuny Biurowe
NIP: 9876543210
Pozycja Netto [PLN] VAT Brutto [PLN]
Kawa ziarnista Arabica 1kg 329.36 23% 405.11
Segregator biurowy 1910.33 23% 2349.71
Toner do drukarki HP 593.28 23% 729.73
Razem Netto: 2832.97 PLN
Razem VAT: 651.58 PLN
DO ZAPLATY: 3484.55 PLN",OFFICE_SUPPLIES
faktura_476.pdf,1234567890,"FAKTURA VAT: FV/1997/6592
Data wystawienia: 2026-01-09
SPRZEDAWCA:
Nazwa: Amazon Web Services EMEA
NIP: 1234567890
Pozycja Netto [PLN] VAT Brutto [PLN]
Licencja JetBrains 162.16 23% 199.46
Domena internetowa 452.18 23% 556.18
Hosting serwera VPS 394.10 23% 484.74
Razem Netto: 1008.44 PLN
Razem VAT: 231.94 PLN
DO ZAPLATY: 1240.38 PLN",IT_SERVICES
faktura_477.pdf,5213456789,"FAKTURA VAT: FV/1992/7704
Data wystawienia: 2026-03-08
SPRZEDAWCA:
Nazwa: Dell Polska Sp. z o.o.
NIP: 5213456789
Pozycja Netto [PLN] VAT Brutto [PLN]
Monitor Dell 27 cali 2329.03 23% 2864.71
Razem Netto: 2329.03 PLN
Razem VAT: 535.68 PLN
DO ZAPLATY: 2864.71 PLN",IT_HARDWARE
faktura_478.pdf,5213456789,"FAKTURA VAT: FV/2024/7437
Data wystawienia: 2026-08-29
SPRZEDAWCA:
Nazwa: Dell Polska Sp. z o.o.
NIP: 5213456789
Pozycja Netto [PLN] VAT Brutto [PLN]
Laptop Lenovo ThinkPad 163.93 23% 201.63
Monitor Dell 27 cali 1601.44 23% 1969.77
Klawiatura mechaniczna 1696.75 23% 2087.00
Razem Netto: 3462.12 PLN
Razem VAT: 796.28 PLN
DO ZAPLATY: 4258.40 PLN",IT_HARDWARE
faktura_479.pdf,9876543210,"FAKTURA VAT: FV/2001/3018
Data wystawienia: 2026-09-25
SPRZEDAWCA:
Nazwa: Biuromax Artykuny Biurowe
NIP: 9876543210
Pozycja Netto [PLN] VAT Brutto [PLN]
Toner do drukarki HP 60.63 23% 74.57
Segregator biurowy 1853.72 23% 2280.08
Razem Netto: 1914.35 PLN
Razem VAT: 440.30 PLN
DO ZAPLATY: 2354.65 PLN",OFFICE_SUPPLIES
faktura_480.pdf,9876543210,"FAKTURA VAT: FV/1994/8091
Data wystawienia: 2026-02-04
SPRZEDAWCA:
Nazwa: Biuromax Artykuny Biurowe
NIP: 9876543210
Pozycja Netto [PLN] VAT Brutto [PLN]
Toner do drukarki HP 1839.71 23% 2262.84
Kawa ziarnista Arabica 1kg 364.54 23% 448.38
Papier ksero A4 5 ryz 999.14 23% 1228.94
Razem Netto: 3203.39 PLN
Razem VAT: 736.77 PLN
DO ZAPLATY: 3940.16 PLN",OFFICE_SUPPLIES
faktura_481.pdf,9876543210,"FAKTURA VAT: FV/1999/6273
Data wystawienia: 2026-02-11
SPRZEDAWCA:
Nazwa: Biuromax Artykuny Biurowe
NIP: 9876543210
Pozycja Netto [PLN] VAT Brutto [PLN]
Toner do drukarki HP 1024.78 23% 1260.48
Segregator biurowy 890.00 23% 1094.70
Razem Netto: 1914.78 PLN
Razem VAT: 440.40 PLN
DO ZAPLATY: 2355.18 PLN",OFFICE_SUPPLIES
faktura_482.pdf,5213456789,"FAKTURA VAT: FV/1986/5819
Data wystawienia: 2026-06-19
SPRZEDAWCA:
Nazwa: Dell Polska Sp. z o.o.
NIP: 5213456789
Pozycja Netto [PLN] VAT Brutto [PLN]
Kabel USB-C 1526.18 23% 1877.20
Razem Netto: 1526.18 PLN
Razem VAT: 351.02 PLN
DO ZAPLATY: 1877.20 PLN",IT_HARDWARE
faktura_483.pdf,1234567890,"FAKTURA VAT: FV/2010/9393
Data wystawienia: 2026-06-05
SPRZEDAWCA:
Nazwa: Amazon Web Services EMEA
NIP: 1234567890
Pozycja Netto [PLN] VAT Brutto [PLN]
Subskrypcja Azure Cloud 1579.21 23% 1942.43
Hosting serwera VPS 761.92 23% 937.16
Licencja JetBrains 895.97 23% 1102.04
Razem Netto: 3237.10 PLN
Razem VAT: 744.53 PLN
DO ZAPLATY: 3981.63 PLN",IT_SERVICES
faktura_484.pdf,5734535210,"FAKTURA VAT: FV/2005/3173
Data wystawienia: 2026-01-31
SPRZEDAWCA:
Nazwa: FPUH Poczntek-Potaczek s.c.
NIP: 5734535210
Pozycja Netto [PLN] VAT Brutto [PLN]
Laptop Lenovo ThinkPad 1913.90 23% 2354.10
Kabel USB-C 1427.59 23% 1755.94
Monitor Dell 27 cali 1477.88 23% 1817.79
Razem Netto: 4819.37 PLN
Razem VAT: 1108.46 PLN
DO ZAPLATY: 5927.83 PLN",IT_HARDWARE
faktura_485.pdf,1234567890,"FAKTURA VAT: FV/1983/7839
Data wystawienia: 2026-05-16
SPRZEDAWCA:
Nazwa: Amazon Web Services EMEA
NIP: 1234567890
Pozycja Netto [PLN] VAT Brutto [PLN]
Hosting serwera VPS 310.85 23% 382.35
Licencja JetBrains 983.13 23% 1209.25
Razem Netto: 1293.98 PLN
Razem VAT: 297.62 PLN
DO ZAPLATY: 1591.60 PLN",IT_SERVICES
faktura_486.pdf,5213456789,"FAKTURA VAT: FV/1993/1869
Data wystawienia: 2026-09-08
SPRZEDAWCA:
Nazwa: Dell Polska Sp. z o.o.
NIP: 5213456789
Pozycja Netto [PLN] VAT Brutto [PLN]
Klawiatura mechaniczna 1724.31 23% 2120.90
Kabel USB-C 408.75 23% 502.76
Razem Netto: 2133.06 PLN
Razem VAT: 490.60 PLN
DO ZAPLATY: 2623.66 PLN",IT_HARDWARE
faktura_487.pdf,1234567890,"FAKTURA VAT: FV/2025/2016
Data wystawienia: 2026-02-27
SPRZEDAWCA:
Nazwa: Amazon Web Services EMEA
NIP: 1234567890
Pozycja Netto [PLN] VAT Brutto [PLN]
Hosting serwera VPS 928.77 23% 1142.39
Razem Netto: 928.77 PLN
Razem VAT: 213.62 PLN
DO ZAPLATY: 1142.39 PLN",IT_SERVICES
faktura_488.pdf,5213456789,"FAKTURA VAT: FV/1986/8415
Data wystawienia: 2026-02-09
SPRZEDAWCA:
Nazwa: Dell Polska Sp. z o.o.
NIP: 5213456789
Pozycja Netto [PLN] VAT Brutto [PLN]
Kabel USB-C 1747.69 23% 2149.66
Monitor Dell 27 cali 165.10 23% 203.07
Klawiatura mechaniczna 984.88 23% 1211.40
Razem Netto: 2897.67 PLN
Razem VAT: 666.46 PLN
DO ZAPLATY: 3564.13 PLN",IT_HARDWARE
faktura_489.pdf,3342921271,"FAKTURA VAT: FV/1979/7825
Data wystawienia: 2026-04-10
SPRZEDAWCA:
Nazwa: Gabinety Letkiewicz i syn s.c.
NIP: 3342921271
Pozycja Netto [PLN] VAT Brutto [PLN]
Hosting serwera VPS 547.56 23% 673.50
Domena internetowa 2178.68 23% 2679.78
Subskrypcja Azure Cloud 2158.09 23% 2654.45
Razem Netto: 4884.33 PLN
Razem VAT: 1123.40 PLN
DO ZAPLATY: 6007.73 PLN",IT_SERVICES
faktura_490.pdf,1234567890,"FAKTURA VAT: FV/2009/8259
Data wystawienia: 2026-06-24
SPRZEDAWCA:
Nazwa: Amazon Web Services EMEA
NIP: 1234567890
Pozycja Netto [PLN] VAT Brutto [PLN]
Subskrypcja Azure Cloud 770.74 23% 948.01
Licencja JetBrains 484.69 23% 596.17
Hosting serwera VPS 1722.51 23% 2118.69
Razem Netto: 2977.94 PLN
Razem VAT: 684.93 PLN
DO ZAPLATY: 3662.87 PLN",IT_SERVICES
faktura_491.pdf,8739552717,"FAKTURA VAT: FV/2016/4063
Data wystawienia: 2026-08-08
SPRZEDAWCA:
Nazwa: Fundacja Fitas Sp. z o.o. Sp.k.
NIP: 8739552717
Pozycja Netto [PLN] VAT Brutto [PLN]
Olej napndowy Verva 733.83 23% 902.61
Benzyna Pb95 697.39 23% 857.79
Razem Netto: 1431.22 PLN
Razem VAT: 329.18 PLN
DO ZAPLATY: 1760.40 PLN",TRAVEL_FLEET
faktura_492.pdf,1234567890,"FAKTURA VAT: FV/2024/3636
Data wystawienia: 2026-04-17
SPRZEDAWCA:
Nazwa: Amazon Web Services EMEA
NIP: 1234567890
Pozycja Netto [PLN] VAT Brutto [PLN]
Licencja JetBrains 1192.51 23% 1466.79
Razem Netto: 1192.51 PLN
Razem VAT: 274.28 PLN
DO ZAPLATY: 1466.79 PLN",IT_SERVICES
faktura_493.pdf,1234567890,"FAKTURA VAT: FV/2010/3536
Data wystawienia: 2026-01-22
SPRZEDAWCA:
Nazwa: Amazon Web Services EMEA
NIP: 1234567890
Pozycja Netto [PLN] VAT Brutto [PLN]
Hosting serwera VPS 1251.85 23% 1539.78
Licencja JetBrains 1453.06 23% 1787.26
Subskrypcja Azure Cloud 927.31 23% 1140.59
Razem Netto: 3632.22 PLN
Razem VAT: 835.41 PLN
DO ZAPLATY: 4467.63 PLN",IT_SERVICES
faktura_494.pdf,5213456789,"FAKTURA VAT: FV/1993/6207
Data wystawienia: 2026-07-17
SPRZEDAWCA:
Nazwa: Dell Polska Sp. z o.o.
NIP: 5213456789
Pozycja Netto [PLN] VAT Brutto [PLN]
Monitor Dell 27 cali 1069.03 23% 1314.91
Laptop Lenovo ThinkPad 1365.74 23% 1679.86
Kabel USB-C 275.27 23% 338.58
Razem Netto: 2710.04 PLN
Razem VAT: 623.31 PLN
DO ZAPLATY: 3333.35 PLN",IT_HARDWARE
faktura_495.pdf,6477005426,"FAKTURA VAT: FV/1975/4624
Data wystawienia: 2026-05-01
SPRZEDAWCA:
Nazwa: Grzelec s.c.
NIP: 6477005426
Pozycja Netto [PLN] VAT Brutto [PLN]
Licencja JetBrains 585.19 23% 719.78
Subskrypcja Azure Cloud 1894.01 23% 2329.63
Razem Netto: 2479.20 PLN
Razem VAT: 570.21 PLN
DO ZAPLATY: 3049.41 PLN",IT_SERVICES
faktura_496.pdf,5261040828,"FAKTURA VAT: FV/2004/9691
Data wystawienia: 2026-05-30
SPRZEDAWCA:
Nazwa: Orlen Paliwa Sp. z o.o.
NIP: 5261040828
Pozycja Netto [PLN] VAT Brutto [PLN]
Opnata autostradowa A2 1141.88 23% 1404.51
Razem Netto: 1141.88 PLN
Razem VAT: 262.63 PLN
DO ZAPLATY: 1404.51 PLN",TRAVEL_FLEET
faktura_497.pdf,7620793599,"FAKTURA VAT: FV/2001/4994
Data wystawienia: 2026-08-14
SPRZEDAWCA:
Nazwa: PPUH Dawidczyk Sp. z o.o.
NIP: 7620793599
Pozycja Netto [PLN] VAT Brutto [PLN]
Hosting serwera VPS 678.65 23% 834.74
Subskrypcja Azure Cloud 1823.74 23% 2243.20
Razem Netto: 2502.39 PLN
Razem VAT: 575.55 PLN
DO ZAPLATY: 3077.94 PLN",IT_SERVICES
faktura_498.pdf,5091820377,"FAKTURA VAT: FV/2000/1404
Data wystawienia: 2026-02-10
SPRZEDAWCA:
Nazwa: PPUH Zinkiewicz s.c.
NIP: 5091820377
Pozycja Netto [PLN] VAT Brutto [PLN]
Domena internetowa 776.26 23% 954.80
Subskrypcja Azure Cloud 1646.24 23% 2024.88
Hosting serwera VPS 834.77 23% 1026.77
Razem Netto: 3257.27 PLN
Razem VAT: 749.18 PLN
DO ZAPLATY: 4006.45 PLN",IT_SERVICES
faktura_499.pdf,5464665901,"FAKTURA VAT: FV/1980/2349
Data wystawienia: 2026-05-22
SPRZEDAWCA:
Nazwa: Grupa Tytko
NIP: 5464665901
Pozycja Netto [PLN] VAT Brutto [PLN]
Monitor Dell 27 cali 566.41 23% 696.68
Laptop Lenovo ThinkPad 1592.31 23% 1958.54
Kabel USB-C 572.28 23% 703.90
Razem Netto: 2731.00 PLN
Razem VAT: 628.12 PLN
DO ZAPLATY: 3359.12 PLN",IT_HARDWARE
faktura_500.pdf,5213456789,"FAKTURA VAT: FV/1976/7950
Data wystawienia: 2026-08-05
SPRZEDAWCA:
Nazwa: Dell Polska Sp. z o.o.
NIP: 5213456789
Pozycja Netto [PLN] VAT Brutto [PLN]
Kabel USB-C 1879.88 23% 2312.25
Laptop Lenovo ThinkPad 426.70 23% 524.84
Monitor Dell 27 cali 1175.10 23% 1445.37
Razem Netto: 3481.68 PLN
Razem VAT: 800.78 PLN
DO ZAPLATY: 4282.46 PLN",IT_HARDWARE
faktura_501.pdf,5261040828,"FAKTURA VAT: FV/2016/6434
Data wystawienia: 2026-05-31
SPRZEDAWCA:
Nazwa: Orlen Paliwa Sp. z o.o.
NIP: 5261040828
Pozycja Netto [PLN] VAT Brutto [PLN]
Benzyna Pb95 1995.83 23% 2454.87
Razem Netto: 1995.83 PLN
Razem VAT: 459.04 PLN
DO ZAPLATY: 2454.87 PLN",TRAVEL_FLEET
faktura_502.pdf,5213456789,"FAKTURA VAT: FV/1989/2154
Data wystawienia: 2026-04-08
SPRZEDAWCA:
Nazwa: Dell Polska Sp. z o.o.
NIP: 5213456789
Pozycja Netto [PLN] VAT Brutto [PLN]
Kabel USB-C 1155.26 23% 1420.97
Klawiatura mechaniczna 1040.90 23% 1280.31
Razem Netto: 2196.16 PLN
Razem VAT: 505.12 PLN
DO ZAPLATY: 2701.28 PLN",IT_HARDWARE
faktura_503.pdf,5261040828,"FAKTURA VAT: FV/2019/6183
Data wystawienia: 2026-09-12
SPRZEDAWCA:
Nazwa: Orlen Paliwa Sp. z o.o.
NIP: 5261040828
Pozycja Netto [PLN] VAT Brutto [PLN]
Olej napndowy Verva 1902.10 23% 2339.58
Opnata autostradowa A2 1484.74 23% 1826.23
Hotel Warszawa doba 1767.16 23% 2173.61
Razem Netto: 5154.00 PLN
Razem VAT: 1185.42 PLN
DO ZAPLATY: 6339.42 PLN",TRAVEL_FLEET
faktura_504.pdf,5261040828,"FAKTURA VAT: FV/2011/2189
Data wystawienia: 2026-02-28
SPRZEDAWCA:
Nazwa: Orlen Paliwa Sp. z o.o.
NIP: 5261040828
Pozycja Netto [PLN] VAT Brutto [PLN]
Opnata autostradowa A2 261.94 23% 322.19
Hotel Warszawa doba 1924.92 23% 2367.65
Razem Netto: 2186.86 PLN
Razem VAT: 502.98 PLN
DO ZAPLATY: 2689.84 PLN",TRAVEL_FLEET
faktura_505.pdf,5261040828,"FAKTURA VAT: FV/1992/8170
Data wystawienia: 2026-02-01
SPRZEDAWCA:
Nazwa: Orlen Paliwa Sp. z o.o.
NIP: 5261040828
Pozycja Netto [PLN] VAT Brutto [PLN]
Benzyna Pb95 588.67 23% 724.06
Opnata autostradowa A2 1879.55 23% 2311.85
Razem Netto: 2468.22 PLN
Razem VAT: 567.69 PLN
DO ZAPLATY: 3035.91 PLN",TRAVEL_FLEET
faktura_506.pdf,5213456789,"FAKTURA VAT: FV/2009/9941
Data wystawienia: 2026-09-15
SPRZEDAWCA:
Nazwa: Dell Polska Sp. z o.o.
NIP: 5213456789
Pozycja Netto [PLN] VAT Brutto [PLN]
Laptop Lenovo ThinkPad 1406.13 23% 1729.54
Monitor Dell 27 cali 1409.92 23% 1734.20
Razem Netto: 2816.05 PLN
Razem VAT: 647.69 PLN
DO ZAPLATY: 3463.74 PLN",IT_HARDWARE
faktura_507.pdf,9876543210,"FAKTURA VAT: FV/1979/3019
Data wystawienia: 2026-05-16
SPRZEDAWCA:
Nazwa: Biuromax Artykuny Biurowe
NIP: 9876543210
Pozycja Netto [PLN] VAT Brutto [PLN]
Papier ksero A4 5 ryz 1883.33 23% 2316.50
Toner do drukarki HP 2263.69 23% 2784.34
Segregator biurowy 892.44 23% 1097.70
Razem Netto: 5039.46 PLN
Razem VAT: 1159.08 PLN
DO ZAPLATY: 6198.54 PLN",OFFICE_SUPPLIES
faktura_508.pdf,9466291482,"FAKTURA VAT: FV/1991/7760
Data wystawienia: 2026-09-12
SPRZEDAWCA:
Nazwa: FPUH Konat Sp. z o.o. Sp.k.
NIP: 9466291482
Pozycja Netto [PLN] VAT Brutto [PLN]
Klawiatura mechaniczna 590.93 23% 726.84
Razem Netto: 590.93 PLN
Razem VAT: 135.91 PLN
DO ZAPLATY: 726.84 PLN",IT_HARDWARE
faktura_509.pdf,5213456789,"FAKTURA VAT: FV/2025/5140
Data wystawienia: 2026-02-19
SPRZEDAWCA:
Nazwa: Dell Polska Sp. z o.o.
NIP: 5213456789
Pozycja Netto [PLN] VAT Brutto [PLN]
Monitor Dell 27 cali 1629.45 23% 2004.22
Laptop Lenovo ThinkPad 229.20 23% 281.92
Klawiatura mechaniczna 1695.63 23% 2085.62
Razem Netto: 3554.28 PLN
Razem VAT: 817.48 PLN
DO ZAPLATY: 4371.76 PLN",IT_HARDWARE
faktura_510.pdf,9876543210,"FAKTURA VAT: FV/2015/5107
Data wystawienia: 2026-09-24
SPRZEDAWCA:
Nazwa: Biuromax Artykuny Biurowe
NIP: 9876543210
Pozycja Netto [PLN] VAT Brutto [PLN]
Kawa ziarnista Arabica 1kg 1694.67 23% 2084.44
Papier ksero A4 5 ryz 624.61 23% 768.27
Razem Netto: 2319.28 PLN
Razem VAT: 533.43 PLN
DO ZAPLATY: 2852.71 PLN",OFFICE_SUPPLIES
faktura_511.pdf,5213456789,"FAKTURA VAT: FV/2005/5671
Data wystawienia: 2026-02-06
SPRZEDAWCA:
Nazwa: Dell Polska Sp. z o.o.
NIP: 5213456789
Pozycja Netto [PLN] VAT Brutto [PLN]
Kabel USB-C 854.45 23% 1050.97
Klawiatura mechaniczna 1665.58 23% 2048.66
Razem Netto: 2520.03 PLN
Razem VAT: 579.60 PLN
DO ZAPLATY: 3099.63 PLN",IT_HARDWARE
faktura_512.pdf,1234567890,"FAKTURA VAT: FV/2013/3496
Data wystawienia: 2026-09-18
SPRZEDAWCA:
Nazwa: Amazon Web Services EMEA
NIP: 1234567890
Pozycja Netto [PLN] VAT Brutto [PLN]
Domena internetowa 61.84 23% 76.06
Hosting serwera VPS 653.13 23% 803.35
Razem Netto: 714.97 PLN
Razem VAT: 164.44 PLN
DO ZAPLATY: 879.41 PLN",IT_SERVICES
faktura_513.pdf,9876543210,"FAKTURA VAT: FV/1998/4629
Data wystawienia: 2026-07-17
SPRZEDAWCA:
Nazwa: Biuromax Artykuny Biurowe
NIP: 9876543210
Pozycja Netto [PLN] VAT Brutto [PLN]
Kawa ziarnista Arabica 1kg 1714.97 23% 2109.41
Papier ksero A4 5 ryz 862.33 23% 1060.67
Razem Netto: 2577.30 PLN
Razem VAT: 592.78 PLN
DO ZAPLATY: 3170.08 PLN",OFFICE_SUPPLIES
faktura_514.pdf,1234567890,"FAKTURA VAT: FV/1994/8863
Data wystawienia: 2026-01-08
SPRZEDAWCA:
Nazwa: Amazon Web Services EMEA
NIP: 1234567890
Pozycja Netto [PLN] VAT Brutto [PLN]
Domena internetowa 316.64 23% 389.47
Licencja JetBrains 1631.60 23% 2006.87
Razem Netto: 1948.24 PLN
Razem VAT: 448.10 PLN
DO ZAPLATY: 2396.34 PLN",IT_SERVICES
faktura_515.pdf,5213456789,"FAKTURA VAT: FV/1994/2343
Data wystawienia: 2026-04-30
SPRZEDAWCA:
Nazwa: Dell Polska Sp. z o.o.
NIP: 5213456789
Pozycja Netto [PLN] VAT Brutto [PLN]
Klawiatura mechaniczna 1832.19 23% 2253.59
Kabel USB-C 2235.66 23% 2749.86
Monitor Dell 27 cali 2131.49 23% 2621.73
Razem Netto: 6199.34 PLN
Razem VAT: 1425.84 PLN
DO ZAPLATY: 7625.18 PLN",IT_HARDWARE
faktura_516.pdf,9876543210,"FAKTURA VAT: FV/1982/1511
Data wystawienia: 2026-03-25
SPRZEDAWCA:
Nazwa: Biuromax Artykuny Biurowe
NIP: 9876543210
Pozycja Netto [PLN] VAT Brutto [PLN]
Toner do drukarki HP 1381.50 23% 1699.25
Papier ksero A4 5 ryz 2496.88 23% 3071.16
Segregator biurowy 1206.65 23% 1484.18
Razem Netto: 5085.03 PLN
Razem VAT: 1169.56 PLN
DO ZAPLATY: 6254.59 PLN",OFFICE_SUPPLIES
faktura_517.pdf,5213456789,"FAKTURA VAT: FV/1993/3435
Data wystawienia: 2026-07-08
SPRZEDAWCA:
Nazwa: Dell Polska Sp. z o.o.
NIP: 5213456789
Pozycja Netto [PLN] VAT Brutto [PLN]
Laptop Lenovo ThinkPad 1277.75 23% 1571.63
Monitor Dell 27 cali 271.86 23% 334.39
Klawiatura mechaniczna 941.47 23% 1158.01
Razem Netto: 2491.08 PLN
Razem VAT: 572.95 PLN
DO ZAPLATY: 3064.03 PLN",IT_HARDWARE
faktura_518.pdf,5213456789,"FAKTURA VAT: FV/1983/1173
Data wystawienia: 2026-03-29
SPRZEDAWCA:
Nazwa: Dell Polska Sp. z o.o.
NIP: 5213456789
Pozycja Netto [PLN] VAT Brutto [PLN]
Klawiatura mechaniczna 488.91 23% 601.36
Kabel USB-C 2374.34 23% 2920.44
Monitor Dell 27 cali 1665.56 23% 2048.64
Razem Netto: 4528.81 PLN
Razem VAT: 1041.63 PLN
DO ZAPLATY: 5570.44 PLN",IT_HARDWARE
faktura_519.pdf,9876543210,"FAKTURA VAT: FV/1979/3395
Data wystawienia: 2026-03-02
SPRZEDAWCA:
Nazwa: Biuromax Artykuny Biurowe
NIP: 9876543210
Pozycja Netto [PLN] VAT Brutto [PLN]
Papier ksero A4 5 ryz 1915.61 23% 2356.20
Segregator biurowy 617.79 23% 759.88
Razem Netto: 2533.40 PLN
Razem VAT: 582.68 PLN
DO ZAPLATY: 3116.08 PLN",OFFICE_SUPPLIES
faktura_520.pdf,5261040828,"FAKTURA VAT: FV/1975/5331
Data wystawienia: 2026-04-25
SPRZEDAWCA:
Nazwa: Orlen Paliwa Sp. z o.o.
NIP: 5261040828
Pozycja Netto [PLN] VAT Brutto [PLN]
Benzyna Pb95 1000.83 23% 1231.02
Opnata autostradowa A2 2298.86 23% 2827.60
Hotel Warszawa doba 2209.80 23% 2718.05
Razem Netto: 5509.49 PLN
Razem VAT: 1267.18 PLN
DO ZAPLATY: 6776.67 PLN",TRAVEL_FLEET
faktura_521.pdf,6998805922,"FAKTURA VAT: FV/2023/1653
Data wystawienia: 2026-02-09
SPRZEDAWCA:
Nazwa: Fundacja Golda-Budkiewicz S.A.
NIP: 6998805922
Pozycja Netto [PLN] VAT Brutto [PLN]
Licencja JetBrains 2095.44 23% 2577.39
Razem Netto: 2095.44 PLN
Razem VAT: 481.95 PLN
DO ZAPLATY: 2577.39 PLN",IT_SERVICES
faktura_522.pdf,5213456789,"FAKTURA VAT: FV/2026/5314
Data wystawienia: 2026-09-27
SPRZEDAWCA:
Nazwa: Dell Polska Sp. z o.o.
NIP: 5213456789
Pozycja Netto [PLN] VAT Brutto [PLN]
Kabel USB-C 1489.81 23% 1832.47
Klawiatura mechaniczna 2250.66 23% 2768.31
Razem Netto: 3740.47 PLN
Razem VAT: 860.31 PLN
DO ZAPLATY: 4600.78 PLN",IT_HARDWARE
faktura_523.pdf,9876543210,"FAKTURA VAT: FV/2022/2275
Data wystawienia: 2026-08-31
SPRZEDAWCA:
Nazwa: Biuromax Artykuny Biurowe
NIP: 9876543210
Pozycja Netto [PLN] VAT Brutto [PLN]
Segregator biurowy 914.60 23% 1124.96
Razem Netto: 914.60 PLN
Razem VAT: 210.36 PLN
DO ZAPLATY: 1124.96 PLN",OFFICE_SUPPLIES
faktura_524.pdf,9876543210,"FAKTURA VAT: FV/2025/6653
Data wystawienia: 2026-03-06
SPRZEDAWCA:
Nazwa: Biuromax Artykuny Biurowe
NIP: 9876543210
Pozycja Netto [PLN] VAT Brutto [PLN]
Papier ksero A4 5 ryz 1127.75 23% 1387.13
Kawa ziarnista Arabica 1kg 613.48 23% 754.58
Segregator biurowy 1310.63 23% 1612.07
Razem Netto: 3051.86 PLN
Razem VAT: 701.92 PLN
DO ZAPLATY: 3753.78 PLN",OFFICE_SUPPLIES
faktura_525.pdf,5213456789,"FAKTURA VAT: FV/2019/5600
Data wystawienia: 2026-06-19
SPRZEDAWCA:
Nazwa: Dell Polska Sp. z o.o.
NIP: 5213456789
Pozycja Netto [PLN] VAT Brutto [PLN]
Laptop Lenovo ThinkPad 1524.95 23% 1875.69
Razem Netto: 1524.95 PLN
Razem VAT: 350.74 PLN
DO ZAPLATY: 1875.69 PLN",IT_HARDWARE
faktura_526.pdf,9876543210,"FAKTURA VAT: FV/1972/2938
Data wystawienia: 2026-06-09
SPRZEDAWCA:
Nazwa: Biuromax Artykuny Biurowe
NIP: 9876543210
Pozycja Netto [PLN] VAT Brutto [PLN]
Papier ksero A4 5 ryz 1704.31 23% 2096.30
Toner do drukarki HP 1223.60 23% 1505.03
Razem Netto: 2927.91 PLN
Razem VAT: 673.42 PLN
DO ZAPLATY: 3601.33 PLN",OFFICE_SUPPLIES
faktura_527.pdf,9876543210,"FAKTURA VAT: FV/1994/3641
Data wystawienia: 2026-09-20
SPRZEDAWCA:
Nazwa: Biuromax Artykuny Biurowe
NIP: 9876543210
Pozycja Netto [PLN] VAT Brutto [PLN]
Toner do drukarki HP 155.70 23% 191.51
Razem Netto: 155.70 PLN
Razem VAT: 35.81 PLN
DO ZAPLATY: 191.51 PLN",OFFICE_SUPPLIES
faktura_528.pdf,5261040828,"FAKTURA VAT: FV/2018/3639
Data wystawienia: 2026-04-03
SPRZEDAWCA:
Nazwa: Orlen Paliwa Sp. z o.o.
NIP: 5261040828
Pozycja Netto [PLN] VAT Brutto [PLN]
Benzyna Pb95 682.74 23% 839.77
Olej napndowy Verva 491.09 23% 604.04
Opnata autostradowa A2 2397.68 23% 2949.15
Razem Netto: 3571.51 PLN
Razem VAT: 821.45 PLN
DO ZAPLATY: 4392.96 PLN",TRAVEL_FLEET
faktura_529.pdf,4437483472,"FAKTURA VAT: FV/2000/1305
Data wystawienia: 2026-08-26
SPRZEDAWCA:
Nazwa: FPUH Wojewodzic
NIP: 4437483472
Pozycja Netto [PLN] VAT Brutto [PLN]
Subskrypcja Azure Cloud 1150.55 23% 1415.18
Razem Netto: 1150.55 PLN
Razem VAT: 264.63 PLN
DO ZAPLATY: 1415.18 PLN",IT_SERVICES
faktura_530.pdf,4396886232,"FAKTURA VAT: FV/1999/8723
Data wystawienia: 2026-06-29
SPRZEDAWCA:
Nazwa: Spóndzielnia Jenyna-Supen Sp. z o.o.
NIP: 4396886232
Pozycja Netto [PLN] VAT Brutto [PLN]
Kabel USB-C 1522.05 23% 1872.12
Razem Netto: 1522.05 PLN
Razem VAT: 350.07 PLN
DO ZAPLATY: 1872.12 PLN",IT_HARDWARE
faktura_531.pdf,1234567890,"FAKTURA VAT: FV/2013/3979
Data wystawienia: 2026-07-06
SPRZEDAWCA:
Nazwa: Amazon Web Services EMEA
NIP: 1234567890
Pozycja Netto [PLN] VAT Brutto [PLN]
Licencja JetBrains 2309.76 23% 2841.00
Razem Netto: 2309.76 PLN
Razem VAT: 531.24 PLN
DO ZAPLATY: 2841.00 PLN",IT_SERVICES
faktura_532.pdf,9876543210,"FAKTURA VAT: FV/1995/2127
Data wystawienia: 2026-08-04
SPRZEDAWCA:
Nazwa: Biuromax Artykuny Biurowe
NIP: 9876543210
Pozycja Netto [PLN] VAT Brutto [PLN]
Papier ksero A4 5 ryz 90.58 23% 111.41
Razem Netto: 90.58 PLN
Razem VAT: 20.83 PLN
DO ZAPLATY: 111.41 PLN",OFFICE_SUPPLIES
faktura_533.pdf,2424124787,"FAKTURA VAT: FV/1976/9564
Data wystawienia: 2026-07-20
SPRZEDAWCA:
Nazwa: Zaguna-Nikonajuk Sp. z o.o.
NIP: 2424124787
Pozycja Netto [PLN] VAT Brutto [PLN]
Papier ksero A4 5 ryz 484.68 23% 596.16
Razem Netto: 484.68 PLN
Razem VAT: 111.48 PLN
DO ZAPLATY: 596.16 PLN",OFFICE_SUPPLIES
faktura_534.pdf,5190606859,"FAKTURA VAT: FV/1985/1639
Data wystawienia: 2026-06-25
SPRZEDAWCA:
Nazwa: Chwalisz-Golon Sp. z o.o. Sp.k.
NIP: 5190606859
Pozycja Netto [PLN] VAT Brutto [PLN]
Hotel Warszawa doba 1665.51 23% 2048.58
Razem Netto: 1665.51 PLN
Razem VAT: 383.07 PLN
DO ZAPLATY: 2048.58 PLN",TRAVEL_FLEET
faktura_535.pdf,9876543210,"FAKTURA VAT: FV/1985/9835
Data wystawienia: 2026-01-11
SPRZEDAWCA:
Nazwa: Biuromax Artykuny Biurowe
NIP: 9876543210
Pozycja Netto [PLN] VAT Brutto [PLN]
Segregator biurowy 1759.22 23% 2163.84
Toner do drukarki HP 1100.94 23% 1354.16
Papier ksero A4 5 ryz 2349.13 23% 2889.43
Razem Netto: 5209.29 PLN
Razem VAT: 1198.14 PLN
DO ZAPLATY: 6407.43 PLN",OFFICE_SUPPLIES
faktura_536.pdf,9876543210,"FAKTURA VAT: FV/1991/8899
Data wystawienia: 2026-02-08
SPRZEDAWCA:
Nazwa: Biuromax Artykuny Biurowe
NIP: 9876543210
Pozycja Netto [PLN] VAT Brutto [PLN]
Papier ksero A4 5 ryz 378.01 23% 464.95
Toner do drukarki HP 1219.00 23% 1499.37
Razem Netto: 1597.01 PLN
Razem VAT: 367.31 PLN
DO ZAPLATY: 1964.32 PLN",OFFICE_SUPPLIES
faktura_537.pdf,5012204722,"FAKTURA VAT: FV/2018/4809
Data wystawienia: 2026-09-10
SPRZEDAWCA:
Nazwa: Fundacja Zapora Sp. z o.o.
NIP: 5012204722
Pozycja Netto [PLN] VAT Brutto [PLN]
Hotel Warszawa doba 513.10 23% 631.11
Benzyna Pb95 1787.41 23% 2198.51
Razem Netto: 2300.51 PLN
Razem VAT: 529.11 PLN
DO ZAPLATY: 2829.62 PLN",TRAVEL_FLEET
faktura_538.pdf,5261040828,"FAKTURA VAT: FV/1975/1116
Data wystawienia: 2026-01-08
SPRZEDAWCA:
Nazwa: Orlen Paliwa Sp. z o.o.
NIP: 5261040828
Pozycja Netto [PLN] VAT Brutto [PLN]
Olej napndowy Verva 1735.03 23% 2134.09
Benzyna Pb95 823.96 23% 1013.47
Hotel Warszawa doba 937.56 23% 1153.20
Razem Netto: 3496.55 PLN
Razem VAT: 804.21 PLN
DO ZAPLATY: 4300.76 PLN",TRAVEL_FLEET
faktura_539.pdf,1234567890,"FAKTURA VAT: FV/1987/3535
Data wystawienia: 2026-03-25
SPRZEDAWCA:
Nazwa: Amazon Web Services EMEA
NIP: 1234567890
Pozycja Netto [PLN] VAT Brutto [PLN]
Domena internetowa 945.83 23% 1163.37
Licencja JetBrains 725.12 23% 891.90
Razem Netto: 1670.95 PLN
Razem VAT: 384.32 PLN
DO ZAPLATY: 2055.27 PLN",IT_SERVICES
faktura_540.pdf,9876543210,"FAKTURA VAT: FV/1980/7511
Data wystawienia: 2026-08-02
SPRZEDAWCA:
Nazwa: Biuromax Artykuny Biurowe
NIP: 9876543210
Pozycja Netto [PLN] VAT Brutto [PLN]
Segregator biurowy 1419.78 23% 1746.33
Papier ksero A4 5 ryz 1235.21 23% 1519.31
Toner do drukarki HP 2471.85 23% 3040.38
Razem Netto: 5126.84 PLN
Razem VAT: 1179.18 PLN
DO ZAPLATY: 6306.02 PLN",OFFICE_SUPPLIES
faktura_541.pdf,9876543210,"FAKTURA VAT: FV/2019/6641
Data wystawienia: 2026-08-25
SPRZEDAWCA:
Nazwa: Biuromax Artykuny Biurowe
NIP: 9876543210
Pozycja Netto [PLN] VAT Brutto [PLN]
Toner do drukarki HP 1882.14 23% 2315.03
Kawa ziarnista Arabica 1kg 1144.16 23% 1407.32
Papier ksero A4 5 ryz 1763.31 23% 2168.87
Razem Netto: 4789.61 PLN
Razem VAT: 1101.61 PLN
DO ZAPLATY: 5891.22 PLN",OFFICE_SUPPLIES
faktura_542.pdf,9876543210,"FAKTURA VAT: FV/2005/3650
Data wystawienia: 2026-06-14
SPRZEDAWCA:
Nazwa: Biuromax Artykuny Biurowe
NIP: 9876543210
Pozycja Netto [PLN] VAT Brutto [PLN]
Papier ksero A4 5 ryz 1003.30 23% 1234.06
Segregator biurowy 1607.90 23% 1977.72
Razem Netto: 2611.20 PLN
Razem VAT: 600.58 PLN
DO ZAPLATY: 3211.78 PLN",OFFICE_SUPPLIES
faktura_543.pdf,9876543210,"FAKTURA VAT: FV/1977/2492
Data wystawienia: 2026-04-22
SPRZEDAWCA:
Nazwa: Biuromax Artykuny Biurowe
NIP: 9876543210
Pozycja Netto [PLN] VAT Brutto [PLN]
Segregator biurowy 694.58 23% 854.33
Papier ksero A4 5 ryz 958.55 23% 1179.02
Kawa ziarnista Arabica 1kg 1542.12 23% 1896.81
Razem Netto: 3195.25 PLN
Razem VAT: 734.91 PLN
DO ZAPLATY: 3930.16 PLN",OFFICE_SUPPLIES
faktura_544.pdf,2380369711,"FAKTURA VAT: FV/1986/7296
Data wystawienia: 2026-04-27
SPRZEDAWCA:
Nazwa: Kiciak Sp.j.
NIP: 2380369711
Pozycja Netto [PLN] VAT Brutto [PLN]
Kawa ziarnista Arabica 1kg 2367.00 23% 2911.41
Segregator biurowy 2059.56 23% 2533.26
Papier ksero A4 5 ryz 1618.71 23% 1991.01
Razem Netto: 6045.27 PLN
Razem VAT: 1390.41 PLN
DO ZAPLATY: 7435.68 PLN",OFFICE_SUPPLIES
faktura_545.pdf,1234567890,"FAKTURA VAT: FV/2010/8192
Data wystawienia: 2026-07-28
SPRZEDAWCA:
Nazwa: Amazon Web Services EMEA
NIP: 1234567890
Pozycja Netto [PLN] VAT Brutto [PLN]
Hosting serwera VPS 1970.70 23% 2423.96
Razem Netto: 1970.70 PLN
Razem VAT: 453.26 PLN
DO ZAPLATY: 2423.96 PLN",IT_SERVICES
faktura_546.pdf,5213456789,"FAKTURA VAT: FV/1971/9364
Data wystawienia: 2026-09-03
SPRZEDAWCA:
Nazwa: Dell Polska Sp. z o.o.
NIP: 5213456789
Pozycja Netto [PLN] VAT Brutto [PLN]
Klawiatura mechaniczna 931.36 23% 1145.57
Laptop Lenovo ThinkPad 1654.80 23% 2035.40
Monitor Dell 27 cali 2440.33 23% 3001.61
Razem Netto: 5026.49 PLN
Razem VAT: 1156.09 PLN
DO ZAPLATY: 6182.58 PLN",IT_HARDWARE
faktura_547.pdf,3842460956,"FAKTURA VAT: FV/2005/2422
Data wystawienia: 2026-08-12
SPRZEDAWCA:
Nazwa: Polewka-Skalik S.A.
NIP: 3842460956
Pozycja Netto [PLN] VAT Brutto [PLN]
Segregator biurowy 1485.90 23% 1827.66
Toner do drukarki HP 1318.47 23% 1621.72
Razem Netto: 2804.37 PLN
Razem VAT: 645.01 PLN
DO ZAPLATY: 3449.38 PLN",OFFICE_SUPPLIES
faktura_548.pdf,1978518884,"FAKTURA VAT: FV/2015/2124
Data wystawienia: 2026-09-17
SPRZEDAWCA:
Nazwa: PPUH Sidorczuk-Szwiec i syn s.c.
NIP: 1978518884
Pozycja Netto [PLN] VAT Brutto [PLN]
Licencja JetBrains 604.42 23% 743.44
Subskrypcja Azure Cloud 2409.49 23% 2963.67
Domena internetowa 1164.16 23% 1431.92
Razem Netto: 4178.07 PLN
Razem VAT: 960.96 PLN
DO ZAPLATY: 5139.03 PLN",IT_SERVICES
faktura_549.pdf,1234567890,"FAKTURA VAT: FV/2001/7618
Data wystawienia: 2026-01-17
SPRZEDAWCA:
Nazwa: Amazon Web Services EMEA
NIP: 1234567890
Pozycja Netto [PLN] VAT Brutto [PLN]
Domena internetowa 1290.28 23% 1587.04
Razem Netto: 1290.28 PLN
Razem VAT: 296.76 PLN
DO ZAPLATY: 1587.04 PLN",IT_SERVICES
faktura_550.pdf,1234567890,"FAKTURA VAT: FV/2013/2185
Data wystawienia: 2026-05-31
SPRZEDAWCA:
Nazwa: Amazon Web Services EMEA
NIP: 1234567890
Pozycja Netto [PLN] VAT Brutto [PLN]
Licencja JetBrains 2196.48 23% 2701.67
Razem Netto: 2196.48 PLN
Razem VAT: 505.19 PLN
DO ZAPLATY: 2701.67 PLN",IT_SERVICES
faktura_551.pdf,9876543210,"FAKTURA VAT: FV/1995/5098
Data wystawienia: 2026-04-09
SPRZEDAWCA:
Nazwa: Biuromax Artykuny Biurowe
NIP: 9876543210
Pozycja Netto [PLN] VAT Brutto [PLN]
Segregator biurowy 2405.03 23% 2958.19
Papier ksero A4 5 ryz 1174.18 23% 1444.24
Toner do drukarki HP 1178.77 23% 1449.89
Razem Netto: 4757.98 PLN
Razem VAT: 1094.34 PLN
DO ZAPLATY: 5852.32 PLN",OFFICE_SUPPLIES
faktura_552.pdf,1234567890,"FAKTURA VAT: FV/2020/1448
Data wystawienia: 2026-01-07
SPRZEDAWCA:
Nazwa: Amazon Web Services EMEA
NIP: 1234567890
Pozycja Netto [PLN] VAT Brutto [PLN]
Domena internetowa 1602.47 23% 1971.04
Razem Netto: 1602.47 PLN
Razem VAT: 368.57 PLN
DO ZAPLATY: 1971.04 PLN",IT_SERVICES
faktura_553.pdf,5213456789,"FAKTURA VAT: FV/1994/4610
Data wystawienia: 2026-01-27
SPRZEDAWCA:
Nazwa: Dell Polska Sp. z o.o.
NIP: 5213456789
Pozycja Netto [PLN] VAT Brutto [PLN]
Kabel USB-C 1315.44 23% 1617.99
Klawiatura mechaniczna 73.82 23% 90.80
Razem Netto: 1389.26 PLN
Razem VAT: 319.53 PLN
DO ZAPLATY: 1708.79 PLN",IT_HARDWARE
faktura_554.pdf,5261040828,"FAKTURA VAT: FV/1993/5314
Data wystawienia: 2026-04-04
SPRZEDAWCA:
Nazwa: Orlen Paliwa Sp. z o.o.
NIP: 5261040828
Pozycja Netto [PLN] VAT Brutto [PLN]
Opnata autostradowa A2 1408.65 23% 1732.64
Olej napndowy Verva 487.29 23% 599.37
Razem Netto: 1895.94 PLN
Razem VAT: 436.07 PLN
DO ZAPLATY: 2332.01 PLN",TRAVEL_FLEET
faktura_555.pdf,1234567890,"FAKTURA VAT: FV/2019/6142
Data wystawienia: 2026-09-13
SPRZEDAWCA:
Nazwa: Amazon Web Services EMEA
NIP: 1234567890
Pozycja Netto [PLN] VAT Brutto [PLN]
Subskrypcja Azure Cloud 1272.55 23% 1565.24
Razem Netto: 1272.55 PLN
Razem VAT: 292.69 PLN
DO ZAPLATY: 1565.24 PLN",IT_SERVICES
faktura_556.pdf,5213456789,"FAKTURA VAT: FV/2012/4271
Data wystawienia: 2026-02-10
SPRZEDAWCA:
Nazwa: Dell Polska Sp. z o.o.
NIP: 5213456789
Pozycja Netto [PLN] VAT Brutto [PLN]
Klawiatura mechaniczna 546.78 23% 672.54
Monitor Dell 27 cali 661.75 23% 813.95
Razem Netto: 1208.53 PLN
Razem VAT: 277.96 PLN
DO ZAPLATY: 1486.49 PLN",IT_HARDWARE
faktura_557.pdf,5261040828,"FAKTURA VAT: FV/2022/6833
Data wystawienia: 2026-08-14
SPRZEDAWCA:
Nazwa: Orlen Paliwa Sp. z o.o.
NIP: 5261040828
Pozycja Netto [PLN] VAT Brutto [PLN]
Olej napndowy Verva 1705.74 23% 2098.06
Razem Netto: 1705.74 PLN
Razem VAT: 392.32 PLN
DO ZAPLATY: 2098.06 PLN",TRAVEL_FLEET
faktura_558.pdf,5261040828,"FAKTURA VAT: FV/2020/9071
Data wystawienia: 2026-05-10
SPRZEDAWCA:
Nazwa: Orlen Paliwa Sp. z o.o.
NIP: 5261040828
Pozycja Netto [PLN] VAT Brutto [PLN]
Opnata autostradowa A2 822.77 23% 1012.01
Hotel Warszawa doba 2250.40 23% 2767.99
Razem Netto: 3073.17 PLN
Razem VAT: 706.83 PLN
DO ZAPLATY: 3780.00 PLN",TRAVEL_FLEET
faktura_559.pdf,1234567890,"FAKTURA VAT: FV/1979/5501
Data wystawienia: 2026-01-18
SPRZEDAWCA:
Nazwa: Amazon Web Services EMEA
NIP: 1234567890
Pozycja Netto [PLN] VAT Brutto [PLN]
Subskrypcja Azure Cloud 364.20 23% 447.97
Licencja JetBrains 1338.05 23% 1645.80
Razem Netto: 1702.25 PLN
Razem VAT: 391.52 PLN
DO ZAPLATY: 2093.77 PLN",IT_SERVICES
faktura_560.pdf,5261040828,"FAKTURA VAT: FV/1993/7933
Data wystawienia: 2026-08-01
SPRZEDAWCA:
Nazwa: Orlen Paliwa Sp. z o.o.
NIP: 5261040828
Pozycja Netto [PLN] VAT Brutto [PLN]
Opnata autostradowa A2 1170.13 23% 1439.26
Benzyna Pb95 344.90 23% 424.23
Olej napndowy Verva 1319.60 23% 1623.11
Razem Netto: 2834.63 PLN
Razem VAT: 651.97 PLN
DO ZAPLATY: 3486.60 PLN",TRAVEL_FLEET
faktura_561.pdf,5261040828,"FAKTURA VAT: FV/1993/6171
Data wystawienia: 2026-09-07
SPRZEDAWCA:
Nazwa: Orlen Paliwa Sp. z o.o.
NIP: 5261040828
Pozycja Netto [PLN] VAT Brutto [PLN]
Benzyna Pb95 847.32 23% 1042.20
Hotel Warszawa doba 1551.31 23% 1908.11
Olej napndowy Verva 686.27 23% 844.11
Razem Netto: 3084.90 PLN
Razem VAT: 709.52 PLN
DO ZAPLATY: 3794.42 PLN",TRAVEL_FLEET
faktura_562.pdf,1234567890,"FAKTURA VAT: FV/1981/9987
Data wystawienia: 2026-09-23
SPRZEDAWCA:
Nazwa: Amazon Web Services EMEA
NIP: 1234567890
Pozycja Netto [PLN] VAT Brutto [PLN]
Licencja JetBrains 500.59 23% 615.73
Subskrypcja Azure Cloud 1088.66 23% 1339.05
Razem Netto: 1589.25 PLN
Razem VAT: 365.53 PLN
DO ZAPLATY: 1954.78 PLN",IT_SERVICES
faktura_563.pdf,1234567890,"FAKTURA VAT: FV/2001/7866
Data wystawienia: 2026-09-28
SPRZEDAWCA:
Nazwa: Amazon Web Services EMEA
NIP: 1234567890
Pozycja Netto [PLN] VAT Brutto [PLN]
Domena internetowa 1154.29 23% 1419.78
Subskrypcja Azure Cloud 1449.95 23% 1783.44
Razem Netto: 2604.24 PLN
Razem VAT: 598.98 PLN
DO ZAPLATY: 3203.22 PLN",IT_SERVICES
faktura_564.pdf,1234567890,"FAKTURA VAT: FV/2002/4744
Data wystawienia: 2026-09-03
SPRZEDAWCA:
Nazwa: Amazon Web Services EMEA
NIP: 1234567890
Pozycja Netto [PLN] VAT Brutto [PLN]
Domena internetowa 2147.96 23% 2641.99
Razem Netto: 2147.96 PLN
Razem VAT: 494.03 PLN
DO ZAPLATY: 2641.99 PLN",IT_SERVICES
faktura_565.pdf,5213456789,"FAKTURA VAT: FV/1982/4212
Data wystawienia: 2026-02-22
SPRZEDAWCA:
Nazwa: Dell Polska Sp. z o.o.
NIP: 5213456789
Pozycja Netto [PLN] VAT Brutto [PLN]
Monitor Dell 27 cali 1082.73 23% 1331.76
Kabel USB-C 379.46 23% 466.74
Razem Netto: 1462.19 PLN
Razem VAT: 336.31 PLN
DO ZAPLATY: 1798.50 PLN",IT_HARDWARE
faktura_566.pdf,1234567890,"FAKTURA VAT: FV/1974/9470
Data wystawienia: 2026-06-27
SPRZEDAWCA:
Nazwa: Amazon Web Services EMEA
NIP: 1234567890
Pozycja Netto [PLN] VAT Brutto [PLN]
Licencja JetBrains 1427.24 23% 1755.51
Subskrypcja Azure Cloud 1441.19 23% 1772.66
Razem Netto: 2868.43 PLN
Razem VAT: 659.74 PLN
DO ZAPLATY: 3528.17 PLN",IT_SERVICES
faktura_567.pdf,5213456789,"FAKTURA VAT: FV/1972/7527
Data wystawienia: 2026-04-24
SPRZEDAWCA:
Nazwa: Dell Polska Sp. z o.o.
NIP: 5213456789
Pozycja Netto [PLN] VAT Brutto [PLN]
Klawiatura mechaniczna 2043.85 23% 2513.94
Razem Netto: 2043.85 PLN
Razem VAT: 470.09 PLN
DO ZAPLATY: 2513.94 PLN",IT_HARDWARE
faktura_568.pdf,5261040828,"FAKTURA VAT: FV/1983/8807
Data wystawienia: 2026-01-18
SPRZEDAWCA:
Nazwa: Orlen Paliwa Sp. z o.o.
NIP: 5261040828
Pozycja Netto [PLN] VAT Brutto [PLN]
Opnata autostradowa A2 934.36 23% 1149.26
Benzyna Pb95 1422.86 23% 1750.12
Razem Netto: 2357.22 PLN
Razem VAT: 542.16 PLN
DO ZAPLATY: 2899.38 PLN",TRAVEL_FLEET
faktura_569.pdf,9876543210,"FAKTURA VAT: FV/2023/5222
Data wystawienia: 2026-03-19
SPRZEDAWCA:
Nazwa: Biuromax Artykuny Biurowe
NIP: 9876543210
Pozycja Netto [PLN] VAT Brutto [PLN]
Kawa ziarnista Arabica 1kg 2175.05 23% 2675.31
Razem Netto: 2175.05 PLN
Razem VAT: 500.26 PLN
DO ZAPLATY: 2675.31 PLN",OFFICE_SUPPLIES
faktura_570.pdf,5213456789,"FAKTURA VAT: FV/1972/4259
Data wystawienia: 2026-05-03
SPRZEDAWCA:
Nazwa: Dell Polska Sp. z o.o.
NIP: 5213456789
Pozycja Netto [PLN] VAT Brutto [PLN]
Laptop Lenovo ThinkPad 1699.32 23% 2090.16
Klawiatura mechaniczna 1244.36 23% 1530.56
Razem Netto: 2943.68 PLN
Razem VAT: 677.04 PLN
DO ZAPLATY: 3620.72 PLN",IT_HARDWARE
faktura_571.pdf,5758740341,"FAKTURA VAT: FV/1991/8322
Data wystawienia: 2026-07-20
SPRZEDAWCA:
Nazwa: Gabinety Reichel
NIP: 5758740341
Pozycja Netto [PLN] VAT Brutto [PLN]
Kawa ziarnista Arabica 1kg 2177.23 23% 2677.99
Toner do drukarki HP 1619.42 23% 1991.89
Papier ksero A4 5 ryz 2324.99 23% 2859.74
Razem Netto: 6121.64 PLN
Razem VAT: 1407.98 PLN
DO ZAPLATY: 7529.62 PLN",OFFICE_SUPPLIES
faktura_572.pdf,9876543210,"FAKTURA VAT: FV/1973/7911
Data wystawienia: 2026-09-12
SPRZEDAWCA:
Nazwa: Biuromax Artykuny Biurowe
NIP: 9876543210
Pozycja Netto [PLN] VAT Brutto [PLN]
Papier ksero A4 5 ryz 446.90 23% 549.69
Razem Netto: 446.90 PLN
Razem VAT: 102.79 PLN
DO ZAPLATY: 549.69 PLN",OFFICE_SUPPLIES
faktura_573.pdf,1234567890,"FAKTURA VAT: FV/1992/4739
Data wystawienia: 2026-04-17
SPRZEDAWCA:
Nazwa: Amazon Web Services EMEA
NIP: 1234567890
Pozycja Netto [PLN] VAT Brutto [PLN]
Licencja JetBrains 714.56 23% 878.91
Domena internetowa 1140.00 23% 1402.20
Subskrypcja Azure Cloud 2163.88 23% 2661.57
Razem Netto: 4018.44 PLN
Razem VAT: 924.24 PLN
DO ZAPLATY: 4942.68 PLN",IT_SERVICES
faktura_574.pdf,9876543210,"FAKTURA VAT: FV/1978/6950
Data wystawienia: 2026-05-23
SPRZEDAWCA:
Nazwa: Biuromax Artykuny Biurowe
NIP: 9876543210
Pozycja Netto [PLN] VAT Brutto [PLN]
Toner do drukarki HP 2142.82 23% 2635.67
Papier ksero A4 5 ryz 356.35 23% 438.31
Razem Netto: 2499.17 PLN
Razem VAT: 574.81 PLN
DO ZAPLATY: 3073.98 PLN",OFFICE_SUPPLIES
faktura_575.pdf,5261040828,"FAKTURA VAT: FV/1999/4844
Data wystawienia: 2026-06-05
SPRZEDAWCA:
Nazwa: Orlen Paliwa Sp. z o.o.
NIP: 5261040828
Pozycja Netto [PLN] VAT Brutto [PLN]
Benzyna Pb95 1022.76 23% 1257.99
Razem Netto: 1022.76 PLN
Razem VAT: 235.23 PLN
DO ZAPLATY: 1257.99 PLN",TRAVEL_FLEET
faktura_576.pdf,9876543210,"FAKTURA VAT: FV/2020/2565
Data wystawienia: 2026-06-20
SPRZEDAWCA:
Nazwa: Biuromax Artykuny Biurowe
NIP: 9876543210
Pozycja Netto [PLN] VAT Brutto [PLN]
Papier ksero A4 5 ryz 1333.76 23% 1640.52
Segregator biurowy 2490.23 23% 3062.98
Toner do drukarki HP 304.62 23% 374.68
Razem Netto: 4128.61 PLN
Razem VAT: 949.57 PLN
DO ZAPLATY: 5078.18 PLN",OFFICE_SUPPLIES
faktura_577.pdf,9876543210,"FAKTURA VAT: FV/1996/3544
Data wystawienia: 2026-05-12
SPRZEDAWCA:
Nazwa: Biuromax Artykuny Biurowe
NIP: 9876543210
Pozycja Netto [PLN] VAT Brutto [PLN]
Toner do drukarki HP 1857.10 23% 2284.23
Papier ksero A4 5 ryz 1135.74 23% 1396.96
Razem Netto: 2992.84 PLN
Razem VAT: 688.35 PLN
DO ZAPLATY: 3681.19 PLN",OFFICE_SUPPLIES
faktura_578.pdf,5213456789,"FAKTURA VAT: FV/1982/3071
Data wystawienia: 2026-07-12
SPRZEDAWCA:
Nazwa: Dell Polska Sp. z o.o.
NIP: 5213456789
Pozycja Netto [PLN] VAT Brutto [PLN]
Monitor Dell 27 cali 1675.70 23% 2061.11
Razem Netto: 1675.70 PLN
Razem VAT: 385.41 PLN
DO ZAPLATY: 2061.11 PLN",IT_HARDWARE
faktura_579.pdf,5418416162,"FAKTURA VAT: FV/2017/6328
Data wystawienia: 2026-07-13
SPRZEDAWCA:
Nazwa: Gabinety Jagieno-Hnat Sp. z o.o. Sp.k.
NIP: 5418416162
Pozycja Netto [PLN] VAT Brutto [PLN]
Kawa ziarnista Arabica 1kg 381.03 23% 468.67
Segregator biurowy 2373.79 23% 2919.76
Toner do drukarki HP 1371.25 23% 1686.64
Razem Netto: 4126.07 PLN
Razem VAT: 949.00 PLN
DO ZAPLATY: 5075.07 PLN",OFFICE_SUPPLIES
faktura_580.pdf,9876543210,"FAKTURA VAT: FV/1991/8480
Data wystawienia: 2026-02-09
SPRZEDAWCA:
Nazwa: Biuromax Artykuny Biurowe
NIP: 9876543210
Pozycja Netto [PLN] VAT Brutto [PLN]
Kawa ziarnista Arabica 1kg 1372.19 23% 1687.79
Toner do drukarki HP 2021.53 23% 2486.48
Segregator biurowy 1132.56 23% 1393.05
Razem Netto: 4526.28 PLN
Razem VAT: 1041.04 PLN
DO ZAPLATY: 5567.32 PLN",OFFICE_SUPPLIES
faktura_581.pdf,5213456789,"FAKTURA VAT: FV/1975/6992
Data wystawienia: 2026-05-08
SPRZEDAWCA:
Nazwa: Dell Polska Sp. z o.o.
NIP: 5213456789
Pozycja Netto [PLN] VAT Brutto [PLN]
Monitor Dell 27 cali 1332.12 23% 1638.51
Kabel USB-C 1907.82 23% 2346.62
Razem Netto: 3239.94 PLN
Razem VAT: 745.19 PLN
DO ZAPLATY: 3985.13 PLN",IT_HARDWARE
faktura_582.pdf,9876543210,"FAKTURA VAT: FV/2014/3233
Data wystawienia: 2026-04-25
SPRZEDAWCA:
Nazwa: Biuromax Artykuny Biurowe
NIP: 9876543210
Pozycja Netto [PLN] VAT Brutto [PLN]
Papier ksero A4 5 ryz 2370.05 23% 2915.16
Kawa ziarnista Arabica 1kg 1218.81 23% 1499.14
Toner do drukarki HP 72.37 23% 89.02
Razem Netto: 3661.23 PLN
Razem VAT: 842.09 PLN
DO ZAPLATY: 4503.32 PLN",OFFICE_SUPPLIES
faktura_583.pdf,5213456789,"FAKTURA VAT: FV/1990/8052
Data wystawienia: 2026-06-23
SPRZEDAWCA:
Nazwa: Dell Polska Sp. z o.o.
NIP: 5213456789
Pozycja Netto [PLN] VAT Brutto [PLN]
Laptop Lenovo ThinkPad 512.00 23% 629.76
Razem Netto: 512.00 PLN
Razem VAT: 117.76 PLN
DO ZAPLATY: 629.76 PLN",IT_HARDWARE
faktura_584.pdf,5213456789,"FAKTURA VAT: FV/2011/8161
Data wystawienia: 2026-06-15
SPRZEDAWCA:
Nazwa: Dell Polska Sp. z o.o.
NIP: 5213456789
Pozycja Netto [PLN] VAT Brutto [PLN]
Kabel USB-C 694.30 23% 853.99
Klawiatura mechaniczna 1084.49 23% 1333.92
Monitor Dell 27 cali 636.93 23% 783.42
Razem Netto: 2415.72 PLN
Razem VAT: 555.61 PLN
DO ZAPLATY: 2971.33 PLN",IT_HARDWARE
faktura_585.pdf,1234567890,"FAKTURA VAT: FV/1981/5454
Data wystawienia: 2026-09-25
SPRZEDAWCA:
Nazwa: Amazon Web Services EMEA
NIP: 1234567890
Pozycja Netto [PLN] VAT Brutto [PLN]
Subskrypcja Azure Cloud 496.90 23% 611.19
Hosting serwera VPS 759.51 23% 934.20
Razem Netto: 1256.41 PLN
Razem VAT: 288.98 PLN
DO ZAPLATY: 1545.39 PLN",IT_SERVICES
faktura_586.pdf,1234567890,"FAKTURA VAT: FV/2000/8460
Data wystawienia: 2026-05-17
SPRZEDAWCA:
Nazwa: Amazon Web Services EMEA
NIP: 1234567890
Pozycja Netto [PLN] VAT Brutto [PLN]
Domena internetowa 97.52 23% 119.95
Hosting serwera VPS 171.60 23% 211.07
Subskrypcja Azure Cloud 1360.68 23% 1673.64
Razem Netto: 1629.80 PLN
Razem VAT: 374.86 PLN
DO ZAPLATY: 2004.66 PLN",IT_SERVICES
faktura_587.pdf,9785964012,"FAKTURA VAT: FV/2000/4046
Data wystawienia: 2026-01-17
SPRZEDAWCA:
Nazwa: Stowarzyszenie Krncichwost i syn s.c.
NIP: 9785964012
Pozycja Netto [PLN] VAT Brutto [PLN]
Subskrypcja Azure Cloud 1124.12 23% 1382.67
Licencja JetBrains 70.10 23% 86.22
Razem Netto: 1194.22 PLN
Razem VAT: 274.67 PLN
DO ZAPLATY: 1468.89 PLN",IT_SERVICES
faktura_588.pdf,9876543210,"FAKTURA VAT: FV/2021/2477
Data wystawienia: 2026-09-21
SPRZEDAWCA:
Nazwa: Biuromax Artykuny Biurowe
NIP: 9876543210
Pozycja Netto [PLN] VAT Brutto [PLN]
Kawa ziarnista Arabica 1kg 1079.60 23% 1327.91
Razem Netto: 1079.60 PLN
Razem VAT: 248.31 PLN
DO ZAPLATY: 1327.91 PLN",OFFICE_SUPPLIES
faktura_589.pdf,2639702137,"FAKTURA VAT: FV/1980/9165
Data wystawienia: 2026-01-13
SPRZEDAWCA:
Nazwa: Stowarzyszenie Noculak
NIP: 2639702137
Pozycja Netto [PLN] VAT Brutto [PLN]
Papier ksero A4 5 ryz 2116.69 23% 2603.53
Toner do drukarki HP 2381.53 23% 2929.28
Segregator biurowy 187.29 23% 230.37
Razem Netto: 4685.51 PLN
Razem VAT: 1077.67 PLN
DO ZAPLATY: 5763.18 PLN",OFFICE_SUPPLIES
faktura_590.pdf,9876543210,"FAKTURA VAT: FV/2008/7429
Data wystawienia: 2026-01-13
SPRZEDAWCA:
Nazwa: Biuromax Artykuny Biurowe
NIP: 9876543210
Pozycja Netto [PLN] VAT Brutto [PLN]
Toner do drukarki HP 2244.46 23% 2760.69
Razem Netto: 2244.46 PLN
Razem VAT: 516.23 PLN
DO ZAPLATY: 2760.69 PLN",OFFICE_SUPPLIES
faktura_591.pdf,5261040828,"FAKTURA VAT: FV/2011/5097
Data wystawienia: 2026-03-01
SPRZEDAWCA:
Nazwa: Orlen Paliwa Sp. z o.o.
NIP: 5261040828
Pozycja Netto [PLN] VAT Brutto [PLN]
Benzyna Pb95 992.75 23% 1221.08
Razem Netto: 992.75 PLN
Razem VAT: 228.33 PLN
DO ZAPLATY: 1221.08 PLN",TRAVEL_FLEET
faktura_592.pdf,5261040828,"FAKTURA VAT: FV/2016/8257
Data wystawienia: 2026-06-24
SPRZEDAWCA:
Nazwa: Orlen Paliwa Sp. z o.o.
NIP: 5261040828
Pozycja Netto [PLN] VAT Brutto [PLN]
Hotel Warszawa doba 1851.54 23% 2277.39
Razem Netto: 1851.54 PLN
Razem VAT: 425.85 PLN
DO ZAPLATY: 2277.39 PLN",TRAVEL_FLEET
faktura_593.pdf,5213456789,"FAKTURA VAT: FV/1995/2539
Data wystawienia: 2026-05-25
SPRZEDAWCA:
Nazwa: Dell Polska Sp. z o.o.
NIP: 5213456789
Pozycja Netto [PLN] VAT Brutto [PLN]
Kabel USB-C 2404.97 23% 2958.11
Laptop Lenovo ThinkPad 2343.73 23% 2882.79
Razem Netto: 4748.70 PLN
Razem VAT: 1092.20 PLN
DO ZAPLATY: 5840.90 PLN",IT_HARDWARE
faktura_594.pdf,5261040828,"FAKTURA VAT: FV/2000/3598
Data wystawienia: 2026-01-30
SPRZEDAWCA:
Nazwa: Orlen Paliwa Sp. z o.o.
NIP: 5261040828
Pozycja Netto [PLN] VAT Brutto [PLN]
Olej napndowy Verva 1614.37 23% 1985.68
Benzyna Pb95 536.87 23% 660.35
Opnata autostradowa A2 2224.42 23% 2736.04
Razem Netto: 4375.66 PLN
Razem VAT: 1006.41 PLN
DO ZAPLATY: 5382.07 PLN",TRAVEL_FLEET
faktura_595.pdf,7345654312,"FAKTURA VAT: FV/2009/4568
Data wystawienia: 2026-02-23
SPRZEDAWCA:
Nazwa: Mintka S.A.
NIP: 7345654312
Pozycja Netto [PLN] VAT Brutto [PLN]
Kabel USB-C 460.03 23% 565.84
Klawiatura mechaniczna 726.45 23% 893.53
Monitor Dell 27 cali 343.14 23% 422.06
Razem Netto: 1529.62 PLN
Razem VAT: 351.81 PLN
DO ZAPLATY: 1881.43 PLN",IT_HARDWARE
faktura_596.pdf,5261040828,"FAKTURA VAT: FV/2003/4982
Data wystawienia: 2026-07-21
SPRZEDAWCA:
Nazwa: Orlen Paliwa Sp. z o.o.
NIP: 5261040828
Pozycja Netto [PLN] VAT Brutto [PLN]
Hotel Warszawa doba 959.93 23% 1180.71
Opnata autostradowa A2 269.23 23% 331.15
Olej napndowy Verva 436.36 23% 536.72
Razem Netto: 1665.52 PLN
Razem VAT: 383.06 PLN
DO ZAPLATY: 2048.58 PLN",TRAVEL_FLEET
faktura_597.pdf,1234567890,"FAKTURA VAT: FV/1996/2497
Data wystawienia: 2026-08-07
SPRZEDAWCA:
Nazwa: Amazon Web Services EMEA
NIP: 1234567890
Pozycja Netto [PLN] VAT Brutto [PLN]
Hosting serwera VPS 1629.21 23% 2003.93
Domena internetowa 1768.25 23% 2174.95
Subskrypcja Azure Cloud 1989.09 23% 2446.58
Razem Netto: 5386.55 PLN
Razem VAT: 1238.91 PLN
DO ZAPLATY: 6625.46 PLN",IT_SERVICES
faktura_598.pdf,1234567890,"FAKTURA VAT: FV/1978/3061
Data wystawienia: 2026-04-12
SPRZEDAWCA:
Nazwa: Amazon Web Services EMEA
NIP: 1234567890
Pozycja Netto [PLN] VAT Brutto [PLN]
Licencja JetBrains 102.31 23% 125.84
Subskrypcja Azure Cloud 975.53 23% 1199.90
Hosting serwera VPS 1824.78 23% 2244.48
Razem Netto: 2902.62 PLN
Razem VAT: 667.60 PLN
DO ZAPLATY: 3570.22 PLN",IT_SERVICES
faktura_599.pdf,9527394734,"FAKTURA VAT: FV/2022/5107
Data wystawienia: 2026-04-12
SPRZEDAWCA:
Nazwa: Rduch i syn s.c.
NIP: 9527394734
Pozycja Netto [PLN] VAT Brutto [PLN]
Segregator biurowy 1379.70 23% 1697.03
Kawa ziarnista Arabica 1kg 1250.73 23% 1538.40
Toner do drukarki HP 1438.42 23% 1769.26
Razem Netto: 4068.85 PLN
Razem VAT: 935.84 PLN
DO ZAPLATY: 5004.69 PLN",OFFICE_SUPPLIES
faktura_600.pdf,9876543210,"FAKTURA VAT: FV/1975/9906
Data wystawienia: 2026-06-25
SPRZEDAWCA:
Nazwa: Biuromax Artykuny Biurowe
NIP: 9876543210
Pozycja Netto [PLN] VAT Brutto [PLN]
Toner do drukarki HP 1351.29 23% 1662.09
Papier ksero A4 5 ryz 1150.99 23% 1415.72
Razem Netto: 2502.28 PLN
Razem VAT: 575.53 PLN
DO ZAPLATY: 3077.81 PLN",OFFICE_SUPPLIES
faktura_601.pdf,9876543210,"FAKTURA VAT: FV/1981/5314
Data wystawienia: 2026-06-22
SPRZEDAWCA:
Nazwa: Biuromax Artykuny Biurowe
NIP: 9876543210
Pozycja Netto [PLN] VAT Brutto [PLN]
Segregator biurowy 1847.46 23% 2272.38
Razem Netto: 1847.46 PLN
Razem VAT: 424.92 PLN
DO ZAPLATY: 2272.38 PLN",OFFICE_SUPPLIES
faktura_602.pdf,1234567890,"FAKTURA VAT: FV/1975/1306
Data wystawienia: 2026-09-22
SPRZEDAWCA:
Nazwa: Amazon Web Services EMEA
NIP: 1234567890
Pozycja Netto [PLN] VAT Brutto [PLN]
Subskrypcja Azure Cloud 1662.81 23% 2045.26
Domena internetowa 1370.44 23% 1685.64
Hosting serwera VPS 999.35 23% 1229.20
Razem Netto: 4032.60 PLN
Razem VAT: 927.50 PLN
DO ZAPLATY: 4960.10 PLN",IT_SERVICES
faktura_603.pdf,5213456789,"FAKTURA VAT: FV/1991/9586
Data wystawienia: 2026-09-17
SPRZEDAWCA:
Nazwa: Dell Polska Sp. z o.o.
NIP: 5213456789
Pozycja Netto [PLN] VAT Brutto [PLN]
Laptop Lenovo ThinkPad 1620.21 23% 1992.86
Klawiatura mechaniczna 320.64 23% 394.39
Kabel USB-C 1331.84 23% 1638.16
Razem Netto: 3272.69 PLN
Razem VAT: 752.72 PLN
DO ZAPLATY: 4025.41 PLN",IT_HARDWARE
faktura_604.pdf,5213456789,"FAKTURA VAT: FV/1993/2092
Data wystawienia: 2026-01-26
SPRZEDAWCA:
Nazwa: Dell Polska Sp. z o.o.
NIP: 5213456789
Pozycja Netto [PLN] VAT Brutto [PLN]
Monitor Dell 27 cali 545.09 23% 670.46
Razem Netto: 545.09 PLN
Razem VAT: 125.37 PLN
DO ZAPLATY: 670.46 PLN",IT_HARDWARE
faktura_605.pdf,5261040828,"FAKTURA VAT: FV/2007/8952
Data wystawienia: 2026-07-30
SPRZEDAWCA:
Nazwa: Orlen Paliwa Sp. z o.o.
NIP: 5261040828
Pozycja Netto [PLN] VAT Brutto [PLN]
Hotel Warszawa doba 1338.26 23% 1646.06
Opnata autostradowa A2 1768.22 23% 2174.91
Benzyna Pb95 677.05 23% 832.77
Razem Netto: 3783.53 PLN
Razem VAT: 870.21 PLN
DO ZAPLATY: 4653.74 PLN",TRAVEL_FLEET
faktura_606.pdf,5261040828,"FAKTURA VAT: FV/1989/7002
Data wystawienia: 2026-04-27
SPRZEDAWCA:
Nazwa: Orlen Paliwa Sp. z o.o.
NIP: 5261040828
Pozycja Netto [PLN] VAT Brutto [PLN]
Benzyna Pb95 1656.59 23% 2037.61
Razem Netto: 1656.59 PLN
Razem VAT: 381.02 PLN
DO ZAPLATY: 2037.61 PLN",TRAVEL_FLEET
faktura_607.pdf,5261040828,"FAKTURA VAT: FV/1980/2310
Data wystawienia: 2026-09-05
SPRZEDAWCA:
Nazwa: Orlen Paliwa Sp. z o.o.
NIP: 5261040828
Pozycja Netto [PLN] VAT Brutto [PLN]
Hotel Warszawa doba 1995.91 23% 2454.97
Benzyna Pb95 192.84 23% 237.19
Razem Netto: 2188.75 PLN
Razem VAT: 503.41 PLN
DO ZAPLATY: 2692.16 PLN",TRAVEL_FLEET
faktura_608.pdf,5261040828,"FAKTURA VAT: FV/1981/5355
Data wystawienia: 2026-05-21
SPRZEDAWCA:
Nazwa: Orlen Paliwa Sp. z o.o.
NIP: 5261040828
Pozycja Netto [PLN] VAT Brutto [PLN]
Olej napndowy Verva 2403.44 23% 2956.23
Hotel Warszawa doba 287.94 23% 354.17
Razem Netto: 2691.38 PLN
Razem VAT: 619.02 PLN
DO ZAPLATY: 3310.40 PLN",TRAVEL_FLEET
faktura_609.pdf,5213456789,"FAKTURA VAT: FV/2004/4784
Data wystawienia: 2026-03-29
SPRZEDAWCA:
Nazwa: Dell Polska Sp. z o.o.
NIP: 5213456789
Pozycja Netto [PLN] VAT Brutto [PLN]
Klawiatura mechaniczna 1446.57 23% 1779.28
Razem Netto: 1446.57 PLN
Razem VAT: 332.71 PLN
DO ZAPLATY: 1779.28 PLN",IT_HARDWARE
faktura_610.pdf,9876543210,"FAKTURA VAT: FV/1978/3931
Data wystawienia: 2026-03-20
SPRZEDAWCA:
Nazwa: Biuromax Artykuny Biurowe
NIP: 9876543210
Pozycja Netto [PLN] VAT Brutto [PLN]
Papier ksero A4 5 ryz 1702.51 23% 2094.09
Kawa ziarnista Arabica 1kg 1771.25 23% 2178.64
Toner do drukarki HP 1096.33 23% 1348.49
Razem Netto: 4570.09 PLN
Razem VAT: 1051.13 PLN
DO ZAPLATY: 5621.22 PLN",OFFICE_SUPPLIES
faktura_611.pdf,5213456789,"FAKTURA VAT: FV/2023/2705
Data wystawienia: 2026-02-23
SPRZEDAWCA:
Nazwa: Dell Polska Sp. z o.o.
NIP: 5213456789
Pozycja Netto [PLN] VAT Brutto [PLN]
Kabel USB-C 1660.95 23% 2042.97
Laptop Lenovo ThinkPad 1358.06 23% 1670.41
Klawiatura mechaniczna 1519.79 23% 1869.34
Razem Netto: 4538.80 PLN
Razem VAT: 1043.92 PLN
DO ZAPLATY: 5582.72 PLN",IT_HARDWARE
faktura_612.pdf,1295895788,"FAKTURA VAT: FV/1986/6772
Data wystawienia: 2026-07-11
SPRZEDAWCA:
Nazwa: Chaberek-Wojczuk Sp. z o.o.
NIP: 1295895788
Pozycja Netto [PLN] VAT Brutto [PLN]
Domena internetowa 1104.94 23% 1359.08
Licencja JetBrains 1828.38 23% 2248.91
Razem Netto: 2933.32 PLN
Razem VAT: 674.67 PLN
DO ZAPLATY: 3607.99 PLN",IT_SERVICES
faktura_613.pdf,5213456789,"FAKTURA VAT: FV/1974/4943
Data wystawienia: 2026-05-01
SPRZEDAWCA:
Nazwa: Dell Polska Sp. z o.o.
NIP: 5213456789
Pozycja Netto [PLN] VAT Brutto [PLN]
Laptop Lenovo ThinkPad 2406.05 23% 2959.44
Klawiatura mechaniczna 1146.37 23% 1410.04
Razem Netto: 3552.42 PLN
Razem VAT: 817.06 PLN
DO ZAPLATY: 4369.48 PLN",IT_HARDWARE
faktura_614.pdf,5261040828,"FAKTURA VAT: FV/1997/7505
Data wystawienia: 2026-07-05
SPRZEDAWCA:
Nazwa: Orlen Paliwa Sp. z o.o.
NIP: 5261040828
Pozycja Netto [PLN] VAT Brutto [PLN]
Olej napndowy Verva 380.96 23% 468.58
Opnata autostradowa A2 2231.30 23% 2744.50
Razem Netto: 2612.26 PLN
Razem VAT: 600.82 PLN
DO ZAPLATY: 3213.08 PLN",TRAVEL_FLEET
faktura_615.pdf,5213456789,"FAKTURA VAT: FV/2005/1107
Data wystawienia: 2026-06-09
SPRZEDAWCA:
Nazwa: Dell Polska Sp. z o.o.
NIP: 5213456789
Pozycja Netto [PLN] VAT Brutto [PLN]
Laptop Lenovo ThinkPad 103.17 23% 126.90
Razem Netto: 103.17 PLN
Razem VAT: 23.73 PLN
DO ZAPLATY: 126.90 PLN",IT_HARDWARE
faktura_616.pdf,7851251786,"FAKTURA VAT: FV/2022/5521
Data wystawienia: 2026-06-09
SPRZEDAWCA:
Nazwa: Stowarzyszenie Kuran-Murat i syn s.c.
NIP: 7851251786
Pozycja Netto [PLN] VAT Brutto [PLN]
Monitor Dell 27 cali 1177.91 23% 1448.83
Razem Netto: 1177.91 PLN
Razem VAT: 270.92 PLN
DO ZAPLATY: 1448.83 PLN",IT_HARDWARE
faktura_617.pdf,1234567890,"FAKTURA VAT: FV/2023/3557
Data wystawienia: 2026-08-03
SPRZEDAWCA:
Nazwa: Amazon Web Services EMEA
NIP: 1234567890
Pozycja Netto [PLN] VAT Brutto [PLN]
Subskrypcja Azure Cloud 2037.13 23% 2505.67
Hosting serwera VPS 275.17 23% 338.46
Domena internetowa 1029.51 23% 1266.30
Razem Netto: 3341.81 PLN
Razem VAT: 768.62 PLN
DO ZAPLATY: 4110.43 PLN",IT_SERVICES
faktura_618.pdf,1234567890,"FAKTURA VAT: FV/2013/4562
Data wystawienia: 2026-08-17
SPRZEDAWCA:
Nazwa: Amazon Web Services EMEA
NIP: 1234567890
Pozycja Netto [PLN] VAT Brutto [PLN]
Subskrypcja Azure Cloud 2072.98 23% 2549.77
Domena internetowa 1739.51 23% 2139.60
Razem Netto: 3812.49 PLN
Razem VAT: 876.88 PLN
DO ZAPLATY: 4689.37 PLN",IT_SERVICES
faktura_619.pdf,1234567890,"FAKTURA VAT: FV/1982/2562
Data wystawienia: 2026-02-20
SPRZEDAWCA:
Nazwa: Amazon Web Services EMEA
NIP: 1234567890
Pozycja Netto [PLN] VAT Brutto [PLN]
Domena internetowa 242.27 23% 297.99
Razem Netto: 242.27 PLN
Razem VAT: 55.72 PLN
DO ZAPLATY: 297.99 PLN",IT_SERVICES
faktura_620.pdf,1631824225,"FAKTURA VAT: FV/1999/1916
Data wystawienia: 2026-07-15
SPRZEDAWCA:
Nazwa: FPUH Koss
NIP: 1631824225
Pozycja Netto [PLN] VAT Brutto [PLN]
Domena internetowa 2329.10 23% 2864.79
Subskrypcja Azure Cloud 345.32 23% 424.74
Razem Netto: 2674.42 PLN
Razem VAT: 615.11 PLN
DO ZAPLATY: 3289.53 PLN",IT_SERVICES
faktura_621.pdf,5261040828,"FAKTURA VAT: FV/1993/4714
Data wystawienia: 2026-07-21
SPRZEDAWCA:
Nazwa: Orlen Paliwa Sp. z o.o.
NIP: 5261040828
Pozycja Netto [PLN] VAT Brutto [PLN]
Hotel Warszawa doba 1334.74 23% 1641.73
Olej napndowy Verva 832.33 23% 1023.77
Benzyna Pb95 1434.04 23% 1763.87
Razem Netto: 3601.11 PLN
Razem VAT: 828.26 PLN
DO ZAPLATY: 4429.37 PLN",TRAVEL_FLEET
faktura_622.pdf,5213456789,"FAKTURA VAT: FV/1989/6354
Data wystawienia: 2026-01-31
SPRZEDAWCA:
Nazwa: Dell Polska Sp. z o.o.
NIP: 5213456789
Pozycja Netto [PLN] VAT Brutto [PLN]
Monitor Dell 27 cali 1700.41 23% 2091.50
Razem Netto: 1700.41 PLN
Razem VAT: 391.09 PLN
DO ZAPLATY: 2091.50 PLN",IT_HARDWARE
faktura_623.pdf,8648424988,"FAKTURA VAT: FV/1987/7436
Data wystawienia: 2026-03-18
SPRZEDAWCA:
Nazwa: Huszcza Sp.k.
NIP: 8648424988
Pozycja Netto [PLN] VAT Brutto [PLN]
Hotel Warszawa doba 759.97 23% 934.76
Razem Netto: 759.97 PLN
Razem VAT: 174.79 PLN
DO ZAPLATY: 934.76 PLN",TRAVEL_FLEET
faktura_624.pdf,1234567890,"FAKTURA VAT: FV/1981/7460
Data wystawienia: 2026-08-18
SPRZEDAWCA:
Nazwa: Amazon Web Services EMEA
NIP: 1234567890
Pozycja Netto [PLN] VAT Brutto [PLN]
Domena internetowa 1450.03 23% 1783.54
Razem Netto: 1450.03 PLN
Razem VAT: 333.51 PLN
DO ZAPLATY: 1783.54 PLN",IT_SERVICES
faktura_625.pdf,1234567890,"FAKTURA VAT: FV/2009/1807
Data wystawienia: 2026-03-01
SPRZEDAWCA:
Nazwa: Amazon Web Services EMEA
NIP: 1234567890
Pozycja Netto [PLN] VAT Brutto [PLN]
Domena internetowa 1279.47 23% 1573.75
Razem Netto: 1279.47 PLN
Razem VAT: 294.28 PLN
DO ZAPLATY: 1573.75 PLN",IT_SERVICES
faktura_626.pdf,9876543210,"FAKTURA VAT: FV/1981/3136
Data wystawienia: 2026-09-13
SPRZEDAWCA:
Nazwa: Biuromax Artykuny Biurowe
NIP: 9876543210
Pozycja Netto [PLN] VAT Brutto [PLN]
Toner do drukarki HP 1648.01 23% 2027.05
Segregator biurowy 530.44 23% 652.44
Kawa ziarnista Arabica 1kg 1559.19 23% 1917.80
Razem Netto: 3737.64 PLN
Razem VAT: 859.65 PLN
DO ZAPLATY: 4597.29 PLN",OFFICE_SUPPLIES
faktura_627.pdf,5261040828,"FAKTURA VAT: FV/2012/9589
Data wystawienia: 2026-08-24
SPRZEDAWCA:
Nazwa: Orlen Paliwa Sp. z o.o.
NIP: 5261040828
Pozycja Netto [PLN] VAT Brutto [PLN]
Hotel Warszawa doba 1727.61 23% 2124.96
Benzyna Pb95 1461.24 23% 1797.33
Razem Netto: 3188.85 PLN
Razem VAT: 733.44 PLN
DO ZAPLATY: 3922.29 PLN",TRAVEL_FLEET
faktura_628.pdf,9876543210,"FAKTURA VAT: FV/1992/2843
Data wystawienia: 2026-08-07
SPRZEDAWCA:
Nazwa: Biuromax Artykuny Biurowe
NIP: 9876543210
Pozycja Netto [PLN] VAT Brutto [PLN]
Kawa ziarnista Arabica 1kg 835.81 23% 1028.05
Papier ksero A4 5 ryz 1505.00 23% 1851.15
Razem Netto: 2340.81 PLN
Razem VAT: 538.39 PLN
DO ZAPLATY: 2879.20 PLN",OFFICE_SUPPLIES
faktura_629.pdf,5213456789,"FAKTURA VAT: FV/1972/1396
Data wystawienia: 2026-01-12
SPRZEDAWCA:
Nazwa: Dell Polska Sp. z o.o.
NIP: 5213456789
Pozycja Netto [PLN] VAT Brutto [PLN]
Kabel USB-C 407.26 23% 500.93
Laptop Lenovo ThinkPad 159.95 23% 196.74
Razem Netto: 567.21 PLN
Razem VAT: 130.46 PLN
DO ZAPLATY: 697.67 PLN",IT_HARDWARE
faktura_630.pdf,1234567890,"FAKTURA VAT: FV/1975/4825
Data wystawienia: 2026-01-18
SPRZEDAWCA:
Nazwa: Amazon Web Services EMEA
NIP: 1234567890
Pozycja Netto [PLN] VAT Brutto [PLN]
Hosting serwera VPS 325.31 23% 400.13
Razem Netto: 325.31 PLN
Razem VAT: 74.82 PLN
DO ZAPLATY: 400.13 PLN",IT_SERVICES
faktura_631.pdf,5213456789,"FAKTURA VAT: FV/2013/1893
Data wystawienia: 2026-08-12
SPRZEDAWCA:
Nazwa: Dell Polska Sp. z o.o.
NIP: 5213456789
Pozycja Netto [PLN] VAT Brutto [PLN]
Monitor Dell 27 cali 1749.80 23% 2152.25
Klawiatura mechaniczna 322.63 23% 396.83
Razem Netto: 2072.43 PLN
Razem VAT: 476.65 PLN
DO ZAPLATY: 2549.08 PLN",IT_HARDWARE
faktura_632.pdf,1234567890,"FAKTURA VAT: FV/1988/8373
Data wystawienia: 2026-09-10
SPRZEDAWCA:
Nazwa: Amazon Web Services EMEA
NIP: 1234567890
Pozycja Netto [PLN] VAT Brutto [PLN]
Subskrypcja Azure Cloud 549.31 23% 675.65
Razem Netto: 549.31 PLN
Razem VAT: 126.34 PLN
DO ZAPLATY: 675.65 PLN",IT_SERVICES
faktura_633.pdf,9876543210,"FAKTURA VAT: FV/1984/9573
Data wystawienia: 2026-08-11
SPRZEDAWCA:
Nazwa: Biuromax Artykuny Biurowe
NIP: 9876543210
Pozycja Netto [PLN] VAT Brutto [PLN]
Toner do drukarki HP 972.69 23% 1196.41
Kawa ziarnista Arabica 1kg 2269.80 23% 2791.85
Papier ksero A4 5 ryz 1340.66 23% 1649.01
Razem Netto: 4583.15 PLN
Razem VAT: 1054.12 PLN
DO ZAPLATY: 5637.27 PLN",OFFICE_SUPPLIES
faktura_634.pdf,1234567890,"FAKTURA VAT: FV/1998/5185
Data wystawienia: 2026-08-29
SPRZEDAWCA:
Nazwa: Amazon Web Services EMEA
NIP: 1234567890
Pozycja Netto [PLN] VAT Brutto [PLN]
Licencja JetBrains 180.06 23% 221.47
Razem Netto: 180.06 PLN
Razem VAT: 41.41 PLN
DO ZAPLATY: 221.47 PLN",IT_SERVICES
faktura_635.pdf,1234567890,"FAKTURA VAT: FV/2013/1136
Data wystawienia: 2026-01-12
SPRZEDAWCA:
Nazwa: Amazon Web Services EMEA
NIP: 1234567890
Pozycja Netto [PLN] VAT Brutto [PLN]
Licencja JetBrains 766.61 23% 942.93
Hosting serwera VPS 2214.34 23% 2723.64
Domena internetowa 996.98 23% 1226.29
Razem Netto: 3977.93 PLN
Razem VAT: 914.93 PLN
DO ZAPLATY: 4892.86 PLN",IT_SERVICES
faktura_636.pdf,5261040828,"FAKTURA VAT: FV/2003/7237
Data wystawienia: 2026-09-01
SPRZEDAWCA:
Nazwa: Orlen Paliwa Sp. z o.o.
NIP: 5261040828
Pozycja Netto [PLN] VAT Brutto [PLN]
Hotel Warszawa doba 1352.32 23% 1663.35
Opnata autostradowa A2 506.72 23% 623.27
Razem Netto: 1859.04 PLN
Razem VAT: 427.58 PLN
DO ZAPLATY: 2286.62 PLN",TRAVEL_FLEET
faktura_637.pdf,8725736471,"FAKTURA VAT: FV/2007/9202
Data wystawienia: 2026-04-23
SPRZEDAWCA:
Nazwa: Tylka Sp.j.
NIP: 8725736471
Pozycja Netto [PLN] VAT Brutto [PLN]
Benzyna Pb95 2309.56 23% 2840.76
Razem Netto: 2309.56 PLN
Razem VAT: 531.20 PLN
DO ZAPLATY: 2840.76 PLN",TRAVEL_FLEET
faktura_638.pdf,9876543210,"FAKTURA VAT: FV/1998/5995
Data wystawienia: 2026-07-08
SPRZEDAWCA:
Nazwa: Biuromax Artykuny Biurowe
NIP: 9876543210
Pozycja Netto [PLN] VAT Brutto [PLN]
Toner do drukarki HP 1726.56 23% 2123.67
Papier ksero A4 5 ryz 920.68 23% 1132.44
Segregator biurowy 790.70 23% 972.56
Razem Netto: 3437.94 PLN
Razem VAT: 790.73 PLN
DO ZAPLATY: 4228.67 PLN",OFFICE_SUPPLIES
faktura_639.pdf,5261040828,"FAKTURA VAT: FV/2001/9212
Data wystawienia: 2026-03-21
SPRZEDAWCA:
Nazwa: Orlen Paliwa Sp. z o.o.
NIP: 5261040828
Pozycja Netto [PLN] VAT Brutto [PLN]
Opnata autostradowa A2 2363.13 23% 2906.65
Benzyna Pb95 2375.34 23% 2921.67
Olej napndowy Verva 602.68 23% 741.30
Razem Netto: 5341.15 PLN
Razem VAT: 1228.47 PLN
DO ZAPLATY: 6569.62 PLN",TRAVEL_FLEET
faktura_640.pdf,2645556255,"FAKTURA VAT: FV/1993/6599
Data wystawienia: 2026-08-24
SPRZEDAWCA:
Nazwa: PPUH Baszak-Lorens S.A.
NIP: 2645556255
Pozycja Netto [PLN] VAT Brutto [PLN]
Kabel USB-C 1325.76 23% 1630.68
Razem Netto: 1325.76 PLN
Razem VAT: 304.92 PLN
DO ZAPLATY: 1630.68 PLN",IT_HARDWARE
faktura_641.pdf,5213456789,"FAKTURA VAT: FV/2001/4726
Data wystawienia: 2026-02-17
SPRZEDAWCA:
Nazwa: Dell Polska Sp. z o.o.
NIP: 5213456789
Pozycja Netto [PLN] VAT Brutto [PLN]
Laptop Lenovo ThinkPad 856.75 23% 1053.80
Kabel USB-C 1378.47 23% 1695.52
Razem Netto: 2235.22 PLN
Razem VAT: 514.10 PLN
DO ZAPLATY: 2749.32 PLN",IT_HARDWARE
faktura_642.pdf,5213456789,"FAKTURA VAT: FV/1988/4387
Data wystawienia: 2026-06-24
SPRZEDAWCA:
Nazwa: Dell Polska Sp. z o.o.
NIP: 5213456789
Pozycja Netto [PLN] VAT Brutto [PLN]
Laptop Lenovo ThinkPad 1736.90 23% 2136.39
Razem Netto: 1736.90 PLN
Razem VAT: 399.49 PLN
DO ZAPLATY: 2136.39 PLN",IT_HARDWARE
faktura_643.pdf,2110469638,"FAKTURA VAT: FV/1986/9582
Data wystawienia: 2026-02-24
SPRZEDAWCA:
Nazwa: Dnbron-Dziadura s.c.
NIP: 2110469638
Pozycja Netto [PLN] VAT Brutto [PLN]
Toner do drukarki HP 827.87 23% 1018.28
Razem Netto: 827.87 PLN
Razem VAT: 190.41 PLN
DO ZAPLATY: 1018.28 PLN",OFFICE_SUPPLIES
faktura_644.pdf,3252787745,"FAKTURA VAT: FV/2019/9732
Data wystawienia: 2026-05-02
SPRZEDAWCA:
Nazwa: Grupa Kasperczak Sp.j.
NIP: 3252787745
Pozycja Netto [PLN] VAT Brutto [PLN]
Opnata autostradowa A2 2106.83 23% 2591.40
Razem Netto: 2106.83 PLN
Razem VAT: 484.57 PLN
DO ZAPLATY: 2591.40 PLN",TRAVEL_FLEET
faktura_645.pdf,1234567890,"FAKTURA VAT: FV/2004/3384
Data wystawienia: 2026-06-27
SPRZEDAWCA:
Nazwa: Amazon Web Services EMEA
NIP: 1234567890
Pozycja Netto [PLN] VAT Brutto [PLN]
Domena internetowa 1135.36 23% 1396.49
Subskrypcja Azure Cloud 2337.73 23% 2875.41
Razem Netto: 3473.09 PLN
Razem VAT: 798.81 PLN
DO ZAPLATY: 4271.90 PLN",IT_SERVICES
faktura_646.pdf,5213456789,"FAKTURA VAT: FV/1986/5485
Data wystawienia: 2026-03-25
SPRZEDAWCA:
Nazwa: Dell Polska Sp. z o.o.
NIP: 5213456789
Pozycja Netto [PLN] VAT Brutto [PLN]
Klawiatura mechaniczna 502.63 23% 618.23
Razem Netto: 502.63 PLN
Razem VAT: 115.60 PLN
DO ZAPLATY: 618.23 PLN",IT_HARDWARE
faktura_647.pdf,5213456789,"FAKTURA VAT: FV/2009/5372
Data wystawienia: 2026-05-18
SPRZEDAWCA:
Nazwa: Dell Polska Sp. z o.o.
NIP: 5213456789
Pozycja Netto [PLN] VAT Brutto [PLN]
Klawiatura mechaniczna 930.19 23% 1144.13
Monitor Dell 27 cali 1735.95 23% 2135.22
Laptop Lenovo ThinkPad 1217.68 23% 1497.75
Razem Netto: 3883.82 PLN
Razem VAT: 893.28 PLN
DO ZAPLATY: 4777.10 PLN",IT_HARDWARE
faktura_648.pdf,9876543210,"FAKTURA VAT: FV/1973/9230
Data wystawienia: 2026-01-20
SPRZEDAWCA:
Nazwa: Biuromax Artykuny Biurowe
NIP: 9876543210
Pozycja Netto [PLN] VAT Brutto [PLN]
Kawa ziarnista Arabica 1kg 1254.04 23% 1542.47
Papier ksero A4 5 ryz 386.91 23% 475.90
Toner do drukarki HP 523.49 23% 643.89
Razem Netto: 2164.44 PLN
Razem VAT: 497.82 PLN
DO ZAPLATY: 2662.26 PLN",OFFICE_SUPPLIES
faktura_649.pdf,5261040828,"FAKTURA VAT: FV/1989/1528
Data wystawienia: 2026-07-12
SPRZEDAWCA:
Nazwa: Orlen Paliwa Sp. z o.o.
NIP: 5261040828
Pozycja Netto [PLN] VAT Brutto [PLN]
Hotel Warszawa doba 1868.80 23% 2298.62
Olej napndowy Verva 2471.20 23% 3039.58
Razem Netto: 4340.00 PLN
Razem VAT: 998.20 PLN
DO ZAPLATY: 5338.20 PLN",TRAVEL_FLEET
faktura_650.pdf,9876543210,"FAKTURA VAT: FV/2010/4351
Data wystawienia: 2026-09-12
SPRZEDAWCA:
Nazwa: Biuromax Artykuny Biurowe
NIP: 9876543210
Pozycja Netto [PLN] VAT Brutto [PLN]
Segregator biurowy 2173.60 23% 2673.53
Kawa ziarnista Arabica 1kg 2224.59 23% 2736.25
Toner do drukarki HP 1097.51 23% 1349.94
Razem Netto: 5495.70 PLN
Razem VAT: 1264.02 PLN
DO ZAPLATY: 6759.72 PLN",OFFICE_SUPPLIES
faktura_651.pdf,9876543210,"FAKTURA VAT: FV/2015/1685
Data wystawienia: 2026-07-02
SPRZEDAWCA:
Nazwa: Biuromax Artykuny Biurowe
NIP: 9876543210
Pozycja Netto [PLN] VAT Brutto [PLN]
Kawa ziarnista Arabica 1kg 1325.59 23% 1630.48
Toner do drukarki HP 1156.44 23% 1422.42
Papier ksero A4 5 ryz 2076.17 23% 2553.69
Razem Netto: 4558.20 PLN
Razem VAT: 1048.39 PLN
DO ZAPLATY: 5606.59 PLN",OFFICE_SUPPLIES
faktura_652.pdf,1091624562,"FAKTURA VAT: FV/1989/1694
Data wystawienia: 2026-07-28
SPRZEDAWCA:
Nazwa: Grupa Trzop
NIP: 1091624562
Pozycja Netto [PLN] VAT Brutto [PLN]
Kabel USB-C 1416.37 23% 1742.14
Laptop Lenovo ThinkPad 1314.51 23% 1616.85
Monitor Dell 27 cali 1595.09 23% 1961.96
Razem Netto: 4325.97 PLN
Razem VAT: 994.98 PLN
DO ZAPLATY: 5320.95 PLN",IT_HARDWARE
faktura_653.pdf,9876543210,"FAKTURA VAT: FV/1973/1807
Data wystawienia: 2026-08-10
SPRZEDAWCA:
Nazwa: Biuromax Artykuny Biurowe
NIP: 9876543210
Pozycja Netto [PLN] VAT Brutto [PLN]
Kawa ziarnista Arabica 1kg 1180.30 23% 1451.77
Toner do drukarki HP 1085.03 23% 1334.59
Razem Netto: 2265.33 PLN
Razem VAT: 521.03 PLN
DO ZAPLATY: 2786.36 PLN",OFFICE_SUPPLIES
faktura_654.pdf,5213456789,"FAKTURA VAT: FV/2008/1893
Data wystawienia: 2026-03-17
SPRZEDAWCA:
Nazwa: Dell Polska Sp. z o.o.
NIP: 5213456789
Pozycja Netto [PLN] VAT Brutto [PLN]
Kabel USB-C 1820.48 23% 2239.19
Monitor Dell 27 cali 327.27 23% 402.54
Razem Netto: 2147.75 PLN
Razem VAT: 493.98 PLN
DO ZAPLATY: 2641.73 PLN",IT_HARDWARE
faktura_655.pdf,9876543210,"FAKTURA VAT: FV/1994/9952
Data wystawienia: 2026-08-03
SPRZEDAWCA:
Nazwa: Biuromax Artykuny Biurowe
NIP: 9876543210
Pozycja Netto [PLN] VAT Brutto [PLN]
Segregator biurowy 488.25 23% 600.55
Papier ksero A4 5 ryz 1496.27 23% 1840.41
Razem Netto: 1984.52 PLN
Razem VAT: 456.44 PLN
DO ZAPLATY: 2440.96 PLN",OFFICE_SUPPLIES
faktura_656.pdf,5628784995,"FAKTURA VAT: FV/1989/4308
Data wystawienia: 2026-01-29
SPRZEDAWCA:
Nazwa: Bnndek Sp. z o.o.
NIP: 5628784995
Pozycja Netto [PLN] VAT Brutto [PLN]
Opnata autostradowa A2 1639.01 23% 2015.98
Hotel Warszawa doba 1793.10 23% 2205.51
Razem Netto: 3432.11 PLN
Razem VAT: 789.38 PLN
DO ZAPLATY: 4221.49 PLN",TRAVEL_FLEET
faktura_657.pdf,5261040828,"FAKTURA VAT: FV/1996/3686
Data wystawienia: 2026-05-25
SPRZEDAWCA:
Nazwa: Orlen Paliwa Sp. z o.o.
NIP: 5261040828
Pozycja Netto [PLN] VAT Brutto [PLN]
Olej napndowy Verva 1780.26 23% 2189.72
Razem Netto: 1780.26 PLN
Razem VAT: 409.46 PLN
DO ZAPLATY: 2189.72 PLN",TRAVEL_FLEET
faktura_658.pdf,9876543210,"FAKTURA VAT: FV/2024/6946
Data wystawienia: 2026-05-12
SPRZEDAWCA:
Nazwa: Biuromax Artykuny Biurowe
NIP: 9876543210
Pozycja Netto [PLN] VAT Brutto [PLN]
Toner do drukarki HP 157.57 23% 193.81
Segregator biurowy 468.67 23% 576.46
Kawa ziarnista Arabica 1kg 871.22 23% 1071.60
Razem Netto: 1497.46 PLN
Razem VAT: 344.41 PLN
DO ZAPLATY: 1841.87 PLN",OFFICE_SUPPLIES
faktura_659.pdf,5213456789,"FAKTURA VAT: FV/2007/3459
Data wystawienia: 2026-05-22
SPRZEDAWCA:
Nazwa: Dell Polska Sp. z o.o.
NIP: 5213456789
Pozycja Netto [PLN] VAT Brutto [PLN]
Monitor Dell 27 cali 1077.98 23% 1325.92
Razem Netto: 1077.98 PLN
Razem VAT: 247.94 PLN
DO ZAPLATY: 1325.92 PLN",IT_HARDWARE
faktura_660.pdf,9876543210,"FAKTURA VAT: FV/2021/6071
Data wystawienia: 2026-02-26
SPRZEDAWCA:
Nazwa: Biuromax Artykuny Biurowe
NIP: 9876543210
Pozycja Netto [PLN] VAT Brutto [PLN]
Toner do drukarki HP 2251.43 23% 2769.26
Papier ksero A4 5 ryz 2403.06 23% 2955.76
Razem Netto: 4654.49 PLN
Razem VAT: 1070.53 PLN
DO ZAPLATY: 5725.02 PLN",OFFICE_SUPPLIES
faktura_661.pdf,1234567890,"FAKTURA VAT: FV/1983/1057
Data wystawienia: 2026-08-22
SPRZEDAWCA:
Nazwa: Amazon Web Services EMEA
NIP: 1234567890
Pozycja Netto [PLN] VAT Brutto [PLN]
Domena internetowa 1269.19 23% 1561.10
Razem Netto: 1269.19 PLN
Razem VAT: 291.91 PLN
DO ZAPLATY: 1561.10 PLN",IT_SERVICES
faktura_662.pdf,5261040828,"FAKTURA VAT: FV/2004/9169
Data wystawienia: 2026-06-05
SPRZEDAWCA:
Nazwa: Orlen Paliwa Sp. z o.o.
NIP: 5261040828
Pozycja Netto [PLN] VAT Brutto [PLN]
Hotel Warszawa doba 1492.71 23% 1836.03
Olej napndowy Verva 1215.49 23% 1495.05
Opnata autostradowa A2 1054.87 23% 1297.49
Razem Netto: 3763.07 PLN
Razem VAT: 865.50 PLN
DO ZAPLATY: 4628.57 PLN",TRAVEL_FLEET
faktura_663.pdf,5261040828,"FAKTURA VAT: FV/2004/2300
Data wystawienia: 2026-01-16
SPRZEDAWCA:
Nazwa: Orlen Paliwa Sp. z o.o.
NIP: 5261040828
Pozycja Netto [PLN] VAT Brutto [PLN]
Opnata autostradowa A2 1568.43 23% 1929.17
Razem Netto: 1568.43 PLN
Razem VAT: 360.74 PLN
DO ZAPLATY: 1929.17 PLN",TRAVEL_FLEET
faktura_664.pdf,5213456789,"FAKTURA VAT: FV/1973/4401
Data wystawienia: 2026-01-16
SPRZEDAWCA:
Nazwa: Dell Polska Sp. z o.o.
NIP: 5213456789
Pozycja Netto [PLN] VAT Brutto [PLN]
Laptop Lenovo ThinkPad 139.97 23% 172.16
Razem Netto: 139.97 PLN
Razem VAT: 32.19 PLN
DO ZAPLATY: 172.16 PLN",IT_HARDWARE
faktura_665.pdf,1234567890,"FAKTURA VAT: FV/1979/1531
Data wystawienia: 2026-05-10
SPRZEDAWCA:
Nazwa: Amazon Web Services EMEA
NIP: 1234567890
Pozycja Netto [PLN] VAT Brutto [PLN]
Hosting serwera VPS 316.77 23% 389.63
Domena internetowa 2484.65 23% 3056.12
Razem Netto: 2801.42 PLN
Razem VAT: 644.33 PLN
DO ZAPLATY: 3445.75 PLN",IT_SERVICES
faktura_666.pdf,5213456789,"FAKTURA VAT: FV/2024/3643
Data wystawienia: 2026-07-03
SPRZEDAWCA:
Nazwa: Dell Polska Sp. z o.o.
NIP: 5213456789
Pozycja Netto [PLN] VAT Brutto [PLN]
Laptop Lenovo ThinkPad 278.16 23% 342.14
Monitor Dell 27 cali 783.27 23% 963.42
Razem Netto: 1061.43 PLN
Razem VAT: 244.13 PLN
DO ZAPLATY: 1305.56 PLN",IT_HARDWARE
faktura_667.pdf,2699825955,"FAKTURA VAT: FV/2005/7038
Data wystawienia: 2026-06-27
SPRZEDAWCA:
Nazwa: Gros-Janka Sp.k.
NIP: 2699825955
Pozycja Netto [PLN] VAT Brutto [PLN]
Olej napndowy Verva 1203.50 23% 1480.31
Benzyna Pb95 348.96 23% 429.22
Razem Netto: 1552.46 PLN
Razem VAT: 357.07 PLN
DO ZAPLATY: 1909.53 PLN",TRAVEL_FLEET
faktura_668.pdf,9876543210,"FAKTURA VAT: FV/1990/5496
Data wystawienia: 2026-08-19
SPRZEDAWCA:
Nazwa: Biuromax Artykuny Biurowe
NIP: 9876543210
Pozycja Netto [PLN] VAT Brutto [PLN]
Toner do drukarki HP 1549.53 23% 1905.92
Kawa ziarnista Arabica 1kg 317.79 23% 390.88
Papier ksero A4 5 ryz 1837.83 23% 2260.53
Razem Netto: 3705.15 PLN
Razem VAT: 852.18 PLN
DO ZAPLATY: 4557.33 PLN",OFFICE_SUPPLIES
faktura_669.pdf,7118794702,"FAKTURA VAT: FV/1992/9666
Data wystawienia: 2026-07-17
SPRZEDAWCA:
Nazwa: Stowarzyszenie Piekacz
NIP: 7118794702
Pozycja Netto [PLN] VAT Brutto [PLN]
Kawa ziarnista Arabica 1kg 686.17 23% 843.99
Toner do drukarki HP 1459.10 23% 1794.69
Segregator biurowy 1576.95 23% 1939.65
Razem Netto: 3722.22 PLN
Razem VAT: 856.11 PLN
DO ZAPLATY: 4578.33 PLN",OFFICE_SUPPLIES
faktura_670.pdf,9876543210,"FAKTURA VAT: FV/1977/3125
Data wystawienia: 2026-06-11
SPRZEDAWCA:
Nazwa: Biuromax Artykuny Biurowe
NIP: 9876543210
Pozycja Netto [PLN] VAT Brutto [PLN]
Segregator biurowy 2214.98 23% 2724.43
Toner do drukarki HP 620.17 23% 762.81
Papier ksero A4 5 ryz 761.70 23% 936.89
Razem Netto: 3596.85 PLN
Razem VAT: 827.28 PLN
DO ZAPLATY: 4424.13 PLN",OFFICE_SUPPLIES
faktura_671.pdf,5261040828,"FAKTURA VAT: FV/2009/4171
Data wystawienia: 2026-04-30
SPRZEDAWCA:
Nazwa: Orlen Paliwa Sp. z o.o.
NIP: 5261040828
Pozycja Netto [PLN] VAT Brutto [PLN]
Olej napndowy Verva 2127.77 23% 2617.16
Opnata autostradowa A2 2008.93 23% 2470.98
Razem Netto: 4136.70 PLN
Razem VAT: 951.44 PLN
DO ZAPLATY: 5088.14 PLN",TRAVEL_FLEET
faktura_672.pdf,1234567890,"FAKTURA VAT: FV/2024/7793
Data wystawienia: 2026-09-25
SPRZEDAWCA:
Nazwa: Amazon Web Services EMEA
NIP: 1234567890
Pozycja Netto [PLN] VAT Brutto [PLN]
Subskrypcja Azure Cloud 1619.51 23% 1992.00
Hosting serwera VPS 1740.54 23% 2140.86
Razem Netto: 3360.05 PLN
Razem VAT: 772.81 PLN
DO ZAPLATY: 4132.86 PLN",IT_SERVICES
faktura_673.pdf,1234567890,"FAKTURA VAT: FV/2012/5168
Data wystawienia: 2026-01-11
SPRZEDAWCA:
Nazwa: Amazon Web Services EMEA
NIP: 1234567890
Pozycja Netto [PLN] VAT Brutto [PLN]
Licencja JetBrains 328.90 23% 404.55
Hosting serwera VPS 866.54 23% 1065.84
Razem Netto: 1195.44 PLN
Razem VAT: 274.95 PLN
DO ZAPLATY: 1470.39 PLN",IT_SERVICES
faktura_674.pdf,5261040828,"FAKTURA VAT: FV/2010/7488
Data wystawienia: 2026-07-04
SPRZEDAWCA:
Nazwa: Orlen Paliwa Sp. z o.o.
NIP: 5261040828
Pozycja Netto [PLN] VAT Brutto [PLN]
Benzyna Pb95 859.76 23% 1057.50
Razem Netto: 859.76 PLN
Razem VAT: 197.74 PLN
DO ZAPLATY: 1057.50 PLN",TRAVEL_FLEET
faktura_675.pdf,7899309729,"FAKTURA VAT: FV/1988/6536
Data wystawienia: 2026-09-12
SPRZEDAWCA:
Nazwa: FPUH Hanzel-Boryczko i syn s.c.
NIP: 7899309729
Pozycja Netto [PLN] VAT Brutto [PLN]
Papier ksero A4 5 ryz 382.60 23% 470.60
Kawa ziarnista Arabica 1kg 430.70 23% 529.76
Razem Netto: 813.30 PLN
Razem VAT: 187.06 PLN
DO ZAPLATY: 1000.36 PLN",OFFICE_SUPPLIES
faktura_676.pdf,9263091306,"FAKTURA VAT: FV/1995/8546
Data wystawienia: 2026-02-27
SPRZEDAWCA:
Nazwa: Stowarzyszenie Milej S.A.
NIP: 9263091306
Pozycja Netto [PLN] VAT Brutto [PLN]
Domena internetowa 187.25 23% 230.32
Licencja JetBrains 1326.63 23% 1631.75
Razem Netto: 1513.88 PLN
Razem VAT: 348.19 PLN
DO ZAPLATY: 1862.07 PLN",IT_SERVICES
faktura_677.pdf,5261040828,"FAKTURA VAT: FV/1998/6169
Data wystawienia: 2026-09-26
SPRZEDAWCA:
Nazwa: Orlen Paliwa Sp. z o.o.
NIP: 5261040828
Pozycja Netto [PLN] VAT Brutto [PLN]
Opnata autostradowa A2 2008.86 23% 2470.90
Razem Netto: 2008.86 PLN
Razem VAT: 462.04 PLN
DO ZAPLATY: 2470.90 PLN",TRAVEL_FLEET
faktura_678.pdf,5213456789,"FAKTURA VAT: FV/1983/6793
Data wystawienia: 2026-06-09
SPRZEDAWCA:
Nazwa: Dell Polska Sp. z o.o.
NIP: 5213456789
Pozycja Netto [PLN] VAT Brutto [PLN]
Monitor Dell 27 cali 2459.87 23% 3025.64
Klawiatura mechaniczna 1584.95 23% 1949.49
Razem Netto: 4044.82 PLN
Razem VAT: 930.31 PLN
DO ZAPLATY: 4975.13 PLN",IT_HARDWARE
faktura_679.pdf,9876543210,"FAKTURA VAT: FV/2004/3719
Data wystawienia: 2026-08-26
SPRZEDAWCA:
Nazwa: Biuromax Artykuny Biurowe
NIP: 9876543210
Pozycja Netto [PLN] VAT Brutto [PLN]
Papier ksero A4 5 ryz 2168.25 23% 2666.95
Razem Netto: 2168.25 PLN
Razem VAT: 498.70 PLN
DO ZAPLATY: 2666.95 PLN",OFFICE_SUPPLIES
faktura_680.pdf,1234567890,"FAKTURA VAT: FV/2002/6050
Data wystawienia: 2026-01-25
SPRZEDAWCA:
Nazwa: Amazon Web Services EMEA
NIP: 1234567890
Pozycja Netto [PLN] VAT Brutto [PLN]
Hosting serwera VPS 262.65 23% 323.06
Subskrypcja Azure Cloud 2198.77 23% 2704.49
Licencja JetBrains 960.38 23% 1181.27
Razem Netto: 3421.80 PLN
Razem VAT: 787.02 PLN
DO ZAPLATY: 4208.82 PLN",IT_SERVICES
faktura_681.pdf,1234567890,"FAKTURA VAT: FV/2018/5958
Data wystawienia: 2026-02-23
SPRZEDAWCA:
Nazwa: Amazon Web Services EMEA
NIP: 1234567890
Pozycja Netto [PLN] VAT Brutto [PLN]
Hosting serwera VPS 966.83 23% 1189.20
Razem Netto: 966.83 PLN
Razem VAT: 222.37 PLN
DO ZAPLATY: 1189.20 PLN",IT_SERVICES
faktura_682.pdf,5261040828,"FAKTURA VAT: FV/2005/1612
Data wystawienia: 2026-03-22
SPRZEDAWCA:
Nazwa: Orlen Paliwa Sp. z o.o.
NIP: 5261040828
Pozycja Netto [PLN] VAT Brutto [PLN]
Olej napndowy Verva 2267.14 23% 2788.58
Benzyna Pb95 427.49 23% 525.81
Razem Netto: 2694.63 PLN
Razem VAT: 619.76 PLN
DO ZAPLATY: 3314.39 PLN",TRAVEL_FLEET
faktura_683.pdf,8957865271,"FAKTURA VAT: FV/2008/6572
Data wystawienia: 2026-05-07
SPRZEDAWCA:
Nazwa: Stowarzyszenie Styrna-nwistek Sp.k.
NIP: 8957865271
Pozycja Netto [PLN] VAT Brutto [PLN]
Subskrypcja Azure Cloud 2064.24 23% 2539.02
Hosting serwera VPS 2348.16 23% 2888.24
Razem Netto: 4412.40 PLN
Razem VAT: 1014.86 PLN
DO ZAPLATY: 5427.26 PLN",IT_SERVICES
faktura_684.pdf,5261040828,"FAKTURA VAT: FV/2022/3174
Data wystawienia: 2026-09-22
SPRZEDAWCA:
Nazwa: Orlen Paliwa Sp. z o.o.
NIP: 5261040828
Pozycja Netto [PLN] VAT Brutto [PLN]
Hotel Warszawa doba 2168.78 23% 2667.60
Opnata autostradowa A2 333.80 23% 410.57
Razem Netto: 2502.58 PLN
Razem VAT: 575.59 PLN
DO ZAPLATY: 3078.17 PLN",TRAVEL_FLEET
faktura_685.pdf,4199733487,"FAKTURA VAT: FV/2013/6095
Data wystawienia: 2026-09-27
SPRZEDAWCA:
Nazwa: Spóndzielnia Brudny
NIP: 4199733487
Pozycja Netto [PLN] VAT Brutto [PLN]
Hotel Warszawa doba 302.60 23% 372.20
Olej napndowy Verva 1927.14 23% 2370.38
Razem Netto: 2229.74 PLN
Razem VAT: 512.84 PLN
DO ZAPLATY: 2742.58 PLN",TRAVEL_FLEET
faktura_686.pdf,1234567890,"FAKTURA VAT: FV/2022/6119
Data wystawienia: 2026-04-23
SPRZEDAWCA:
Nazwa: Amazon Web Services EMEA
NIP: 1234567890
Pozycja Netto [PLN] VAT Brutto [PLN]
Subskrypcja Azure Cloud 521.74 23% 641.74
Domena internetowa 727.79 23% 895.18
Hosting serwera VPS 831.92 23% 1023.26
Razem Netto: 2081.45 PLN
Razem VAT: 478.73 PLN
DO ZAPLATY: 2560.18 PLN",IT_SERVICES
faktura_687.pdf,1234567890,"FAKTURA VAT: FV/2017/8227
Data wystawienia: 2026-03-22
SPRZEDAWCA:
Nazwa: Amazon Web Services EMEA
NIP: 1234567890
Pozycja Netto [PLN] VAT Brutto [PLN]
Subskrypcja Azure Cloud 720.41 23% 886.10
Razem Netto: 720.41 PLN
Razem VAT: 165.69 PLN
DO ZAPLATY: 886.10 PLN",IT_SERVICES
faktura_688.pdf,4797584413,"FAKTURA VAT: FV/2016/1249
Data wystawienia: 2026-07-09
SPRZEDAWCA:
Nazwa: FPUH Olesiejuk-Dorobisz Sp.j.
NIP: 4797584413
Pozycja Netto [PLN] VAT Brutto [PLN]
Opnata autostradowa A2 1395.95 23% 1717.02
Razem Netto: 1395.95 PLN
Razem VAT: 321.07 PLN
DO ZAPLATY: 1717.02 PLN",TRAVEL_FLEET
faktura_689.pdf,1234567890,"FAKTURA VAT: FV/2025/5440
Data wystawienia: 2026-05-15
SPRZEDAWCA:
Nazwa: Amazon Web Services EMEA
NIP: 1234567890
Pozycja Netto [PLN] VAT Brutto [PLN]
Subskrypcja Azure Cloud 812.88 23% 999.84
Hosting serwera VPS 2236.00 23% 2750.28
Licencja JetBrains 1374.41 23% 1690.52
Razem Netto: 4423.29 PLN
Razem VAT: 1017.35 PLN
DO ZAPLATY: 5440.64 PLN",IT_SERVICES
faktura_690.pdf,9876543210,"FAKTURA VAT: FV/2022/1831
Data wystawienia: 2026-02-26
SPRZEDAWCA:
Nazwa: Biuromax Artykuny Biurowe
NIP: 9876543210
Pozycja Netto [PLN] VAT Brutto [PLN]
Papier ksero A4 5 ryz 181.81 23% 223.63
Segregator biurowy 1094.84 23% 1346.65
Toner do drukarki HP 488.51 23% 600.87
Razem Netto: 1765.16 PLN
Razem VAT: 405.99 PLN
DO ZAPLATY: 2171.15 PLN",OFFICE_SUPPLIES
faktura_691.pdf,1234567890,"FAKTURA VAT: FV/1989/8304
Data wystawienia: 2026-01-17
SPRZEDAWCA:
Nazwa: Amazon Web Services EMEA
NIP: 1234567890
Pozycja Netto [PLN] VAT Brutto [PLN]
Subskrypcja Azure Cloud 1908.09 23% 2346.95
Licencja JetBrains 2032.78 23% 2500.32
Razem Netto: 3940.87 PLN
Razem VAT: 906.40 PLN
DO ZAPLATY: 4847.27 PLN",IT_SERVICES
faktura_692.pdf,5137473381,"FAKTURA VAT: FV/1989/2286
Data wystawienia: 2026-01-31
SPRZEDAWCA:
Nazwa: PPUH Szeja
NIP: 5137473381
Pozycja Netto [PLN] VAT Brutto [PLN]
Toner do drukarki HP 288.29 23% 354.60
Papier ksero A4 5 ryz 810.46 23% 996.87
Segregator biurowy 1628.83 23% 2003.46
Razem Netto: 2727.58 PLN
Razem VAT: 627.35 PLN
DO ZAPLATY: 3354.93 PLN",OFFICE_SUPPLIES
faktura_693.pdf,5213456789,"FAKTURA VAT: FV/1988/8625
Data wystawienia: 2026-02-23
SPRZEDAWCA:
Nazwa: Dell Polska Sp. z o.o.
NIP: 5213456789
Pozycja Netto [PLN] VAT Brutto [PLN]
Laptop Lenovo ThinkPad 2286.51 23% 2812.41
Razem Netto: 2286.51 PLN
Razem VAT: 525.90 PLN
DO ZAPLATY: 2812.41 PLN",IT_HARDWARE
faktura_694.pdf,1234567890,"FAKTURA VAT: FV/1977/7423
Data wystawienia: 2026-08-28
SPRZEDAWCA:
Nazwa: Amazon Web Services EMEA
NIP: 1234567890
Pozycja Netto [PLN] VAT Brutto [PLN]
Domena internetowa 124.15 23% 152.70
Subskrypcja Azure Cloud 1214.57 23% 1493.92
Razem Netto: 1338.72 PLN
Razem VAT: 307.90 PLN
DO ZAPLATY: 1646.62 PLN",IT_SERVICES
faktura_695.pdf,5213456789,"FAKTURA VAT: FV/2020/6758
Data wystawienia: 2026-08-16
SPRZEDAWCA:
Nazwa: Dell Polska Sp. z o.o.
NIP: 5213456789
Pozycja Netto [PLN] VAT Brutto [PLN]
Laptop Lenovo ThinkPad 1457.96 23% 1793.29
Kabel USB-C 1294.48 23% 1592.21
Razem Netto: 2752.44 PLN
Razem VAT: 633.06 PLN
DO ZAPLATY: 3385.50 PLN",IT_HARDWARE
faktura_696.pdf,5261040828,"FAKTURA VAT: FV/1986/7646
Data wystawienia: 2026-04-05
SPRZEDAWCA:
Nazwa: Orlen Paliwa Sp. z o.o.
NIP: 5261040828
Pozycja Netto [PLN] VAT Brutto [PLN]
Olej napndowy Verva 1355.23 23% 1666.93
Benzyna Pb95 1032.00 23% 1269.36
Razem Netto: 2387.23 PLN
Razem VAT: 549.06 PLN
DO ZAPLATY: 2936.29 PLN",TRAVEL_FLEET
faktura_697.pdf,5213456789,"FAKTURA VAT: FV/1973/7773
Data wystawienia: 2026-09-18
SPRZEDAWCA:
Nazwa: Dell Polska Sp. z o.o.
NIP: 5213456789
Pozycja Netto [PLN] VAT Brutto [PLN]
Klawiatura mechaniczna 211.85 23% 260.58
Kabel USB-C 560.18 23% 689.02
Laptop Lenovo ThinkPad 1750.45 23% 2153.05
Razem Netto: 2522.48 PLN
Razem VAT: 580.17 PLN
DO ZAPLATY: 3102.65 PLN",IT_HARDWARE
faktura_698.pdf,9876543210,"FAKTURA VAT: FV/2006/8063
Data wystawienia: 2026-03-29
SPRZEDAWCA:
Nazwa: Biuromax Artykuny Biurowe
NIP: 9876543210
Pozycja Netto [PLN] VAT Brutto [PLN]
Kawa ziarnista Arabica 1kg 474.06 23% 583.09
Segregator biurowy 1690.53 23% 2079.35
Papier ksero A4 5 ryz 1861.45 23% 2289.58
Razem Netto: 4026.04 PLN
Razem VAT: 925.98 PLN
DO ZAPLATY: 4952.02 PLN",OFFICE_SUPPLIES
faktura_699.pdf,9876543210,"FAKTURA VAT: FV/2013/8972
Data wystawienia: 2026-04-01
SPRZEDAWCA:
Nazwa: Biuromax Artykuny Biurowe
NIP: 9876543210
Pozycja Netto [PLN] VAT Brutto [PLN]
Papier ksero A4 5 ryz 481.63 23% 592.40
Toner do drukarki HP 2391.91 23% 2942.05
Razem Netto: 2873.54 PLN
Razem VAT: 660.91 PLN
DO ZAPLATY: 3534.45 PLN",OFFICE_SUPPLIES
faktura_700.pdf,9876543210,"FAKTURA VAT: FV/1973/2140
Data wystawienia: 2026-02-08
SPRZEDAWCA:
Nazwa: Biuromax Artykuny Biurowe
NIP: 9876543210
Pozycja Netto [PLN] VAT Brutto [PLN]
Segregator biurowy 1667.40 23% 2050.90
Kawa ziarnista Arabica 1kg 271.81 23% 334.33
Razem Netto: 1939.21 PLN
Razem VAT: 446.02 PLN
DO ZAPLATY: 2385.23 PLN",OFFICE_SUPPLIES
faktura_701.pdf,9677120820,"FAKTURA VAT: FV/1998/3276
Data wystawienia: 2026-05-09
SPRZEDAWCA:
Nazwa: FPUH Wójs Sp.j.
NIP: 9677120820
Pozycja Netto [PLN] VAT Brutto [PLN]
Benzyna Pb95 1159.79 23% 1426.54
Razem Netto: 1159.79 PLN
Razem VAT: 266.75 PLN
DO ZAPLATY: 1426.54 PLN",TRAVEL_FLEET
faktura_702.pdf,9876543210,"FAKTURA VAT: FV/2002/5775
Data wystawienia: 2026-09-10
SPRZEDAWCA:
Nazwa: Biuromax Artykuny Biurowe
NIP: 9876543210
Pozycja Netto [PLN] VAT Brutto [PLN]
Toner do drukarki HP 1719.72 23% 2115.26
Razem Netto: 1719.72 PLN
Razem VAT: 395.54 PLN
DO ZAPLATY: 2115.26 PLN",OFFICE_SUPPLIES
faktura_703.pdf,1234567890,"FAKTURA VAT: FV/1983/6187
Data wystawienia: 2026-04-22
SPRZEDAWCA:
Nazwa: Amazon Web Services EMEA
NIP: 1234567890
Pozycja Netto [PLN] VAT Brutto [PLN]
Licencja JetBrains 1477.68 23% 1817.55
Hosting serwera VPS 1548.15 23% 1904.22
Razem Netto: 3025.83 PLN
Razem VAT: 695.94 PLN
DO ZAPLATY: 3721.77 PLN",IT_SERVICES
faktura_704.pdf,5213456789,"FAKTURA VAT: FV/1991/9362
Data wystawienia: 2026-04-21
SPRZEDAWCA:
Nazwa: Dell Polska Sp. z o.o.
NIP: 5213456789
Pozycja Netto [PLN] VAT Brutto [PLN]
Monitor Dell 27 cali 2257.64 23% 2776.90
Klawiatura mechaniczna 2421.35 23% 2978.26
Razem Netto: 4678.99 PLN
Razem VAT: 1076.17 PLN
DO ZAPLATY: 5755.16 PLN",IT_HARDWARE
faktura_705.pdf,1234567890,"FAKTURA VAT: FV/2013/1013
Data wystawienia: 2026-01-23
SPRZEDAWCA:
Nazwa: Amazon Web Services EMEA
NIP: 1234567890
Pozycja Netto [PLN] VAT Brutto [PLN]
Licencja JetBrains 2170.92 23% 2670.23
Razem Netto: 2170.92 PLN
Razem VAT: 499.31 PLN
DO ZAPLATY: 2670.23 PLN",IT_SERVICES
faktura_706.pdf,9876543210,"FAKTURA VAT: FV/2022/4854
Data wystawienia: 2026-02-04
SPRZEDAWCA:
Nazwa: Biuromax Artykuny Biurowe
NIP: 9876543210
Pozycja Netto [PLN] VAT Brutto [PLN]
Kawa ziarnista Arabica 1kg 1044.78 23% 1285.08
Segregator biurowy 1116.22 23% 1372.95
Toner do drukarki HP 567.48 23% 698.00
Razem Netto: 2728.48 PLN
Razem VAT: 627.55 PLN
DO ZAPLATY: 3356.03 PLN",OFFICE_SUPPLIES
faktura_707.pdf,5213456789,"FAKTURA VAT: FV/2014/3841
Data wystawienia: 2026-08-11
SPRZEDAWCA:
Nazwa: Dell Polska Sp. z o.o.
NIP: 5213456789
Pozycja Netto [PLN] VAT Brutto [PLN]
Kabel USB-C 427.95 23% 526.38
Klawiatura mechaniczna 2493.77 23% 3067.34
Laptop Lenovo ThinkPad 1691.66 23% 2080.74
Razem Netto: 4613.38 PLN
Razem VAT: 1061.08 PLN
DO ZAPLATY: 5674.46 PLN",IT_HARDWARE
faktura_708.pdf,5261040828,"FAKTURA VAT: FV/1985/3200
Data wystawienia: 2026-07-27
SPRZEDAWCA:
Nazwa: Orlen Paliwa Sp. z o.o.
NIP: 5261040828
Pozycja Netto [PLN] VAT Brutto [PLN]
Hotel Warszawa doba 1661.92 23% 2044.16
Razem Netto: 1661.92 PLN
Razem VAT: 382.24 PLN
DO ZAPLATY: 2044.16 PLN",TRAVEL_FLEET
faktura_709.pdf,9876543210,"FAKTURA VAT: FV/2020/3224
Data wystawienia: 2026-01-15
SPRZEDAWCA:
Nazwa: Biuromax Artykuny Biurowe
NIP: 9876543210
Pozycja Netto [PLN] VAT Brutto [PLN]
Segregator biurowy 490.50 23% 603.32
Kawa ziarnista Arabica 1kg 1298.07 23% 1596.63
Razem Netto: 1788.57 PLN
Razem VAT: 411.38 PLN
DO ZAPLATY: 2199.95 PLN",OFFICE_SUPPLIES
faktura_710.pdf,5213456789,"FAKTURA VAT: FV/1981/8373
Data wystawienia: 2026-06-12
SPRZEDAWCA:
Nazwa: Dell Polska Sp. z o.o.
NIP: 5213456789
Pozycja Netto [PLN] VAT Brutto [PLN]
Kabel USB-C 1531.20 23% 1883.38
Razem Netto: 1531.20 PLN
Razem VAT: 352.18 PLN
DO ZAPLATY: 1883.38 PLN",IT_HARDWARE
faktura_711.pdf,5213456789,"FAKTURA VAT: FV/1981/9161
Data wystawienia: 2026-01-15
SPRZEDAWCA:
Nazwa: Dell Polska Sp. z o.o.
NIP: 5213456789
Pozycja Netto [PLN] VAT Brutto [PLN]
Laptop Lenovo ThinkPad 131.98 23% 162.34
Klawiatura mechaniczna 142.77 23% 175.61
Kabel USB-C 1234.01 23% 1517.83
Razem Netto: 1508.76 PLN
Razem VAT: 347.02 PLN
DO ZAPLATY: 1855.78 PLN",IT_HARDWARE
faktura_712.pdf,9876543210,"FAKTURA VAT: FV/1997/7038
Data wystawienia: 2026-07-12
SPRZEDAWCA:
Nazwa: Biuromax Artykuny Biurowe
NIP: 9876543210
Pozycja Netto [PLN] VAT Brutto [PLN]
Papier ksero A4 5 ryz 1189.09 23% 1462.58
Segregator biurowy 241.67 23% 297.25
Toner do drukarki HP 2230.29 23% 2743.26
Razem Netto: 3661.05 PLN
Razem VAT: 842.04 PLN
DO ZAPLATY: 4503.09 PLN",OFFICE_SUPPLIES
faktura_713.pdf,5261040828,"FAKTURA VAT: FV/1982/2449
Data wystawienia: 2026-04-23
SPRZEDAWCA:
Nazwa: Orlen Paliwa Sp. z o.o.
NIP: 5261040828
Pozycja Netto [PLN] VAT Brutto [PLN]
Opnata autostradowa A2 2263.78 23% 2784.45
Hotel Warszawa doba 1360.83 23% 1673.82
Olej napndowy Verva 76.42 23% 94.00
Razem Netto: 3701.03 PLN
Razem VAT: 851.24 PLN
DO ZAPLATY: 4552.27 PLN",TRAVEL_FLEET
faktura_714.pdf,9876543210,"FAKTURA VAT: FV/1972/8438
Data wystawienia: 2026-01-04
SPRZEDAWCA:
Nazwa: Biuromax Artykuny Biurowe
NIP: 9876543210
Pozycja Netto [PLN] VAT Brutto [PLN]
Kawa ziarnista Arabica 1kg 2403.42 23% 2956.21
Toner do drukarki HP 2005.65 23% 2466.95
Segregator biurowy 758.56 23% 933.03
Razem Netto: 5167.63 PLN
Razem VAT: 1188.56 PLN
DO ZAPLATY: 6356.19 PLN",OFFICE_SUPPLIES
faktura_715.pdf,1234567890,"FAKTURA VAT: FV/1990/1578
Data wystawienia: 2026-08-09
SPRZEDAWCA:
Nazwa: Amazon Web Services EMEA
NIP: 1234567890
Pozycja Netto [PLN] VAT Brutto [PLN]
Licencja JetBrains 1466.45 23% 1803.73
Hosting serwera VPS 1453.51 23% 1787.82
Subskrypcja Azure Cloud 1657.98 23% 2039.32
Razem Netto: 4577.94 PLN
Razem VAT: 1052.93 PLN
DO ZAPLATY: 5630.87 PLN",IT_SERVICES
faktura_716.pdf,5261040828,"FAKTURA VAT: FV/2011/5780
Data wystawienia: 2026-02-11
SPRZEDAWCA:
Nazwa: Orlen Paliwa Sp. z o.o.
NIP: 5261040828
Pozycja Netto [PLN] VAT Brutto [PLN]
Hotel Warszawa doba 360.71 23% 443.67
Olej napndowy Verva 238.31 23% 293.12
Razem Netto: 599.02 PLN
Razem VAT: 137.77 PLN
DO ZAPLATY: 736.79 PLN",TRAVEL_FLEET
faktura_717.pdf,1234567890,"FAKTURA VAT: FV/1992/5552
Data wystawienia: 2026-04-21
SPRZEDAWCA:
Nazwa: Amazon Web Services EMEA
NIP: 1234567890
Pozycja Netto [PLN] VAT Brutto [PLN]
Licencja JetBrains 1866.50 23% 2295.80
Hosting serwera VPS 1529.36 23% 1881.11
Razem Netto: 3395.86 PLN
Razem VAT: 781.05 PLN
DO ZAPLATY: 4176.91 PLN",IT_SERVICES
faktura_718.pdf,1234567890,"FAKTURA VAT: FV/2000/3476
Data wystawienia: 2026-09-07
SPRZEDAWCA:
Nazwa: Amazon Web Services EMEA
NIP: 1234567890
Pozycja Netto [PLN] VAT Brutto [PLN]
Licencja JetBrains 1967.19 23% 2419.64
Razem Netto: 1967.19 PLN
Razem VAT: 452.45 PLN
DO ZAPLATY: 2419.64 PLN",IT_SERVICES
faktura_719.pdf,5261040828,"FAKTURA VAT: FV/2006/4869
Data wystawienia: 2026-07-23
SPRZEDAWCA:
Nazwa: Orlen Paliwa Sp. z o.o.
NIP: 5261040828
Pozycja Netto [PLN] VAT Brutto [PLN]
Olej napndowy Verva 1509.08 23% 1856.17
Hotel Warszawa doba 2063.22 23% 2537.76
Razem Netto: 3572.30 PLN
Razem VAT: 821.63 PLN
DO ZAPLATY: 4393.93 PLN",TRAVEL_FLEET
faktura_720.pdf,9876543210,"FAKTURA VAT: FV/2003/9125
Data wystawienia: 2026-02-22
SPRZEDAWCA:
Nazwa: Biuromax Artykuny Biurowe
NIP: 9876543210
Pozycja Netto [PLN] VAT Brutto [PLN]
Toner do drukarki HP 1128.45 23% 1387.99
Kawa ziarnista Arabica 1kg 1612.06 23% 1982.83
Razem Netto: 2740.51 PLN
Razem VAT: 630.31 PLN
DO ZAPLATY: 3370.82 PLN",OFFICE_SUPPLIES
faktura_721.pdf,1234567890,"FAKTURA VAT: FV/2004/4454
Data wystawienia: 2026-07-01
SPRZEDAWCA:
Nazwa: Amazon Web Services EMEA
NIP: 1234567890
Pozycja Netto [PLN] VAT Brutto [PLN]
Licencja JetBrains 1900.94 23% 2338.16
Razem Netto: 1900.94 PLN
Razem VAT: 437.22 PLN
DO ZAPLATY: 2338.16 PLN",IT_SERVICES
faktura_722.pdf,9876543210,"FAKTURA VAT: FV/1988/2900
Data wystawienia: 2026-03-16
SPRZEDAWCA:
Nazwa: Biuromax Artykuny Biurowe
NIP: 9876543210
Pozycja Netto [PLN] VAT Brutto [PLN]
Segregator biurowy 1216.85 23% 1496.73
Toner do drukarki HP 2373.22 23% 2919.06
Razem Netto: 3590.07 PLN
Razem VAT: 825.72 PLN
DO ZAPLATY: 4415.79 PLN",OFFICE_SUPPLIES
faktura_723.pdf,9876543210,"FAKTURA VAT: FV/2025/9724
Data wystawienia: 2026-02-13
SPRZEDAWCA:
Nazwa: Biuromax Artykuny Biurowe
NIP: 9876543210
Pozycja Netto [PLN] VAT Brutto [PLN]
Kawa ziarnista Arabica 1kg 1349.58 23% 1659.98
Papier ksero A4 5 ryz 1115.10 23% 1371.57
Razem Netto: 2464.68 PLN
Razem VAT: 566.87 PLN
DO ZAPLATY: 3031.55 PLN",OFFICE_SUPPLIES
faktura_724.pdf,9837420549,"FAKTURA VAT: FV/1992/5731
Data wystawienia: 2026-03-05
SPRZEDAWCA:
Nazwa: FPUH nwin-nmieja S.A.
NIP: 9837420549
Pozycja Netto [PLN] VAT Brutto [PLN]
Kawa ziarnista Arabica 1kg 1723.05 23% 2119.35
Segregator biurowy 150.49 23% 185.10
Razem Netto: 1873.54 PLN
Razem VAT: 430.91 PLN
DO ZAPLATY: 2304.45 PLN",OFFICE_SUPPLIES
faktura_725.pdf,9876543210,"FAKTURA VAT: FV/2011/9704
Data wystawienia: 2026-09-06
SPRZEDAWCA:
Nazwa: Biuromax Artykuny Biurowe
NIP: 9876543210
Pozycja Netto [PLN] VAT Brutto [PLN]
Kawa ziarnista Arabica 1kg 704.37 23% 866.38
Toner do drukarki HP 290.78 23% 357.66
Segregator biurowy 1653.14 23% 2033.36
Razem Netto: 2648.29 PLN
Razem VAT: 609.11 PLN
DO ZAPLATY: 3257.40 PLN",OFFICE_SUPPLIES
faktura_726.pdf,5213456789,"FAKTURA VAT: FV/1997/7408
Data wystawienia: 2026-06-16
SPRZEDAWCA:
Nazwa: Dell Polska Sp. z o.o.
NIP: 5213456789
Pozycja Netto [PLN] VAT Brutto [PLN]
Klawiatura mechaniczna 1710.41 23% 2103.80
Laptop Lenovo ThinkPad 2483.38 23% 3054.56
Kabel USB-C 817.51 23% 1005.54
Razem Netto: 5011.30 PLN
Razem VAT: 1152.60 PLN
DO ZAPLATY: 6163.90 PLN",IT_HARDWARE
faktura_727.pdf,5261040828,"FAKTURA VAT: FV/2005/1173
Data wystawienia: 2026-05-08
SPRZEDAWCA:
Nazwa: Orlen Paliwa Sp. z o.o.
NIP: 5261040828
Pozycja Netto [PLN] VAT Brutto [PLN]
Hotel Warszawa doba 289.36 23% 355.91
Razem Netto: 289.36 PLN
Razem VAT: 66.55 PLN
DO ZAPLATY: 355.91 PLN",TRAVEL_FLEET
faktura_728.pdf,1234567890,"FAKTURA VAT: FV/1975/2702
Data wystawienia: 2026-06-05
SPRZEDAWCA:
Nazwa: Amazon Web Services EMEA
NIP: 1234567890
Pozycja Netto [PLN] VAT Brutto [PLN]
Licencja JetBrains 667.15 23% 820.59
Razem Netto: 667.15 PLN
Razem VAT: 153.44 PLN
DO ZAPLATY: 820.59 PLN",IT_SERVICES
faktura_729.pdf,5261040828,"FAKTURA VAT: FV/2015/1557
Data wystawienia: 2026-02-07
SPRZEDAWCA:
Nazwa: Orlen Paliwa Sp. z o.o.
NIP: 5261040828
Pozycja Netto [PLN] VAT Brutto [PLN]
Benzyna Pb95 2378.70 23% 2925.80
Razem Netto: 2378.70 PLN
Razem VAT: 547.10 PLN
DO ZAPLATY: 2925.80 PLN",TRAVEL_FLEET
faktura_730.pdf,5261040828,"FAKTURA VAT: FV/1982/2995
Data wystawienia: 2026-02-24
SPRZEDAWCA:
Nazwa: Orlen Paliwa Sp. z o.o.
NIP: 5261040828
Pozycja Netto [PLN] VAT Brutto [PLN]
Benzyna Pb95 971.10 23% 1194.45
Razem Netto: 971.10 PLN
Razem VAT: 223.35 PLN
DO ZAPLATY: 1194.45 PLN",TRAVEL_FLEET
faktura_731.pdf,3920463740,"FAKTURA VAT: FV/2002/4027
Data wystawienia: 2026-05-06
SPRZEDAWCA:
Nazwa: Stowarzyszenie Tolak
NIP: 3920463740
Pozycja Netto [PLN] VAT Brutto [PLN]
Laptop Lenovo ThinkPad 1668.17 23% 2051.85
Klawiatura mechaniczna 235.50 23% 289.66
Razem Netto: 1903.67 PLN
Razem VAT: 437.84 PLN
DO ZAPLATY: 2341.51 PLN",IT_HARDWARE
faktura_732.pdf,1134530171,"FAKTURA VAT: FV/2019/8429
Data wystawienia: 2026-08-11
SPRZEDAWCA:
Nazwa: Spóndzielnia Plebanek
NIP: 1134530171
Pozycja Netto [PLN] VAT Brutto [PLN]
Licencja JetBrains 446.82 23% 549.59
Subskrypcja Azure Cloud 231.29 23% 284.49
Razem Netto: 678.11 PLN
Razem VAT: 155.97 PLN
DO ZAPLATY: 834.08 PLN",IT_SERVICES
faktura_733.pdf,1234567890,"FAKTURA VAT: FV/2016/2022
Data wystawienia: 2026-07-15
SPRZEDAWCA:
Nazwa: Amazon Web Services EMEA
NIP: 1234567890
Pozycja Netto [PLN] VAT Brutto [PLN]
Licencja JetBrains 2391.23 23% 2941.21
Razem Netto: 2391.23 PLN
Razem VAT: 549.98 PLN
DO ZAPLATY: 2941.21 PLN",IT_SERVICES
faktura_734.pdf,5261040828,"FAKTURA VAT: FV/2017/5336
Data wystawienia: 2026-05-01
SPRZEDAWCA:
Nazwa: Orlen Paliwa Sp. z o.o.
NIP: 5261040828
Pozycja Netto [PLN] VAT Brutto [PLN]
Benzyna Pb95 1011.95 23% 1244.70
Opnata autostradowa A2 1631.43 23% 2006.66
Razem Netto: 2643.38 PLN
Razem VAT: 607.98 PLN
DO ZAPLATY: 3251.36 PLN",TRAVEL_FLEET
faktura_735.pdf,9876543210,"FAKTURA VAT: FV/2016/2776
Data wystawienia: 2026-02-15
SPRZEDAWCA:
Nazwa: Biuromax Artykuny Biurowe
NIP: 9876543210
Pozycja Netto [PLN] VAT Brutto [PLN]
Papier ksero A4 5 ryz 2285.89 23% 2811.64
Razem Netto: 2285.89 PLN
Razem VAT: 525.75 PLN
DO ZAPLATY: 2811.64 PLN",OFFICE_SUPPLIES
faktura_736.pdf,5261040828,"FAKTURA VAT: FV/2013/5243
Data wystawienia: 2026-04-25
SPRZEDAWCA:
Nazwa: Orlen Paliwa Sp. z o.o.
NIP: 5261040828
Pozycja Netto [PLN] VAT Brutto [PLN]
Opnata autostradowa A2 1954.23 23% 2403.70
Razem Netto: 1954.23 PLN
Razem VAT: 449.47 PLN
DO ZAPLATY: 2403.70 PLN",TRAVEL_FLEET
faktura_737.pdf,3613272791,"FAKTURA VAT: FV/1995/1307
Data wystawienia: 2026-08-27
SPRZEDAWCA:
Nazwa: Fundacja Famuna
NIP: 3613272791
Pozycja Netto [PLN] VAT Brutto [PLN]
Monitor Dell 27 cali 702.77 23% 864.41
Kabel USB-C 1765.14 23% 2171.12
Klawiatura mechaniczna 2266.31 23% 2787.56
Razem Netto: 4734.22 PLN
Razem VAT: 1088.87 PLN
DO ZAPLATY: 5823.09 PLN",IT_HARDWARE
faktura_738.pdf,9876543210,"FAKTURA VAT: FV/2007/1060
Data wystawienia: 2026-07-02
SPRZEDAWCA:
Nazwa: Biuromax Artykuny Biurowe
NIP: 9876543210
Pozycja Netto [PLN] VAT Brutto [PLN]
Segregator biurowy 2117.92 23% 2605.04
Toner do drukarki HP 1963.30 23% 2414.86
Razem Netto: 4081.22 PLN
Razem VAT: 938.68 PLN
DO ZAPLATY: 5019.90 PLN",OFFICE_SUPPLIES
faktura_739.pdf,5261040828,"FAKTURA VAT: FV/2021/2148
Data wystawienia: 2026-07-28
SPRZEDAWCA:
Nazwa: Orlen Paliwa Sp. z o.o.
NIP: 5261040828
Pozycja Netto [PLN] VAT Brutto [PLN]
Hotel Warszawa doba 1439.75 23% 1770.89
Olej napndowy Verva 2340.85 23% 2879.25
Razem Netto: 3780.60 PLN
Razem VAT: 869.54 PLN
DO ZAPLATY: 4650.14 PLN",TRAVEL_FLEET
faktura_740.pdf,1234567890,"FAKTURA VAT: FV/2024/6880
Data wystawienia: 2026-09-15
SPRZEDAWCA:
Nazwa: Amazon Web Services EMEA
NIP: 1234567890
Pozycja Netto [PLN] VAT Brutto [PLN]
Hosting serwera VPS 2492.69 23% 3066.01
Licencja JetBrains 1635.33 23% 2011.46
Razem Netto: 4128.02 PLN
Razem VAT: 949.45 PLN
DO ZAPLATY: 5077.47 PLN",IT_SERVICES
faktura_741.pdf,1234567890,"FAKTURA VAT: FV/2026/6985
Data wystawienia: 2026-03-26
SPRZEDAWCA:
Nazwa: Amazon Web Services EMEA
NIP: 1234567890
Pozycja Netto [PLN] VAT Brutto [PLN]
Domena internetowa 1913.11 23% 2353.13
Razem Netto: 1913.11 PLN
Razem VAT: 440.02 PLN
DO ZAPLATY: 2353.13 PLN",IT_SERVICES
faktura_742.pdf,5213456789,"FAKTURA VAT: FV/2021/5750
Data wystawienia: 2026-04-07
SPRZEDAWCA:
Nazwa: Dell Polska Sp. z o.o.
NIP: 5213456789
Pozycja Netto [PLN] VAT Brutto [PLN]
Monitor Dell 27 cali 782.23 23% 962.14
Klawiatura mechaniczna 1005.76 23% 1237.08
Kabel USB-C 311.58 23% 383.24
Razem Netto: 2099.57 PLN
Razem VAT: 482.89 PLN
DO ZAPLATY: 2582.46 PLN",IT_HARDWARE
faktura_743.pdf,9876543210,"FAKTURA VAT: FV/2016/6886
Data wystawienia: 2026-08-20
SPRZEDAWCA:
Nazwa: Biuromax Artykuny Biurowe
NIP: 9876543210
Pozycja Netto [PLN] VAT Brutto [PLN]
Toner do drukarki HP 523.08 23% 643.39
Papier ksero A4 5 ryz 1813.36 23% 2230.43
Kawa ziarnista Arabica 1kg 1502.72 23% 1848.35
Razem Netto: 3839.16 PLN
Razem VAT: 883.01 PLN
DO ZAPLATY: 4722.17 PLN",OFFICE_SUPPLIES
faktura_744.pdf,1234567890,"FAKTURA VAT: FV/2023/9015
Data wystawienia: 2026-02-01
SPRZEDAWCA:
Nazwa: Amazon Web Services EMEA
NIP: 1234567890
Pozycja Netto [PLN] VAT Brutto [PLN]
Domena internetowa 140.75 23% 173.12
Hosting serwera VPS 187.33 23% 230.42
Razem Netto: 328.08 PLN
Razem VAT: 75.46 PLN
DO ZAPLATY: 403.54 PLN",IT_SERVICES
faktura_745.pdf,5213456789,"FAKTURA VAT: FV/2005/1701
Data wystawienia: 2026-06-23
SPRZEDAWCA:
Nazwa: Dell Polska Sp. z o.o.
NIP: 5213456789
Pozycja Netto [PLN] VAT Brutto [PLN]
Kabel USB-C 1865.58 23% 2294.66
Laptop Lenovo ThinkPad 620.81 23% 763.60
Monitor Dell 27 cali 226.48 23% 278.57
Razem Netto: 2712.87 PLN
Razem VAT: 623.96 PLN
DO ZAPLATY: 3336.83 PLN",IT_HARDWARE
faktura_746.pdf,5261040828,"FAKTURA VAT: FV/2005/3319
Data wystawienia: 2026-05-21
SPRZEDAWCA:
Nazwa: Orlen Paliwa Sp. z o.o.
NIP: 5261040828
Pozycja Netto [PLN] VAT Brutto [PLN]
Olej napndowy Verva 1768.18 23% 2174.86
Hotel Warszawa doba 369.82 23% 454.88
Razem Netto: 2138.00 PLN
Razem VAT: 491.74 PLN
DO ZAPLATY: 2629.74 PLN",TRAVEL_FLEET
faktura_747.pdf,1234567890,"FAKTURA VAT: FV/1975/3822
Data wystawienia: 2026-08-08
SPRZEDAWCA:
Nazwa: Amazon Web Services EMEA
NIP: 1234567890
Pozycja Netto [PLN] VAT Brutto [PLN]
Domena internetowa 1547.50 23% 1903.43
Razem Netto: 1547.50 PLN
Razem VAT: 355.93 PLN
DO ZAPLATY: 1903.43 PLN",IT_SERVICES
faktura_748.pdf,5261040828,"FAKTURA VAT: FV/1977/2047
Data wystawienia: 2026-01-24
SPRZEDAWCA:
Nazwa: Orlen Paliwa Sp. z o.o.
NIP: 5261040828
Pozycja Netto [PLN] VAT Brutto [PLN]
Hotel Warszawa doba 1507.69 23% 1854.46
Razem Netto: 1507.69 PLN
Razem VAT: 346.77 PLN
DO ZAPLATY: 1854.46 PLN",TRAVEL_FLEET
faktura_749.pdf,5213456789,"FAKTURA VAT: FV/2026/4613
Data wystawienia: 2026-08-01
SPRZEDAWCA:
Nazwa: Dell Polska Sp. z o.o.
NIP: 5213456789
Pozycja Netto [PLN] VAT Brutto [PLN]
Laptop Lenovo ThinkPad 1712.07 23% 2105.85
Kabel USB-C 844.38 23% 1038.59
Razem Netto: 2556.45 PLN
Razem VAT: 587.99 PLN
DO ZAPLATY: 3144.44 PLN",IT_HARDWARE
faktura_750.pdf,5213456789,"FAKTURA VAT: FV/2004/9943
Data wystawienia: 2026-03-20
SPRZEDAWCA:
Nazwa: Dell Polska Sp. z o.o.
NIP: 5213456789
Pozycja Netto [PLN] VAT Brutto [PLN]
Klawiatura mechaniczna 871.98 23% 1072.54
Razem Netto: 871.98 PLN
Razem VAT: 200.56 PLN
DO ZAPLATY: 1072.54 PLN",IT_HARDWARE
faktura_751.pdf,9876543210,"FAKTURA VAT: FV/2008/2978
Data wystawienia: 2026-07-28
SPRZEDAWCA:
Nazwa: Biuromax Artykuny Biurowe
NIP: 9876543210
Pozycja Netto [PLN] VAT Brutto [PLN]
Kawa ziarnista Arabica 1kg 1405.85 23% 1729.20
Razem Netto: 1405.85 PLN
Razem VAT: 323.35 PLN
DO ZAPLATY: 1729.20 PLN",OFFICE_SUPPLIES
faktura_752.pdf,5261040828,"FAKTURA VAT: FV/1980/8187
Data wystawienia: 2026-03-05
SPRZEDAWCA:
Nazwa: Orlen Paliwa Sp. z o.o.
NIP: 5261040828
Pozycja Netto [PLN] VAT Brutto [PLN]
Olej napndowy Verva 1988.08 23% 2445.34
Razem Netto: 1988.08 PLN
Razem VAT: 457.26 PLN
DO ZAPLATY: 2445.34 PLN",TRAVEL_FLEET
faktura_753.pdf,5261040828,"FAKTURA VAT: FV/1992/7162
Data wystawienia: 2026-07-22
SPRZEDAWCA:
Nazwa: Orlen Paliwa Sp. z o.o.
NIP: 5261040828
Pozycja Netto [PLN] VAT Brutto [PLN]
Olej napndowy Verva 67.70 23% 83.27
Hotel Warszawa doba 2319.04 23% 2852.42
Razem Netto: 2386.74 PLN
Razem VAT: 548.95 PLN
DO ZAPLATY: 2935.69 PLN",TRAVEL_FLEET
faktura_754.pdf,9876543210,"FAKTURA VAT: FV/2000/5648
Data wystawienia: 2026-02-15
SPRZEDAWCA:
Nazwa: Biuromax Artykuny Biurowe
NIP: 9876543210
Pozycja Netto [PLN] VAT Brutto [PLN]
Toner do drukarki HP 1617.57 23% 1989.61
Papier ksero A4 5 ryz 1331.56 23% 1637.82
Kawa ziarnista Arabica 1kg 1059.48 23% 1303.16
Razem Netto: 4008.61 PLN
Razem VAT: 921.98 PLN
DO ZAPLATY: 4930.59 PLN",OFFICE_SUPPLIES
faktura_755.pdf,5261040828,"FAKTURA VAT: FV/2016/3859
Data wystawienia: 2026-03-21
SPRZEDAWCA:
Nazwa: Orlen Paliwa Sp. z o.o.
NIP: 5261040828
Pozycja Netto [PLN] VAT Brutto [PLN]
Benzyna Pb95 1549.52 23% 1905.91
Opnata autostradowa A2 265.65 23% 326.75
Hotel Warszawa doba 2074.88 23% 2552.10
Razem Netto: 3890.05 PLN
Razem VAT: 894.71 PLN
DO ZAPLATY: 4784.76 PLN",TRAVEL_FLEET
faktura_756.pdf,5261040828,"FAKTURA VAT: FV/2018/5934
Data wystawienia: 2026-08-15
SPRZEDAWCA:
Nazwa: Orlen Paliwa Sp. z o.o.
NIP: 5261040828
Pozycja Netto [PLN] VAT Brutto [PLN]
Benzyna Pb95 2467.18 23% 3034.63
Olej napndowy Verva 2443.14 23% 3005.06
Opnata autostradowa A2 1566.36 23% 1926.62
Razem Netto: 6476.68 PLN
Razem VAT: 1489.63 PLN
DO ZAPLATY: 7966.31 PLN",TRAVEL_FLEET
faktura_757.pdf,9876543210,"FAKTURA VAT: FV/2003/9842
Data wystawienia: 2026-02-05
SPRZEDAWCA:
Nazwa: Biuromax Artykuny Biurowe
NIP: 9876543210
Pozycja Netto [PLN] VAT Brutto [PLN]
Toner do drukarki HP 524.61 23% 645.27
Segregator biurowy 2001.70 23% 2462.09
Papier ksero A4 5 ryz 1728.85 23% 2126.49
Razem Netto: 4255.16 PLN
Razem VAT: 978.69 PLN
DO ZAPLATY: 5233.85 PLN",OFFICE_SUPPLIES
faktura_758.pdf,5213456789,"FAKTURA VAT: FV/2004/8772
Data wystawienia: 2026-06-23
SPRZEDAWCA:
Nazwa: Dell Polska Sp. z o.o.
NIP: 5213456789
Pozycja Netto [PLN] VAT Brutto [PLN]
Monitor Dell 27 cali 748.41 23% 920.54
Kabel USB-C 1114.95 23% 1371.39
Klawiatura mechaniczna 869.02 23% 1068.89
Razem Netto: 2732.38 PLN
Razem VAT: 628.44 PLN
DO ZAPLATY: 3360.82 PLN",IT_HARDWARE
faktura_759.pdf,5261040828,"FAKTURA VAT: FV/2025/8424
Data wystawienia: 2026-01-22
SPRZEDAWCA:
Nazwa: Orlen Paliwa Sp. z o.o.
NIP: 5261040828
Pozycja Netto [PLN] VAT Brutto [PLN]
Benzyna Pb95 1238.40 23% 1523.23
Olej napndowy Verva 334.36 23% 411.26
Opnata autostradowa A2 2242.94 23% 2758.82
Razem Netto: 3815.70 PLN
Razem VAT: 877.61 PLN
DO ZAPLATY: 4693.31 PLN",TRAVEL_FLEET
faktura_760.pdf,1234567890,"FAKTURA VAT: FV/2000/8287
Data wystawienia: 2026-02-21
SPRZEDAWCA:
Nazwa: Amazon Web Services EMEA
NIP: 1234567890
Pozycja Netto [PLN] VAT Brutto [PLN]
Subskrypcja Azure Cloud 1708.29 23% 2101.20
Licencja JetBrains 847.93 23% 1042.95
Razem Netto: 2556.22 PLN
Razem VAT: 587.93 PLN
DO ZAPLATY: 3144.15 PLN",IT_SERVICES
faktura_761.pdf,5261040828,"FAKTURA VAT: FV/2004/2804
Data wystawienia: 2026-06-11
SPRZEDAWCA:
Nazwa: Orlen Paliwa Sp. z o.o.
NIP: 5261040828
Pozycja Netto [PLN] VAT Brutto [PLN]
Hotel Warszawa doba 2181.22 23% 2682.90
Razem Netto: 2181.22 PLN
Razem VAT: 501.68 PLN
DO ZAPLATY: 2682.90 PLN",TRAVEL_FLEET
faktura_762.pdf,1668740648,"FAKTURA VAT: FV/2001/7152
Data wystawienia: 2026-08-08
SPRZEDAWCA:
Nazwa: Pasieczna S.A.
NIP: 1668740648
Pozycja Netto [PLN] VAT Brutto [PLN]
Hotel Warszawa doba 2231.70 23% 2744.99
Olej napndowy Verva 405.11 23% 498.29
Razem Netto: 2636.81 PLN
Razem VAT: 606.47 PLN
DO ZAPLATY: 3243.28 PLN",TRAVEL_FLEET
faktura_763.pdf,1234567890,"FAKTURA VAT: FV/2009/8454
Data wystawienia: 2026-01-29
SPRZEDAWCA:
Nazwa: Amazon Web Services EMEA
NIP: 1234567890
Pozycja Netto [PLN] VAT Brutto [PLN]
Domena internetowa 1813.56 23% 2230.68
Razem Netto: 1813.56 PLN
Razem VAT: 417.12 PLN
DO ZAPLATY: 2230.68 PLN",IT_SERVICES
faktura_764.pdf,5111801705,"FAKTURA VAT: FV/1973/6875
Data wystawienia: 2026-06-14
SPRZEDAWCA:
Nazwa: Fundacja Cader
NIP: 5111801705
Pozycja Netto [PLN] VAT Brutto [PLN]
Klawiatura mechaniczna 1745.92 23% 2147.48
Monitor Dell 27 cali 196.15 23% 241.26
Razem Netto: 1942.07 PLN
Razem VAT: 446.67 PLN
DO ZAPLATY: 2388.74 PLN",IT_HARDWARE
faktura_765.pdf,9876543210,"FAKTURA VAT: FV/2022/3236
Data wystawienia: 2026-02-22
SPRZEDAWCA:
Nazwa: Biuromax Artykuny Biurowe
NIP: 9876543210
Pozycja Netto [PLN] VAT Brutto [PLN]
Segregator biurowy 1912.83 23% 2352.78
Papier ksero A4 5 ryz 588.64 23% 724.03
Razem Netto: 2501.47 PLN
Razem VAT: 575.34 PLN
DO ZAPLATY: 3076.81 PLN",OFFICE_SUPPLIES
faktura_766.pdf,5213456789,"FAKTURA VAT: FV/2022/5835
Data wystawienia: 2026-09-07
SPRZEDAWCA:
Nazwa: Dell Polska Sp. z o.o.
NIP: 5213456789
Pozycja Netto [PLN] VAT Brutto [PLN]
Klawiatura mechaniczna 2149.59 23% 2644.00
Monitor Dell 27 cali 1248.57 23% 1535.74
Kabel USB-C 2489.38 23% 3061.94
Razem Netto: 5887.54 PLN
Razem VAT: 1354.14 PLN
DO ZAPLATY: 7241.68 PLN",IT_HARDWARE
faktura_767.pdf,1234567890,"FAKTURA VAT: FV/2019/8757
Data wystawienia: 2026-09-08
SPRZEDAWCA:
Nazwa: Amazon Web Services EMEA
NIP: 1234567890
Pozycja Netto [PLN] VAT Brutto [PLN]
Domena internetowa 1853.64 23% 2279.98
Razem Netto: 1853.64 PLN
Razem VAT: 426.34 PLN
DO ZAPLATY: 2279.98 PLN",IT_SERVICES
faktura_768.pdf,9876543210,"FAKTURA VAT: FV/1998/5041
Data wystawienia: 2026-05-26
SPRZEDAWCA:
Nazwa: Biuromax Artykuny Biurowe
NIP: 9876543210
Pozycja Netto [PLN] VAT Brutto [PLN]
Toner do drukarki HP 2288.70 23% 2815.10
Kawa ziarnista Arabica 1kg 2250.72 23% 2768.39
Papier ksero A4 5 ryz 1073.54 23% 1320.45
Razem Netto: 5612.96 PLN
Razem VAT: 1290.98 PLN
DO ZAPLATY: 6903.94 PLN",OFFICE_SUPPLIES
faktura_769.pdf,9876543210,"FAKTURA VAT: FV/1996/1724
Data wystawienia: 2026-06-24
SPRZEDAWCA:
Nazwa: Biuromax Artykuny Biurowe
NIP: 9876543210
Pozycja Netto [PLN] VAT Brutto [PLN]
Papier ksero A4 5 ryz 1224.21 23% 1505.78
Toner do drukarki HP 2005.14 23% 2466.32
Kawa ziarnista Arabica 1kg 2062.16 23% 2536.46
Razem Netto: 5291.51 PLN
Razem VAT: 1217.05 PLN
DO ZAPLATY: 6508.56 PLN",OFFICE_SUPPLIES
faktura_770.pdf,5261040828,"FAKTURA VAT: FV/1995/8412
Data wystawienia: 2026-05-26
SPRZEDAWCA:
Nazwa: Orlen Paliwa Sp. z o.o.
NIP: 5261040828
Pozycja Netto [PLN] VAT Brutto [PLN]
Olej napndowy Verva 2377.34 23% 2924.13
Opnata autostradowa A2 375.14 23% 461.42
Benzyna Pb95 774.69 23% 952.87
Razem Netto: 3527.17 PLN
Razem VAT: 811.25 PLN
DO ZAPLATY: 4338.42 PLN",TRAVEL_FLEET
faktura_771.pdf,1234567890,"FAKTURA VAT: FV/1975/2486
Data wystawienia: 2026-09-23
SPRZEDAWCA:
Nazwa: Amazon Web Services EMEA
NIP: 1234567890
Pozycja Netto [PLN] VAT Brutto [PLN]
Domena internetowa 2151.91 23% 2646.85
Razem Netto: 2151.91 PLN
Razem VAT: 494.94 PLN
DO ZAPLATY: 2646.85 PLN",IT_SERVICES
faktura_772.pdf,2525128686,"FAKTURA VAT: FV/2015/1399
Data wystawienia: 2026-07-29
SPRZEDAWCA:
Nazwa: Rode-Kutnik i syn s.c.
NIP: 2525128686
Pozycja Netto [PLN] VAT Brutto [PLN]
Segregator biurowy 503.12 23% 618.84
Razem Netto: 503.12 PLN
Razem VAT: 115.72 PLN
DO ZAPLATY: 618.84 PLN",OFFICE_SUPPLIES
faktura_773.pdf,5261040828,"FAKTURA VAT: FV/1970/7068
Data wystawienia: 2026-01-09
SPRZEDAWCA:
Nazwa: Orlen Paliwa Sp. z o.o.
NIP: 5261040828
Pozycja Netto [PLN] VAT Brutto [PLN]
Olej napndowy Verva 1350.75 23% 1661.42
Benzyna Pb95 776.65 23% 955.28
Opnata autostradowa A2 1894.58 23% 2330.33
Razem Netto: 4021.98 PLN
Razem VAT: 925.05 PLN
DO ZAPLATY: 4947.03 PLN",TRAVEL_FLEET
faktura_774.pdf,5213456789,"FAKTURA VAT: FV/1990/9887
Data wystawienia: 2026-06-29
SPRZEDAWCA:
Nazwa: Dell Polska Sp. z o.o.
NIP: 5213456789
Pozycja Netto [PLN] VAT Brutto [PLN]
Monitor Dell 27 cali 1852.61 23% 2278.71
Laptop Lenovo ThinkPad 184.29 23% 226.68
Klawiatura mechaniczna 2366.04 23% 2910.23
Razem Netto: 4402.94 PLN
Razem VAT: 1012.68 PLN
DO ZAPLATY: 5415.62 PLN",IT_HARDWARE
faktura_775.pdf,6058633750,"FAKTURA VAT: FV/2015/6963
Data wystawienia: 2026-07-31
SPRZEDAWCA:
Nazwa: Giec-Kolarz Sp.k.
NIP: 6058633750
Pozycja Netto [PLN] VAT Brutto [PLN]
Opnata autostradowa A2 1566.88 23% 1927.26
Benzyna Pb95 945.65 23% 1163.15
Razem Netto: 2512.53 PLN
Razem VAT: 577.88 PLN
DO ZAPLATY: 3090.41 PLN",TRAVEL_FLEET
faktura_776.pdf,5261040828,"FAKTURA VAT: FV/2022/3871
Data wystawienia: 2026-02-13
SPRZEDAWCA:
Nazwa: Orlen Paliwa Sp. z o.o.
NIP: 5261040828
Pozycja Netto [PLN] VAT Brutto [PLN]
Benzyna Pb95 634.65 23% 780.62
Olej napndowy Verva 328.22 23% 403.71
Hotel Warszawa doba 1222.31 23% 1503.44
Razem Netto: 2185.18 PLN
Razem VAT: 502.59 PLN
DO ZAPLATY: 2687.77 PLN",TRAVEL_FLEET
faktura_777.pdf,5213456789,"FAKTURA VAT: FV/1972/4437
Data wystawienia: 2026-09-14
SPRZEDAWCA:
Nazwa: Dell Polska Sp. z o.o.
NIP: 5213456789
Pozycja Netto [PLN] VAT Brutto [PLN]
Laptop Lenovo ThinkPad 1283.74 23% 1579.00
Klawiatura mechaniczna 1086.18 23% 1336.00
Razem Netto: 2369.92 PLN
Razem VAT: 545.08 PLN
DO ZAPLATY: 2915.00 PLN",IT_HARDWARE
faktura_778.pdf,1234567890,"FAKTURA VAT: FV/1998/1892
Data wystawienia: 2026-08-27
SPRZEDAWCA:
Nazwa: Amazon Web Services EMEA
NIP: 1234567890
Pozycja Netto [PLN] VAT Brutto [PLN]
Domena internetowa 1340.37 23% 1648.66
Licencja JetBrains 350.64 23% 431.29
Razem Netto: 1691.01 PLN
Razem VAT: 388.94 PLN
DO ZAPLATY: 2079.95 PLN",IT_SERVICES
faktura_779.pdf,1234567890,"FAKTURA VAT: FV/2022/9714
Data wystawienia: 2026-01-07
SPRZEDAWCA:
Nazwa: Amazon Web Services EMEA
NIP: 1234567890
Pozycja Netto [PLN] VAT Brutto [PLN]
Licencja JetBrains 2366.15 23% 2910.36
Domena internetowa 2031.55 23% 2498.81
Razem Netto: 4397.70 PLN
Razem VAT: 1011.47 PLN
DO ZAPLATY: 5409.17 PLN",IT_SERVICES
faktura_780.pdf,9876543210,"FAKTURA VAT: FV/1986/2075
Data wystawienia: 2026-03-22
SPRZEDAWCA:
Nazwa: Biuromax Artykuny Biurowe
NIP: 9876543210
Pozycja Netto [PLN] VAT Brutto [PLN]
Papier ksero A4 5 ryz 1007.17 23% 1238.82
Razem Netto: 1007.17 PLN
Razem VAT: 231.65 PLN
DO ZAPLATY: 1238.82 PLN",OFFICE_SUPPLIES
faktura_781.pdf,5261040828,"FAKTURA VAT: FV/1974/3929
Data wystawienia: 2026-02-09
SPRZEDAWCA:
Nazwa: Orlen Paliwa Sp. z o.o.
NIP: 5261040828
Pozycja Netto [PLN] VAT Brutto [PLN]
Benzyna Pb95 726.06 23% 893.05
Razem Netto: 726.06 PLN
Razem VAT: 166.99 PLN
DO ZAPLATY: 893.05 PLN",TRAVEL_FLEET
faktura_782.pdf,5213456789,"FAKTURA VAT: FV/2010/3424
Data wystawienia: 2026-01-14
SPRZEDAWCA:
Nazwa: Dell Polska Sp. z o.o.
NIP: 5213456789
Pozycja Netto [PLN] VAT Brutto [PLN]
Monitor Dell 27 cali 2425.46 23% 2983.32
Klawiatura mechaniczna 1376.52 23% 1693.12
Laptop Lenovo ThinkPad 373.47 23% 459.37
Razem Netto: 4175.45 PLN
Razem VAT: 960.36 PLN
DO ZAPLATY: 5135.81 PLN",IT_HARDWARE
faktura_783.pdf,5261040828,"FAKTURA VAT: FV/2000/6680
Data wystawienia: 2026-08-21
SPRZEDAWCA:
Nazwa: Orlen Paliwa Sp. z o.o.
NIP: 5261040828
Pozycja Netto [PLN] VAT Brutto [PLN]
Benzyna Pb95 103.99 23% 127.91
Olej napndowy Verva 2014.87 23% 2478.29
Razem Netto: 2118.86 PLN
Razem VAT: 487.34 PLN
DO ZAPLATY: 2606.20 PLN",TRAVEL_FLEET
faktura_784.pdf,9876543210,"FAKTURA VAT: FV/2015/9513
Data wystawienia: 2026-01-19
SPRZEDAWCA:
Nazwa: Biuromax Artykuny Biurowe
NIP: 9876543210
Pozycja Netto [PLN] VAT Brutto [PLN]
Kawa ziarnista Arabica 1kg 1241.06 23% 1526.50
Segregator biurowy 1681.35 23% 2068.06
Toner do drukarki HP 1348.91 23% 1659.16
Razem Netto: 4271.32 PLN
Razem VAT: 982.40 PLN
DO ZAPLATY: 5253.72 PLN",OFFICE_SUPPLIES
faktura_785.pdf,1234567890,"FAKTURA VAT: FV/1986/9986
Data wystawienia: 2026-01-18
SPRZEDAWCA:
Nazwa: Amazon Web Services EMEA
NIP: 1234567890
Pozycja Netto [PLN] VAT Brutto [PLN]
Subskrypcja Azure Cloud 1983.71 23% 2439.96
Domena internetowa 605.62 23% 744.91
Hosting serwera VPS 961.16 23% 1182.23
Razem Netto: 3550.49 PLN
Razem VAT: 816.61 PLN
DO ZAPLATY: 4367.10 PLN",IT_SERVICES
faktura_786.pdf,5261040828,"FAKTURA VAT: FV/1997/5720
Data wystawienia: 2026-06-20
SPRZEDAWCA:
Nazwa: Orlen Paliwa Sp. z o.o.
NIP: 5261040828
Pozycja Netto [PLN] VAT Brutto [PLN]
Opnata autostradowa A2 746.74 23% 918.49
Razem Netto: 746.74 PLN
Razem VAT: 171.75 PLN
DO ZAPLATY: 918.49 PLN",TRAVEL_FLEET
faktura_787.pdf,5213456789,"FAKTURA VAT: FV/1985/3725
Data wystawienia: 2026-07-29
SPRZEDAWCA:
Nazwa: Dell Polska Sp. z o.o.
NIP: 5213456789
Pozycja Netto [PLN] VAT Brutto [PLN]
Laptop Lenovo ThinkPad 2106.36 23% 2590.82
Monitor Dell 27 cali 1747.51 23% 2149.44
Kabel USB-C 1682.57 23% 2069.56
Razem Netto: 5536.44 PLN
Razem VAT: 1273.38 PLN
DO ZAPLATY: 6809.82 PLN",IT_HARDWARE
faktura_788.pdf,5261040828,"FAKTURA VAT: FV/1984/3514
Data wystawienia: 2026-01-22
SPRZEDAWCA:
Nazwa: Orlen Paliwa Sp. z o.o.
NIP: 5261040828
Pozycja Netto [PLN] VAT Brutto [PLN]
Opnata autostradowa A2 1457.59 23% 1792.84
Razem Netto: 1457.59 PLN
Razem VAT: 335.25 PLN
DO ZAPLATY: 1792.84 PLN",TRAVEL_FLEET
faktura_789.pdf,5213456789,"FAKTURA VAT: FV/1979/8223
Data wystawienia: 2026-07-15
SPRZEDAWCA:
Nazwa: Dell Polska Sp. z o.o.
NIP: 5213456789
Pozycja Netto [PLN] VAT Brutto [PLN]
Monitor Dell 27 cali 1680.61 23% 2067.15
Razem Netto: 1680.61 PLN
Razem VAT: 386.54 PLN
DO ZAPLATY: 2067.15 PLN",IT_HARDWARE
faktura_790.pdf,9876543210,"FAKTURA VAT: FV/1989/6633
Data wystawienia: 2026-04-01
SPRZEDAWCA:
Nazwa: Biuromax Artykuny Biurowe
NIP: 9876543210
Pozycja Netto [PLN] VAT Brutto [PLN]
Toner do drukarki HP 347.65 23% 427.61
Kawa ziarnista Arabica 1kg 111.07 23% 136.62
Segregator biurowy 2331.12 23% 2867.28
Razem Netto: 2789.84 PLN
Razem VAT: 641.67 PLN
DO ZAPLATY: 3431.51 PLN",OFFICE_SUPPLIES
faktura_791.pdf,4829953429,"FAKTURA VAT: FV/2025/3381
Data wystawienia: 2026-08-12
SPRZEDAWCA:
Nazwa: Spóndzielnia Stroka-Mendyka Sp. z o.o. Sp.k.
NIP: 4829953429
Pozycja Netto [PLN] VAT Brutto [PLN]
Hosting serwera VPS 2426.87 23% 2985.05
Razem Netto: 2426.87 PLN
Razem VAT: 558.18 PLN
DO ZAPLATY: 2985.05 PLN",IT_SERVICES
faktura_792.pdf,8142687057,"FAKTURA VAT: FV/1974/9948
Data wystawienia: 2026-08-05
SPRZEDAWCA:
Nazwa: Gabinety Knosiewicz Sp. z o.o. Sp.k.
NIP: 8142687057
Pozycja Netto [PLN] VAT Brutto [PLN]
Licencja JetBrains 2425.53 23% 2983.40
Subskrypcja Azure Cloud 1897.70 23% 2334.17
Domena internetowa 2485.46 23% 3057.12
Razem Netto: 6808.69 PLN
Razem VAT: 1566.00 PLN
DO ZAPLATY: 8374.69 PLN",IT_SERVICES
faktura_793.pdf,9876543210,"FAKTURA VAT: FV/2017/3409
Data wystawienia: 2026-06-11
SPRZEDAWCA:
Nazwa: Biuromax Artykuny Biurowe
NIP: 9876543210
Pozycja Netto [PLN] VAT Brutto [PLN]
Papier ksero A4 5 ryz 1223.50 23% 1504.91
Kawa ziarnista Arabica 1kg 148.20 23% 182.29
Razem Netto: 1371.70 PLN
Razem VAT: 315.50 PLN
DO ZAPLATY: 1687.20 PLN",OFFICE_SUPPLIES
faktura_794.pdf,9876543210,"FAKTURA VAT: FV/1997/2914
Data wystawienia: 2026-02-27
SPRZEDAWCA:
Nazwa: Biuromax Artykuny Biurowe
NIP: 9876543210
Pozycja Netto [PLN] VAT Brutto [PLN]
Toner do drukarki HP 276.58 23% 340.19
Segregator biurowy 184.83 23% 227.34
Kawa ziarnista Arabica 1kg 1621.22 23% 1994.10
Razem Netto: 2082.63 PLN
Razem VAT: 479.00 PLN
DO ZAPLATY: 2561.63 PLN",OFFICE_SUPPLIES
faktura_795.pdf,1234567890,"FAKTURA VAT: FV/1990/9625
Data wystawienia: 2026-05-27
SPRZEDAWCA:
Nazwa: Amazon Web Services EMEA
NIP: 1234567890
Pozycja Netto [PLN] VAT Brutto [PLN]
Hosting serwera VPS 254.79 23% 313.39
Razem Netto: 254.79 PLN
Razem VAT: 58.60 PLN
DO ZAPLATY: 313.39 PLN",IT_SERVICES
faktura_796.pdf,5261040828,"FAKTURA VAT: FV/1982/8298
Data wystawienia: 2026-07-28
SPRZEDAWCA:
Nazwa: Orlen Paliwa Sp. z o.o.
NIP: 5261040828
Pozycja Netto [PLN] VAT Brutto [PLN]
Hotel Warszawa doba 828.51 23% 1019.07
Olej napndowy Verva 1532.44 23% 1884.90
Benzyna Pb95 2361.34 23% 2904.45
Razem Netto: 4722.29 PLN
Razem VAT: 1086.13 PLN
DO ZAPLATY: 5808.42 PLN",TRAVEL_FLEET
faktura_797.pdf,9876543210,"FAKTURA VAT: FV/2002/6915
Data wystawienia: 2026-04-04
SPRZEDAWCA:
Nazwa: Biuromax Artykuny Biurowe
NIP: 9876543210
Pozycja Netto [PLN] VAT Brutto [PLN]
Segregator biurowy 79.87 23% 98.24
Toner do drukarki HP 895.05 23% 1100.91
Razem Netto: 974.92 PLN
Razem VAT: 224.23 PLN
DO ZAPLATY: 1199.15 PLN",OFFICE_SUPPLIES
faktura_798.pdf,9562708660,"FAKTURA VAT: FV/1985/6047
Data wystawienia: 2026-04-27
SPRZEDAWCA:
Nazwa: PPUH Dnbrowicz-Wódka S.A.
NIP: 9562708660
Pozycja Netto [PLN] VAT Brutto [PLN]
Hotel Warszawa doba 1866.74 23% 2296.09
Razem Netto: 1866.74 PLN
Razem VAT: 429.35 PLN
DO ZAPLATY: 2296.09 PLN",TRAVEL_FLEET
faktura_799.pdf,1234567890,"FAKTURA VAT: FV/1987/7809
Data wystawienia: 2026-03-20
SPRZEDAWCA:
Nazwa: Amazon Web Services EMEA
NIP: 1234567890
Pozycja Netto [PLN] VAT Brutto [PLN]
Domena internetowa 1835.08 23% 2257.15
Razem Netto: 1835.08 PLN
Razem VAT: 422.07 PLN
DO ZAPLATY: 2257.15 PLN",IT_SERVICES
faktura_800.pdf,5261040828,"FAKTURA VAT: FV/1992/7786
Data wystawienia: 2026-09-09
SPRZEDAWCA:
Nazwa: Orlen Paliwa Sp. z o.o.
NIP: 5261040828
Pozycja Netto [PLN] VAT Brutto [PLN]
Benzyna Pb95 792.92 23% 975.29
Razem Netto: 792.92 PLN
Razem VAT: 182.37 PLN
DO ZAPLATY: 975.29 PLN",TRAVEL_FLEET
faktura_801.pdf,5441830466,"FAKTURA VAT: FV/1975/9606
Data wystawienia: 2026-06-24
SPRZEDAWCA:
Nazwa: PPUH Kotlarek-Czerniakiewicz Sp. z o.o.
NIP: 5441830466
Pozycja Netto [PLN] VAT Brutto [PLN]
Hotel Warszawa doba 1053.18 23% 1295.41
Olej napndowy Verva 2290.31 23% 2817.08
Opnata autostradowa A2 1065.56 23% 1310.64
Razem Netto: 4409.05 PLN
Razem VAT: 1014.08 PLN
DO ZAPLATY: 5423.13 PLN",TRAVEL_FLEET
faktura_802.pdf,5213456789,"FAKTURA VAT: FV/1982/8571
Data wystawienia: 2026-08-17
SPRZEDAWCA:
Nazwa: Dell Polska Sp. z o.o.
NIP: 5213456789
Pozycja Netto [PLN] VAT Brutto [PLN]
Klawiatura mechaniczna 2089.10 23% 2569.59
Razem Netto: 2089.10 PLN
Razem VAT: 480.49 PLN
DO ZAPLATY: 2569.59 PLN",IT_HARDWARE
faktura_803.pdf,5261040828,"FAKTURA VAT: FV/2019/5742
Data wystawienia: 2026-09-18
SPRZEDAWCA:
Nazwa: Orlen Paliwa Sp. z o.o.
NIP: 5261040828
Pozycja Netto [PLN] VAT Brutto [PLN]
Opnata autostradowa A2 1420.24 23% 1746.90
Benzyna Pb95 1185.46 23% 1458.12
Razem Netto: 2605.70 PLN
Razem VAT: 599.32 PLN
DO ZAPLATY: 3205.02 PLN",TRAVEL_FLEET
faktura_804.pdf,5213456789,"FAKTURA VAT: FV/2008/1439
Data wystawienia: 2026-03-26
SPRZEDAWCA:
Nazwa: Dell Polska Sp. z o.o.
NIP: 5213456789
Pozycja Netto [PLN] VAT Brutto [PLN]
Laptop Lenovo ThinkPad 2093.90 23% 2575.50
Kabel USB-C 1207.73 23% 1485.51
Razem Netto: 3301.63 PLN
Razem VAT: 759.38 PLN
DO ZAPLATY: 4061.01 PLN",IT_HARDWARE
faktura_805.pdf,9876543210,"FAKTURA VAT: FV/2002/5713
Data wystawienia: 2026-03-23
SPRZEDAWCA:
Nazwa: Biuromax Artykuny Biurowe
NIP: 9876543210
Pozycja Netto [PLN] VAT Brutto [PLN]
Toner do drukarki HP 1923.56 23% 2365.98
Papier ksero A4 5 ryz 1257.97 23% 1547.30
Kawa ziarnista Arabica 1kg 2428.03 23% 2986.48
Razem Netto: 5609.56 PLN
Razem VAT: 1290.20 PLN
DO ZAPLATY: 6899.76 PLN",OFFICE_SUPPLIES
faktura_806.pdf,9876543210,"FAKTURA VAT: FV/1992/6927
Data wystawienia: 2026-04-28
SPRZEDAWCA:
Nazwa: Biuromax Artykuny Biurowe
NIP: 9876543210
Pozycja Netto [PLN] VAT Brutto [PLN]
Segregator biurowy 2054.79 23% 2527.39
Kawa ziarnista Arabica 1kg 964.35 23% 1186.15
Razem Netto: 3019.14 PLN
Razem VAT: 694.40 PLN
DO ZAPLATY: 3713.54 PLN",OFFICE_SUPPLIES
faktura_807.pdf,5213456789,"FAKTURA VAT: FV/1971/1287
Data wystawienia: 2026-03-24
SPRZEDAWCA:
Nazwa: Dell Polska Sp. z o.o.
NIP: 5213456789
Pozycja Netto [PLN] VAT Brutto [PLN]
Monitor Dell 27 cali 1179.56 23% 1450.86
Kabel USB-C 1748.54 23% 2150.70
Klawiatura mechaniczna 925.59 23% 1138.48
Razem Netto: 3853.69 PLN
Razem VAT: 886.35 PLN
DO ZAPLATY: 4740.04 PLN",IT_HARDWARE
faktura_808.pdf,9876543210,"FAKTURA VAT: FV/1982/1866
Data wystawienia: 2026-02-15
SPRZEDAWCA:
Nazwa: Biuromax Artykuny Biurowe
NIP: 9876543210
Pozycja Netto [PLN] VAT Brutto [PLN]
Kawa ziarnista Arabica 1kg 764.58 23% 940.43
Papier ksero A4 5 ryz 1615.42 23% 1986.97
Toner do drukarki HP 238.23 23% 293.02
Razem Netto: 2618.23 PLN
Razem VAT: 602.19 PLN
DO ZAPLATY: 3220.42 PLN",OFFICE_SUPPLIES
faktura_809.pdf,5213456789,"FAKTURA VAT: FV/2020/4175
Data wystawienia: 2026-07-05
SPRZEDAWCA:
Nazwa: Dell Polska Sp. z o.o.
NIP: 5213456789
Pozycja Netto [PLN] VAT Brutto [PLN]
Klawiatura mechaniczna 1382.10 23% 1699.98
Razem Netto: 1382.10 PLN
Razem VAT: 317.88 PLN
DO ZAPLATY: 1699.98 PLN",IT_HARDWARE
faktura_810.pdf,1234567890,"FAKTURA VAT: FV/1986/6180
Data wystawienia: 2026-09-28
SPRZEDAWCA:
Nazwa: Amazon Web Services EMEA
NIP: 1234567890
Pozycja Netto [PLN] VAT Brutto [PLN]
Licencja JetBrains 1359.33 23% 1671.98
Hosting serwera VPS 911.49 23% 1121.13
Razem Netto: 2270.82 PLN
Razem VAT: 522.29 PLN
DO ZAPLATY: 2793.11 PLN",IT_SERVICES
faktura_811.pdf,1234567890,"FAKTURA VAT: FV/2011/3354
Data wystawienia: 2026-03-21
SPRZEDAWCA:
Nazwa: Amazon Web Services EMEA
NIP: 1234567890
Pozycja Netto [PLN] VAT Brutto [PLN]
Domena internetowa 883.77 23% 1087.04
Subskrypcja Azure Cloud 2281.43 23% 2806.16
Razem Netto: 3165.20 PLN
Razem VAT: 728.00 PLN
DO ZAPLATY: 3893.20 PLN",IT_SERVICES
faktura_812.pdf,5213456789,"FAKTURA VAT: FV/1996/2678
Data wystawienia: 2026-04-03
SPRZEDAWCA:
Nazwa: Dell Polska Sp. z o.o.
NIP: 5213456789
Pozycja Netto [PLN] VAT Brutto [PLN]
Monitor Dell 27 cali 1072.50 23% 1319.18
Razem Netto: 1072.50 PLN
Razem VAT: 246.68 PLN
DO ZAPLATY: 1319.18 PLN",IT_HARDWARE
faktura_813.pdf,5213456789,"FAKTURA VAT: FV/2007/2251
Data wystawienia: 2026-05-05
SPRZEDAWCA:
Nazwa: Dell Polska Sp. z o.o.
NIP: 5213456789
Pozycja Netto [PLN] VAT Brutto [PLN]
Kabel USB-C 903.11 23% 1110.83
Razem Netto: 903.11 PLN
Razem VAT: 207.72 PLN
DO ZAPLATY: 1110.83 PLN",IT_HARDWARE
faktura_814.pdf,9876543210,"FAKTURA VAT: FV/2022/6940
Data wystawienia: 2026-04-20
SPRZEDAWCA:
Nazwa: Biuromax Artykuny Biurowe
NIP: 9876543210
Pozycja Netto [PLN] VAT Brutto [PLN]
Kawa ziarnista Arabica 1kg 120.46 23% 148.17
Papier ksero A4 5 ryz 2045.71 23% 2516.22
Toner do drukarki HP 594.78 23% 731.58
Razem Netto: 2760.95 PLN
Razem VAT: 635.02 PLN
DO ZAPLATY: 3395.97 PLN",OFFICE_SUPPLIES
faktura_815.pdf,1234567890,"FAKTURA VAT: FV/1995/3332
Data wystawienia: 2026-07-01
SPRZEDAWCA:
Nazwa: Amazon Web Services EMEA
NIP: 1234567890
Pozycja Netto [PLN] VAT Brutto [PLN]
Subskrypcja Azure Cloud 369.03 23% 453.91
Razem Netto: 369.03 PLN
Razem VAT: 84.88 PLN
DO ZAPLATY: 453.91 PLN",IT_SERVICES
faktura_816.pdf,5261040828,"FAKTURA VAT: FV/2006/2287
Data wystawienia: 2026-09-09
SPRZEDAWCA:
Nazwa: Orlen Paliwa Sp. z o.o.
NIP: 5261040828
Pozycja Netto [PLN] VAT Brutto [PLN]
Olej napndowy Verva 1948.00 23% 2396.04
Razem Netto: 1948.00 PLN
Razem VAT: 448.04 PLN
DO ZAPLATY: 2396.04 PLN",TRAVEL_FLEET
faktura_817.pdf,5261040828,"FAKTURA VAT: FV/1994/8065
Data wystawienia: 2026-04-30
SPRZEDAWCA:
Nazwa: Orlen Paliwa Sp. z o.o.
NIP: 5261040828
Pozycja Netto [PLN] VAT Brutto [PLN]
Olej napndowy Verva 1199.25 23% 1475.08
Razem Netto: 1199.25 PLN
Razem VAT: 275.83 PLN
DO ZAPLATY: 1475.08 PLN",TRAVEL_FLEET
faktura_818.pdf,1234567890,"FAKTURA VAT: FV/1987/5145
Data wystawienia: 2026-05-20
SPRZEDAWCA:
Nazwa: Amazon Web Services EMEA
NIP: 1234567890
Pozycja Netto [PLN] VAT Brutto [PLN]
Hosting serwera VPS 2304.24 23% 2834.22
Domena internetowa 553.23 23% 680.47
Licencja JetBrains 2257.88 23% 2777.19
Razem Netto: 5115.35 PLN
Razem VAT: 1176.53 PLN
DO ZAPLATY: 6291.88 PLN",IT_SERVICES
faktura_819.pdf,5261040828,"FAKTURA VAT: FV/2004/4027
Data wystawienia: 2026-07-13
SPRZEDAWCA:
Nazwa: Orlen Paliwa Sp. z o.o.
NIP: 5261040828
Pozycja Netto [PLN] VAT Brutto [PLN]
Benzyna Pb95 2122.36 23% 2610.50
Razem Netto: 2122.36 PLN
Razem VAT: 488.14 PLN
DO ZAPLATY: 2610.50 PLN",TRAVEL_FLEET
faktura_820.pdf,9737535566,"FAKTURA VAT: FV/2001/5544
Data wystawienia: 2026-02-08
SPRZEDAWCA:
Nazwa: Zbronek i syn s.c.
NIP: 9737535566
Pozycja Netto [PLN] VAT Brutto [PLN]
Subskrypcja Azure Cloud 1962.97 23% 2414.45
Licencja JetBrains 1551.74 23% 1908.64
Razem Netto: 3514.71 PLN
Razem VAT: 808.38 PLN
DO ZAPLATY: 4323.09 PLN",IT_SERVICES
faktura_821.pdf,5261040828,"FAKTURA VAT: FV/1985/9272
Data wystawienia: 2026-02-26
SPRZEDAWCA:
Nazwa: Orlen Paliwa Sp. z o.o.
NIP: 5261040828
Pozycja Netto [PLN] VAT Brutto [PLN]
Olej napndowy Verva 1803.74 23% 2218.60
Opnata autostradowa A2 2412.45 23% 2967.31
Hotel Warszawa doba 470.84 23% 579.13
Razem Netto: 4687.03 PLN
Razem VAT: 1078.01 PLN
DO ZAPLATY: 5765.04 PLN",TRAVEL_FLEET
faktura_822.pdf,5261040828,"FAKTURA VAT: FV/1971/9800
Data wystawienia: 2026-04-12
SPRZEDAWCA:
Nazwa: Orlen Paliwa Sp. z o.o.
NIP: 5261040828
Pozycja Netto [PLN] VAT Brutto [PLN]
Hotel Warszawa doba 947.83 23% 1165.83
Razem Netto: 947.83 PLN
Razem VAT: 218.00 PLN
DO ZAPLATY: 1165.83 PLN",TRAVEL_FLEET
faktura_823.pdf,5261040828,"FAKTURA VAT: FV/2007/4033
Data wystawienia: 2026-08-15
SPRZEDAWCA:
Nazwa: Orlen Paliwa Sp. z o.o.
NIP: 5261040828
Pozycja Netto [PLN] VAT Brutto [PLN]
Opnata autostradowa A2 2454.19 23% 3018.65
Razem Netto: 2454.19 PLN
Razem VAT: 564.46 PLN
DO ZAPLATY: 3018.65 PLN",TRAVEL_FLEET
faktura_824.pdf,5213456789,"FAKTURA VAT: FV/2009/7948
Data wystawienia: 2026-06-12
SPRZEDAWCA:
Nazwa: Dell Polska Sp. z o.o.
NIP: 5213456789
Pozycja Netto [PLN] VAT Brutto [PLN]
Monitor Dell 27 cali 352.86 23% 434.02
Klawiatura mechaniczna 320.27 23% 393.93
Razem Netto: 673.13 PLN
Razem VAT: 154.82 PLN
DO ZAPLATY: 827.95 PLN",IT_HARDWARE
faktura_825.pdf,1234567890,"FAKTURA VAT: FV/1990/3226
Data wystawienia: 2026-03-01
SPRZEDAWCA:
Nazwa: Amazon Web Services EMEA
NIP: 1234567890
Pozycja Netto [PLN] VAT Brutto [PLN]
Licencja JetBrains 251.51 23% 309.36
Domena internetowa 1259.60 23% 1549.31
Hosting serwera VPS 992.71 23% 1221.03
Razem Netto: 2503.82 PLN
Razem VAT: 575.88 PLN
DO ZAPLATY: 3079.70 PLN",IT_SERVICES
faktura_826.pdf,1234567890,"FAKTURA VAT: FV/1983/8486
Data wystawienia: 2026-05-09
SPRZEDAWCA:
Nazwa: Amazon Web Services EMEA
NIP: 1234567890
Pozycja Netto [PLN] VAT Brutto [PLN]
Domena internetowa 761.94 23% 937.19
Hosting serwera VPS 2145.65 23% 2639.15
Subskrypcja Azure Cloud 512.52 23% 630.40
Razem Netto: 3420.11 PLN
Razem VAT: 786.63 PLN
DO ZAPLATY: 4206.74 PLN",IT_SERVICES
faktura_827.pdf,7793785470,"FAKTURA VAT: FV/1985/2140
Data wystawienia: 2026-05-28
SPRZEDAWCA:
Nazwa: Fundacja Moron Sp.k.
NIP: 7793785470
Pozycja Netto [PLN] VAT Brutto [PLN]
Kawa ziarnista Arabica 1kg 2496.87 23% 3071.15
Papier ksero A4 5 ryz 1254.54 23% 1543.08
Segregator biurowy 307.67 23% 378.43
Razem Netto: 4059.08 PLN
Razem VAT: 933.58 PLN
DO ZAPLATY: 4992.66 PLN",OFFICE_SUPPLIES
faktura_828.pdf,5261040828,"FAKTURA VAT: FV/2024/8177
Data wystawienia: 2026-05-17
SPRZEDAWCA:
Nazwa: Orlen Paliwa Sp. z o.o.
NIP: 5261040828
Pozycja Netto [PLN] VAT Brutto [PLN]
Benzyna Pb95 1017.29 23% 1251.27
Razem Netto: 1017.29 PLN
Razem VAT: 233.98 PLN
DO ZAPLATY: 1251.27 PLN",TRAVEL_FLEET
faktura_829.pdf,5213456789,"FAKTURA VAT: FV/1981/2666
Data wystawienia: 2026-02-24
SPRZEDAWCA:
Nazwa: Dell Polska Sp. z o.o.
NIP: 5213456789
Pozycja Netto [PLN] VAT Brutto [PLN]
Laptop Lenovo ThinkPad 2439.26 23% 3000.29
Razem Netto: 2439.26 PLN
Razem VAT: 561.03 PLN
DO ZAPLATY: 3000.29 PLN",IT_HARDWARE
faktura_830.pdf,9876543210,"FAKTURA VAT: FV/2019/6548
Data wystawienia: 2026-08-01
SPRZEDAWCA:
Nazwa: Biuromax Artykuny Biurowe
NIP: 9876543210
Pozycja Netto [PLN] VAT Brutto [PLN]
Toner do drukarki HP 2103.37 23% 2587.15
Razem Netto: 2103.37 PLN
Razem VAT: 483.78 PLN
DO ZAPLATY: 2587.15 PLN",OFFICE_SUPPLIES
faktura_831.pdf,1234567890,"FAKTURA VAT: FV/2003/9177
Data wystawienia: 2026-03-13
SPRZEDAWCA:
Nazwa: Amazon Web Services EMEA
NIP: 1234567890
Pozycja Netto [PLN] VAT Brutto [PLN]
Domena internetowa 1683.36 23% 2070.53
Subskrypcja Azure Cloud 2377.84 23% 2924.74
Licencja JetBrains 2469.43 23% 3037.40
Razem Netto: 6530.63 PLN
Razem VAT: 1502.04 PLN
DO ZAPLATY: 8032.67 PLN",IT_SERVICES
faktura_832.pdf,9876543210,"FAKTURA VAT: FV/2006/9379
Data wystawienia: 2026-09-07
SPRZEDAWCA:
Nazwa: Biuromax Artykuny Biurowe
NIP: 9876543210
Pozycja Netto [PLN] VAT Brutto [PLN]
Papier ksero A4 5 ryz 664.19 23% 816.95
Razem Netto: 664.19 PLN
Razem VAT: 152.76 PLN
DO ZAPLATY: 816.95 PLN",OFFICE_SUPPLIES
faktura_833.pdf,5213456789,"FAKTURA VAT: FV/1973/9147
Data wystawienia: 2026-07-23
SPRZEDAWCA:
Nazwa: Dell Polska Sp. z o.o.
NIP: 5213456789
Pozycja Netto [PLN] VAT Brutto [PLN]
Monitor Dell 27 cali 1857.61 23% 2284.86
Razem Netto: 1857.61 PLN
Razem VAT: 427.25 PLN
DO ZAPLATY: 2284.86 PLN",IT_HARDWARE
faktura_834.pdf,5261040828,"FAKTURA VAT: FV/1972/2117
Data wystawienia: 2026-01-29
SPRZEDAWCA:
Nazwa: Orlen Paliwa Sp. z o.o.
NIP: 5261040828
Pozycja Netto [PLN] VAT Brutto [PLN]
Hotel Warszawa doba 1531.23 23% 1883.41
Razem Netto: 1531.23 PLN
Razem VAT: 352.18 PLN
DO ZAPLATY: 1883.41 PLN",TRAVEL_FLEET
faktura_835.pdf,5261040828,"FAKTURA VAT: FV/2025/6356
Data wystawienia: 2026-09-17
SPRZEDAWCA:
Nazwa: Orlen Paliwa Sp. z o.o.
NIP: 5261040828
Pozycja Netto [PLN] VAT Brutto [PLN]
Hotel Warszawa doba 1992.19 23% 2450.39
Razem Netto: 1992.19 PLN
Razem VAT: 458.20 PLN
DO ZAPLATY: 2450.39 PLN",TRAVEL_FLEET
faktura_836.pdf,9876543210,"FAKTURA VAT: FV/1973/4308
Data wystawienia: 2026-01-03
SPRZEDAWCA:
Nazwa: Biuromax Artykuny Biurowe
NIP: 9876543210
Pozycja Netto [PLN] VAT Brutto [PLN]
Kawa ziarnista Arabica 1kg 891.86 23% 1096.99
Segregator biurowy 2156.20 23% 2652.13
Razem Netto: 3048.06 PLN
Razem VAT: 701.06 PLN
DO ZAPLATY: 3749.12 PLN",OFFICE_SUPPLIES
faktura_837.pdf,5261040828,"FAKTURA VAT: FV/1998/9955
Data wystawienia: 2026-02-23
SPRZEDAWCA:
Nazwa: Orlen Paliwa Sp. z o.o.
NIP: 5261040828
Pozycja Netto [PLN] VAT Brutto [PLN]
Olej napndowy Verva 1152.78 23% 1417.92
Benzyna Pb95 2139.54 23% 2631.63
Razem Netto: 3292.32 PLN
Razem VAT: 757.23 PLN
DO ZAPLATY: 4049.55 PLN",TRAVEL_FLEET
faktura_838.pdf,5261040828,"FAKTURA VAT: FV/2012/8250
Data wystawienia: 2026-03-31
SPRZEDAWCA:
Nazwa: Orlen Paliwa Sp. z o.o.
NIP: 5261040828
Pozycja Netto [PLN] VAT Brutto [PLN]
Opnata autostradowa A2 2217.52 23% 2727.55
Razem Netto: 2217.52 PLN
Razem VAT: 510.03 PLN
DO ZAPLATY: 2727.55 PLN",TRAVEL_FLEET
faktura_839.pdf,5213456789,"FAKTURA VAT: FV/1974/3689
Data wystawienia: 2026-02-28
SPRZEDAWCA:
Nazwa: Dell Polska Sp. z o.o.
NIP: 5213456789
Pozycja Netto [PLN] VAT Brutto [PLN]
Kabel USB-C 1921.83 23% 2363.85
Klawiatura mechaniczna 1443.70 23% 1775.75
Razem Netto: 3365.53 PLN
Razem VAT: 774.07 PLN
DO ZAPLATY: 4139.60 PLN",IT_HARDWARE
faktura_840.pdf,9876543210,"FAKTURA VAT: FV/1970/9037
Data wystawienia: 2026-03-26
SPRZEDAWCA:
Nazwa: Biuromax Artykuny Biurowe
NIP: 9876543210
Pozycja Netto [PLN] VAT Brutto [PLN]
Toner do drukarki HP 186.56 23% 229.47
Kawa ziarnista Arabica 1kg 695.31 23% 855.23
Razem Netto: 881.87 PLN
Razem VAT: 202.83 PLN
DO ZAPLATY: 1084.70 PLN",OFFICE_SUPPLIES
faktura_841.pdf,1234567890,"FAKTURA VAT: FV/2004/7189
Data wystawienia: 2026-06-27
SPRZEDAWCA:
Nazwa: Amazon Web Services EMEA
NIP: 1234567890
Pozycja Netto [PLN] VAT Brutto [PLN]
Licencja JetBrains 118.96 23% 146.32
Hosting serwera VPS 160.54 23% 197.46
Razem Netto: 279.50 PLN
Razem VAT: 64.28 PLN
DO ZAPLATY: 343.78 PLN",IT_SERVICES
faktura_842.pdf,5261040828,"FAKTURA VAT: FV/1995/7003
Data wystawienia: 2026-01-24
SPRZEDAWCA:
Nazwa: Orlen Paliwa Sp. z o.o.
NIP: 5261040828
Pozycja Netto [PLN] VAT Brutto [PLN]
Opnata autostradowa A2 1098.96 23% 1351.72
Benzyna Pb95 2480.27 23% 3050.73
Olej napndowy Verva 1059.23 23% 1302.85
Razem Netto: 4638.46 PLN
Razem VAT: 1066.84 PLN
DO ZAPLATY: 5705.30 PLN",TRAVEL_FLEET
faktura_843.pdf,5213456789,"FAKTURA VAT: FV/2012/1924
Data wystawienia: 2026-09-05
SPRZEDAWCA:
Nazwa: Dell Polska Sp. z o.o.
NIP: 5213456789
Pozycja Netto [PLN] VAT Brutto [PLN]
Laptop Lenovo ThinkPad 1501.70 23% 1847.09
Razem Netto: 1501.70 PLN
Razem VAT: 345.39 PLN
DO ZAPLATY: 1847.09 PLN",IT_HARDWARE
faktura_844.pdf,6727008869,"FAKTURA VAT: FV/2015/2073
Data wystawienia: 2026-08-28
SPRZEDAWCA:
Nazwa: Ruszczak s.c.
NIP: 6727008869
Pozycja Netto [PLN] VAT Brutto [PLN]
Benzyna Pb95 1369.12 23% 1684.02
Olej napndowy Verva 141.58 23% 174.14
Razem Netto: 1510.70 PLN
Razem VAT: 347.46 PLN
DO ZAPLATY: 1858.16 PLN",TRAVEL_FLEET
faktura_845.pdf,9876543210,"FAKTURA VAT: FV/2019/7921
Data wystawienia: 2026-04-17
SPRZEDAWCA:
Nazwa: Biuromax Artykuny Biurowe
NIP: 9876543210
Pozycja Netto [PLN] VAT Brutto [PLN]
Papier ksero A4 5 ryz 1200.76 23% 1476.93
Kawa ziarnista Arabica 1kg 104.48 23% 128.51
Razem Netto: 1305.24 PLN
Razem VAT: 300.20 PLN
DO ZAPLATY: 1605.44 PLN",OFFICE_SUPPLIES
faktura_846.pdf,9876543210,"FAKTURA VAT: FV/2006/6185
Data wystawienia: 2026-04-22
SPRZEDAWCA:
Nazwa: Biuromax Artykuny Biurowe
NIP: 9876543210
Pozycja Netto [PLN] VAT Brutto [PLN]
Papier ksero A4 5 ryz 295.14 23% 363.02
Toner do drukarki HP 1704.02 23% 2095.94
Razem Netto: 1999.16 PLN
Razem VAT: 459.80 PLN
DO ZAPLATY: 2458.96 PLN",OFFICE_SUPPLIES
faktura_847.pdf,1234567890,"FAKTURA VAT: FV/1971/6504
Data wystawienia: 2026-07-15
SPRZEDAWCA:
Nazwa: Amazon Web Services EMEA
NIP: 1234567890
Pozycja Netto [PLN] VAT Brutto [PLN]
Licencja JetBrains 940.17 23% 1156.41
Razem Netto: 940.17 PLN
Razem VAT: 216.24 PLN
DO ZAPLATY: 1156.41 PLN",IT_SERVICES
faktura_848.pdf,5261040828,"FAKTURA VAT: FV/2025/8143
Data wystawienia: 2026-09-19
SPRZEDAWCA:
Nazwa: Orlen Paliwa Sp. z o.o.
NIP: 5261040828
Pozycja Netto [PLN] VAT Brutto [PLN]
Benzyna Pb95 166.45 23% 204.73
Hotel Warszawa doba 2490.76 23% 3063.63
Opnata autostradowa A2 1034.97 23% 1273.01
Razem Netto: 3692.18 PLN
Razem VAT: 849.19 PLN
DO ZAPLATY: 4541.37 PLN",TRAVEL_FLEET
faktura_849.pdf,5261040828,"FAKTURA VAT: FV/1999/4700
Data wystawienia: 2026-03-11
SPRZEDAWCA:
Nazwa: Orlen Paliwa Sp. z o.o.
NIP: 5261040828
Pozycja Netto [PLN] VAT Brutto [PLN]
Olej napndowy Verva 719.74 23% 885.28
Opnata autostradowa A2 1437.75 23% 1768.43
Benzyna Pb95 1351.11 23% 1661.87
Razem Netto: 3508.60 PLN
Razem VAT: 806.98 PLN
DO ZAPLATY: 4315.58 PLN",TRAVEL_FLEET
faktura_850.pdf,5261040828,"FAKTURA VAT: FV/1977/7997
Data wystawienia: 2026-02-07
SPRZEDAWCA:
Nazwa: Orlen Paliwa Sp. z o.o.
NIP: 5261040828
Pozycja Netto [PLN] VAT Brutto [PLN]
Opnata autostradowa A2 1110.63 23% 1366.07
Hotel Warszawa doba 1372.87 23% 1688.63
Benzyna Pb95 540.19 23% 664.43
Razem Netto: 3023.69 PLN
Razem VAT: 695.44 PLN
DO ZAPLATY: 3719.13 PLN",TRAVEL_FLEET
faktura_851.pdf,9876543210,"FAKTURA VAT: FV/2005/7591
Data wystawienia: 2026-02-27
SPRZEDAWCA:
Nazwa: Biuromax Artykuny Biurowe
NIP: 9876543210
Pozycja Netto [PLN] VAT Brutto [PLN]
Toner do drukarki HP 1463.27 23% 1799.82
Papier ksero A4 5 ryz 571.73 23% 703.23
Kawa ziarnista Arabica 1kg 2407.19 23% 2960.84
Razem Netto: 4442.19 PLN
Razem VAT: 1021.70 PLN
DO ZAPLATY: 5463.89 PLN",OFFICE_SUPPLIES
faktura_852.pdf,9876543210,"FAKTURA VAT: FV/1986/8656
Data wystawienia: 2026-03-16
SPRZEDAWCA:
Nazwa: Biuromax Artykuny Biurowe
NIP: 9876543210
Pozycja Netto [PLN] VAT Brutto [PLN]
Papier ksero A4 5 ryz 942.47 23% 1159.24
Kawa ziarnista Arabica 1kg 411.97 23% 506.72
Segregator biurowy 418.66 23% 514.95
Razem Netto: 1773.10 PLN
Razem VAT: 407.81 PLN
DO ZAPLATY: 2180.91 PLN",OFFICE_SUPPLIES
faktura_853.pdf,9876543210,"FAKTURA VAT: FV/2012/5919
Data wystawienia: 2026-07-24
SPRZEDAWCA:
Nazwa: Biuromax Artykuny Biurowe
NIP: 9876543210
Pozycja Netto [PLN] VAT Brutto [PLN]
Papier ksero A4 5 ryz 548.72 23% 674.93
Kawa ziarnista Arabica 1kg 1060.47 23% 1304.38
Razem Netto: 1609.19 PLN
Razem VAT: 370.12 PLN
DO ZAPLATY: 1979.31 PLN",OFFICE_SUPPLIES
faktura_854.pdf,1234567890,"FAKTURA VAT: FV/1987/5702
Data wystawienia: 2026-05-18
SPRZEDAWCA:
Nazwa: Amazon Web Services EMEA
NIP: 1234567890
Pozycja Netto [PLN] VAT Brutto [PLN]
Subskrypcja Azure Cloud 328.22 23% 403.71
Domena internetowa 520.19 23% 639.83
Hosting serwera VPS 651.69 23% 801.58
Razem Netto: 1500.10 PLN
Razem VAT: 345.02 PLN
DO ZAPLATY: 1845.12 PLN",IT_SERVICES
faktura_855.pdf,9876543210,"FAKTURA VAT: FV/1988/6087
Data wystawienia: 2026-06-04
SPRZEDAWCA:
Nazwa: Biuromax Artykuny Biurowe
NIP: 9876543210
Pozycja Netto [PLN] VAT Brutto [PLN]
Papier ksero A4 5 ryz 440.43 23% 541.73
Segregator biurowy 384.26 23% 472.64
Razem Netto: 824.69 PLN
Razem VAT: 189.68 PLN
DO ZAPLATY: 1014.37 PLN",OFFICE_SUPPLIES
faktura_856.pdf,1234567890,"FAKTURA VAT: FV/1975/5233
Data wystawienia: 2026-05-25
SPRZEDAWCA:
Nazwa: Amazon Web Services EMEA
NIP: 1234567890
Pozycja Netto [PLN] VAT Brutto [PLN]
Subskrypcja Azure Cloud 2411.28 23% 2965.87
Licencja JetBrains 1240.31 23% 1525.58
Hosting serwera VPS 98.78 23% 121.50
Razem Netto: 3750.37 PLN
Razem VAT: 862.58 PLN
DO ZAPLATY: 4612.95 PLN",IT_SERVICES
faktura_857.pdf,1234567890,"FAKTURA VAT: FV/1997/2375
Data wystawienia: 2026-06-28
SPRZEDAWCA:
Nazwa: Amazon Web Services EMEA
NIP: 1234567890
Pozycja Netto [PLN] VAT Brutto [PLN]
Domena internetowa 2247.09 23% 2763.92
Razem Netto: 2247.09 PLN
Razem VAT: 516.83 PLN
DO ZAPLATY: 2763.92 PLN",IT_SERVICES
faktura_858.pdf,5213456789,"FAKTURA VAT: FV/2008/2479
Data wystawienia: 2026-04-05
SPRZEDAWCA:
Nazwa: Dell Polska Sp. z o.o.
NIP: 5213456789
Pozycja Netto [PLN] VAT Brutto [PLN]
Monitor Dell 27 cali 1448.88 23% 1782.12
Razem Netto: 1448.88 PLN
Razem VAT: 333.24 PLN
DO ZAPLATY: 1782.12 PLN",IT_HARDWARE
faktura_859.pdf,4611016765,"FAKTURA VAT: FV/2017/9196
Data wystawienia: 2026-03-29
SPRZEDAWCA:
Nazwa: Grupa Pochron Sp. z o.o.
NIP: 4611016765
Pozycja Netto [PLN] VAT Brutto [PLN]
Hosting serwera VPS 1519.56 23% 1869.06
Domena internetowa 1944.32 23% 2391.51
Razem Netto: 3463.88 PLN
Razem VAT: 796.69 PLN
DO ZAPLATY: 4260.57 PLN",IT_SERVICES
faktura_860.pdf,9876543210,"FAKTURA VAT: FV/2017/6134
Data wystawienia: 2026-03-08
SPRZEDAWCA:
Nazwa: Biuromax Artykuny Biurowe
NIP: 9876543210
Pozycja Netto [PLN] VAT Brutto [PLN]
Toner do drukarki HP 403.48 23% 496.28
Segregator biurowy 479.13 23% 589.33
Papier ksero A4 5 ryz 2426.31 23% 2984.36
Razem Netto: 3308.92 PLN
Razem VAT: 761.05 PLN
DO ZAPLATY: 4069.97 PLN",OFFICE_SUPPLIES
faktura_861.pdf,5261040828,"FAKTURA VAT: FV/1975/8200
Data wystawienia: 2026-07-14
SPRZEDAWCA:
Nazwa: Orlen Paliwa Sp. z o.o.
NIP: 5261040828
Pozycja Netto [PLN] VAT Brutto [PLN]
Opnata autostradowa A2 2374.34 23% 2920.44
Hotel Warszawa doba 825.40 23% 1015.24
Razem Netto: 3199.74 PLN
Razem VAT: 735.94 PLN
DO ZAPLATY: 3935.68 PLN",TRAVEL_FLEET
faktura_862.pdf,5213456789,"FAKTURA VAT: FV/1999/7943
Data wystawienia: 2026-09-08
SPRZEDAWCA:
Nazwa: Dell Polska Sp. z o.o.
NIP: 5213456789
Pozycja Netto [PLN] VAT Brutto [PLN]
Klawiatura mechaniczna 1214.29 23% 1493.58
Kabel USB-C 950.96 23% 1169.68
Razem Netto: 2165.25 PLN
Razem VAT: 498.01 PLN
DO ZAPLATY: 2663.26 PLN",IT_HARDWARE
faktura_863.pdf,5261040828,"FAKTURA VAT: FV/2023/6049
Data wystawienia: 2026-05-09
SPRZEDAWCA:
Nazwa: Orlen Paliwa Sp. z o.o.
NIP: 5261040828
Pozycja Netto [PLN] VAT Brutto [PLN]
Olej napndowy Verva 669.81 23% 823.87
Opnata autostradowa A2 992.49 23% 1220.76
Hotel Warszawa doba 1615.43 23% 1986.98
Razem Netto: 3277.73 PLN
Razem VAT: 753.88 PLN
DO ZAPLATY: 4031.61 PLN",TRAVEL_FLEET
faktura_864.pdf,7320339749,"FAKTURA VAT: FV/2008/6945
Data wystawienia: 2026-02-07
SPRZEDAWCA:
Nazwa: Wzintek Sp.k.
NIP: 7320339749
Pozycja Netto [PLN] VAT Brutto [PLN]
Benzyna Pb95 69.27 23% 85.20
Hotel Warszawa doba 2403.83 23% 2956.71
Opnata autostradowa A2 2322.39 23% 2856.54
Razem Netto: 4795.49 PLN
Razem VAT: 1102.96 PLN
DO ZAPLATY: 5898.45 PLN",TRAVEL_FLEET
faktura_865.pdf,5213456789,"FAKTURA VAT: FV/1989/5186
Data wystawienia: 2026-07-30
SPRZEDAWCA:
Nazwa: Dell Polska Sp. z o.o.
NIP: 5213456789
Pozycja Netto [PLN] VAT Brutto [PLN]
Klawiatura mechaniczna 2293.93 23% 2821.53
Monitor Dell 27 cali 1596.81 23% 1964.08
Razem Netto: 3890.74 PLN
Razem VAT: 894.87 PLN
DO ZAPLATY: 4785.61 PLN",IT_HARDWARE
faktura_866.pdf,1234567890,"FAKTURA VAT: FV/2008/7656
Data wystawienia: 2026-09-13
SPRZEDAWCA:
Nazwa: Amazon Web Services EMEA
NIP: 1234567890
Pozycja Netto [PLN] VAT Brutto [PLN]
Domena internetowa 1204.17 23% 1481.13
Razem Netto: 1204.17 PLN
Razem VAT: 276.96 PLN
DO ZAPLATY: 1481.13 PLN",IT_SERVICES
faktura_867.pdf,4770392618,"FAKTURA VAT: FV/1972/7765
Data wystawienia: 2026-03-11
SPRZEDAWCA:
Nazwa: Spóndzielnia Letkiewicz
NIP: 4770392618
Pozycja Netto [PLN] VAT Brutto [PLN]
Domena internetowa 1761.28 23% 2166.37
Hosting serwera VPS 1290.52 23% 1587.34
Licencja JetBrains 912.05 23% 1121.82
Razem Netto: 3963.85 PLN
Razem VAT: 911.68 PLN
DO ZAPLATY: 4875.53 PLN",IT_SERVICES
faktura_868.pdf,9876543210,"FAKTURA VAT: FV/1986/9973
Data wystawienia: 2026-08-09
SPRZEDAWCA:
Nazwa: Biuromax Artykuny Biurowe
NIP: 9876543210
Pozycja Netto [PLN] VAT Brutto [PLN]
Papier ksero A4 5 ryz 1593.88 23% 1960.47
Segregator biurowy 1988.00 23% 2445.24
Kawa ziarnista Arabica 1kg 383.43 23% 471.62
Razem Netto: 3965.31 PLN
Razem VAT: 912.02 PLN
DO ZAPLATY: 4877.33 PLN",OFFICE_SUPPLIES
faktura_869.pdf,1234567890,"FAKTURA VAT: FV/1996/7564
Data wystawienia: 2026-09-20
SPRZEDAWCA:
Nazwa: Amazon Web Services EMEA
NIP: 1234567890
Pozycja Netto [PLN] VAT Brutto [PLN]
Hosting serwera VPS 436.66 23% 537.09
Domena internetowa 1315.10 23% 1617.57
Razem Netto: 1751.76 PLN
Razem VAT: 402.90 PLN
DO ZAPLATY: 2154.66 PLN",IT_SERVICES
faktura_870.pdf,9876543210,"FAKTURA VAT: FV/2006/3131
Data wystawienia: 2026-05-09
SPRZEDAWCA:
Nazwa: Biuromax Artykuny Biurowe
NIP: 9876543210
Pozycja Netto [PLN] VAT Brutto [PLN]
Segregator biurowy 2190.09 23% 2693.81
Toner do drukarki HP 377.10 23% 463.83
Razem Netto: 2567.19 PLN
Razem VAT: 590.45 PLN
DO ZAPLATY: 3157.64 PLN",OFFICE_SUPPLIES
faktura_871.pdf,1234567890,"FAKTURA VAT: FV/1996/3842
Data wystawienia: 2026-02-24
SPRZEDAWCA:
Nazwa: Amazon Web Services EMEA
NIP: 1234567890
Pozycja Netto [PLN] VAT Brutto [PLN]
Subskrypcja Azure Cloud 1065.52 23% 1310.59
Hosting serwera VPS 495.63 23% 609.62
Razem Netto: 1561.15 PLN
Razem VAT: 359.06 PLN
DO ZAPLATY: 1920.21 PLN",IT_SERVICES
faktura_872.pdf,9751850169,"FAKTURA VAT: FV/2023/7182
Data wystawienia: 2026-09-25
SPRZEDAWCA:
Nazwa: Patona-Karpiel Sp. z o.o. Sp.k.
NIP: 9751850169
Pozycja Netto [PLN] VAT Brutto [PLN]
Monitor Dell 27 cali 2311.63 23% 2843.30
Razem Netto: 2311.63 PLN
Razem VAT: 531.67 PLN
DO ZAPLATY: 2843.30 PLN",IT_HARDWARE
faktura_873.pdf,8186504775,"FAKTURA VAT: FV/2011/4747
Data wystawienia: 2026-08-27
SPRZEDAWCA:
Nazwa: Goliszek-Lewek Sp.j.
NIP: 8186504775
Pozycja Netto [PLN] VAT Brutto [PLN]
Kawa ziarnista Arabica 1kg 1768.09 23% 2174.75
Razem Netto: 1768.09 PLN
Razem VAT: 406.66 PLN
DO ZAPLATY: 2174.75 PLN",OFFICE_SUPPLIES
faktura_874.pdf,9876543210,"FAKTURA VAT: FV/1999/3764
Data wystawienia: 2026-03-14
SPRZEDAWCA:
Nazwa: Biuromax Artykuny Biurowe
NIP: 9876543210
Pozycja Netto [PLN] VAT Brutto [PLN]
Kawa ziarnista Arabica 1kg 2397.18 23% 2948.53
Papier ksero A4 5 ryz 466.80 23% 574.16
Segregator biurowy 1439.75 23% 1770.89
Razem Netto: 4303.73 PLN
Razem VAT: 989.85 PLN
DO ZAPLATY: 5293.58 PLN",OFFICE_SUPPLIES
faktura_875.pdf,9876543210,"FAKTURA VAT: FV/2016/1231
Data wystawienia: 2026-08-16
SPRZEDAWCA:
Nazwa: Biuromax Artykuny Biurowe
NIP: 9876543210
Pozycja Netto [PLN] VAT Brutto [PLN]
Segregator biurowy 599.99 23% 737.99
Papier ksero A4 5 ryz 547.71 23% 673.68
Razem Netto: 1147.70 PLN
Razem VAT: 263.97 PLN
DO ZAPLATY: 1411.67 PLN",OFFICE_SUPPLIES
faktura_876.pdf,9876543210,"FAKTURA VAT: FV/2014/5361
Data wystawienia: 2026-05-28
SPRZEDAWCA:
Nazwa: Biuromax Artykuny Biurowe
NIP: 9876543210
Pozycja Netto [PLN] VAT Brutto [PLN]
Toner do drukarki HP 2148.03 23% 2642.08
Segregator biurowy 1520.20 23% 1869.85
Razem Netto: 3668.23 PLN
Razem VAT: 843.70 PLN
DO ZAPLATY: 4511.93 PLN",OFFICE_SUPPLIES
faktura_877.pdf,5213456789,"FAKTURA VAT: FV/1975/5636
Data wystawienia: 2026-08-29
SPRZEDAWCA:
Nazwa: Dell Polska Sp. z o.o.
NIP: 5213456789
Pozycja Netto [PLN] VAT Brutto [PLN]
Klawiatura mechaniczna 1991.54 23% 2449.59
Kabel USB-C 120.49 23% 148.20
Razem Netto: 2112.03 PLN
Razem VAT: 485.76 PLN
DO ZAPLATY: 2597.79 PLN",IT_HARDWARE
faktura_878.pdf,9876543210,"FAKTURA VAT: FV/1990/5289
Data wystawienia: 2026-04-06
SPRZEDAWCA:
Nazwa: Biuromax Artykuny Biurowe
NIP: 9876543210
Pozycja Netto [PLN] VAT Brutto [PLN]
Kawa ziarnista Arabica 1kg 1478.11 23% 1818.08
Razem Netto: 1478.11 PLN
Razem VAT: 339.97 PLN
DO ZAPLATY: 1818.08 PLN",OFFICE_SUPPLIES
faktura_879.pdf,9876543210,"FAKTURA VAT: FV/2018/8506
Data wystawienia: 2026-01-29
SPRZEDAWCA:
Nazwa: Biuromax Artykuny Biurowe
NIP: 9876543210
Pozycja Netto [PLN] VAT Brutto [PLN]
Kawa ziarnista Arabica 1kg 2437.28 23% 2997.85
Razem Netto: 2437.28 PLN
Razem VAT: 560.57 PLN
DO ZAPLATY: 2997.85 PLN",OFFICE_SUPPLIES
faktura_880.pdf,9876543210,"FAKTURA VAT: FV/1975/7513
Data wystawienia: 2026-04-15
SPRZEDAWCA:
Nazwa: Biuromax Artykuny Biurowe
NIP: 9876543210
Pozycja Netto [PLN] VAT Brutto [PLN]
Segregator biurowy 228.99 23% 281.66
Kawa ziarnista Arabica 1kg 1414.65 23% 1740.02
Toner do drukarki HP 177.68 23% 218.55
Razem Netto: 1821.32 PLN
Razem VAT: 418.91 PLN
DO ZAPLATY: 2240.23 PLN",OFFICE_SUPPLIES
faktura_881.pdf,1234567890,"FAKTURA VAT: FV/1980/4847
Data wystawienia: 2026-05-28
SPRZEDAWCA:
Nazwa: Amazon Web Services EMEA
NIP: 1234567890
Pozycja Netto [PLN] VAT Brutto [PLN]
Hosting serwera VPS 1286.13 23% 1581.94
Domena internetowa 983.30 23% 1209.46
Subskrypcja Azure Cloud 2444.93 23% 3007.26
Razem Netto: 4714.36 PLN
Razem VAT: 1084.30 PLN
DO ZAPLATY: 5798.66 PLN",IT_SERVICES
faktura_882.pdf,5261040828,"FAKTURA VAT: FV/2018/7076
Data wystawienia: 2026-09-04
SPRZEDAWCA:
Nazwa: Orlen Paliwa Sp. z o.o.
NIP: 5261040828
Pozycja Netto [PLN] VAT Brutto [PLN]
Benzyna Pb95 1284.18 23% 1579.54
Hotel Warszawa doba 2329.30 23% 2865.04
Olej napndowy Verva 2200.85 23% 2707.05
Razem Netto: 5814.33 PLN
Razem VAT: 1337.30 PLN
DO ZAPLATY: 7151.63 PLN",TRAVEL_FLEET
faktura_883.pdf,9876543210,"FAKTURA VAT: FV/1980/3161
Data wystawienia: 2026-06-01
SPRZEDAWCA:
Nazwa: Biuromax Artykuny Biurowe
NIP: 9876543210
Pozycja Netto [PLN] VAT Brutto [PLN]
Kawa ziarnista Arabica 1kg 336.26 23% 413.60
Razem Netto: 336.26 PLN
Razem VAT: 77.34 PLN
DO ZAPLATY: 413.60 PLN",OFFICE_SUPPLIES
faktura_884.pdf,2221047544,"FAKTURA VAT: FV/1991/1723
Data wystawienia: 2026-05-21
SPRZEDAWCA:
Nazwa: Syroka Sp. z o.o.
NIP: 2221047544
Pozycja Netto [PLN] VAT Brutto [PLN]
Kawa ziarnista Arabica 1kg 743.17 23% 914.10
Toner do drukarki HP 2198.49 23% 2704.14
Razem Netto: 2941.66 PLN
Razem VAT: 676.58 PLN
DO ZAPLATY: 3618.24 PLN",OFFICE_SUPPLIES
faktura_885.pdf,9876543210,"FAKTURA VAT: FV/1982/5321
Data wystawienia: 2026-06-17
SPRZEDAWCA:
Nazwa: Biuromax Artykuny Biurowe
NIP: 9876543210
Pozycja Netto [PLN] VAT Brutto [PLN]
Kawa ziarnista Arabica 1kg 1855.33 23% 2282.06
Razem Netto: 1855.33 PLN
Razem VAT: 426.73 PLN
DO ZAPLATY: 2282.06 PLN",OFFICE_SUPPLIES
faktura_886.pdf,5213456789,"FAKTURA VAT: FV/2000/9049
Data wystawienia: 2026-08-05
SPRZEDAWCA:
Nazwa: Dell Polska Sp. z o.o.
NIP: 5213456789
Pozycja Netto [PLN] VAT Brutto [PLN]
Kabel USB-C 414.12 23% 509.37
Monitor Dell 27 cali 613.16 23% 754.19
Laptop Lenovo ThinkPad 137.86 23% 169.57
Razem Netto: 1165.14 PLN
Razem VAT: 267.99 PLN
DO ZAPLATY: 1433.13 PLN",IT_HARDWARE
faktura_887.pdf,9876543210,"FAKTURA VAT: FV/2007/5263
Data wystawienia: 2026-07-19
SPRZEDAWCA:
Nazwa: Biuromax Artykuny Biurowe
NIP: 9876543210
Pozycja Netto [PLN] VAT Brutto [PLN]
Papier ksero A4 5 ryz 149.94 23% 184.43
Toner do drukarki HP 923.47 23% 1135.87
Razem Netto: 1073.41 PLN
Razem VAT: 246.89 PLN
DO ZAPLATY: 1320.30 PLN",OFFICE_SUPPLIES
faktura_888.pdf,5261040828,"FAKTURA VAT: FV/1997/8949
Data wystawienia: 2026-02-10
SPRZEDAWCA:
Nazwa: Orlen Paliwa Sp. z o.o.
NIP: 5261040828
Pozycja Netto [PLN] VAT Brutto [PLN]
Benzyna Pb95 279.27 23% 343.50
Olej napndowy Verva 2177.02 23% 2677.73
Hotel Warszawa doba 492.60 23% 605.90
Razem Netto: 2948.89 PLN
Razem VAT: 678.24 PLN
DO ZAPLATY: 3627.13 PLN",TRAVEL_FLEET
faktura_889.pdf,1234567890,"FAKTURA VAT: FV/1971/3757
Data wystawienia: 2026-02-04
SPRZEDAWCA:
Nazwa: Amazon Web Services EMEA
NIP: 1234567890
Pozycja Netto [PLN] VAT Brutto [PLN]
Subskrypcja Azure Cloud 1338.74 23% 1646.65
Licencja JetBrains 1448.43 23% 1781.57
Hosting serwera VPS 1070.23 23% 1316.38
Razem Netto: 3857.40 PLN
Razem VAT: 887.20 PLN
DO ZAPLATY: 4744.60 PLN",IT_SERVICES
faktura_890.pdf,9876543210,"FAKTURA VAT: FV/1994/2258
Data wystawienia: 2026-08-04
SPRZEDAWCA:
Nazwa: Biuromax Artykuny Biurowe
NIP: 9876543210
Pozycja Netto [PLN] VAT Brutto [PLN]
Papier ksero A4 5 ryz 746.49 23% 918.18
Toner do drukarki HP 2454.27 23% 3018.75
Segregator biurowy 348.88 23% 429.12
Razem Netto: 3549.64 PLN
Razem VAT: 816.41 PLN
DO ZAPLATY: 4366.05 PLN",OFFICE_SUPPLIES
faktura_891.pdf,5261040828,"FAKTURA VAT: FV/1976/7120
Data wystawienia: 2026-08-20
SPRZEDAWCA:
Nazwa: Orlen Paliwa Sp. z o.o.
NIP: 5261040828
Pozycja Netto [PLN] VAT Brutto [PLN]
Benzyna Pb95 248.60 23% 305.78
Olej napndowy Verva 2085.21 23% 2564.81
Razem Netto: 2333.81 PLN
Razem VAT: 536.78 PLN
DO ZAPLATY: 2870.59 PLN",TRAVEL_FLEET
faktura_892.pdf,1234567890,"FAKTURA VAT: FV/2010/8861
Data wystawienia: 2026-05-06
SPRZEDAWCA:
Nazwa: Amazon Web Services EMEA
NIP: 1234567890
Pozycja Netto [PLN] VAT Brutto [PLN]
Hosting serwera VPS 1657.62 23% 2038.87
Subskrypcja Azure Cloud 2379.70 23% 2927.03
Domena internetowa 846.04 23% 1040.63
Razem Netto: 4883.36 PLN
Razem VAT: 1123.17 PLN
DO ZAPLATY: 6006.53 PLN",IT_SERVICES
faktura_893.pdf,5261040828,"FAKTURA VAT: FV/1996/3118
Data wystawienia: 2026-01-05
SPRZEDAWCA:
Nazwa: Orlen Paliwa Sp. z o.o.
NIP: 5261040828
Pozycja Netto [PLN] VAT Brutto [PLN]
Opnata autostradowa A2 1872.31 23% 2302.94
Benzyna Pb95 1390.53 23% 1710.35
Olej napndowy Verva 1525.61 23% 1876.50
Razem Netto: 4788.45 PLN
Razem VAT: 1101.34 PLN
DO ZAPLATY: 5889.79 PLN",TRAVEL_FLEET
faktura_894.pdf,5213456789,"FAKTURA VAT: FV/1989/2516
Data wystawienia: 2026-06-10
SPRZEDAWCA:
Nazwa: Dell Polska Sp. z o.o.
NIP: 5213456789
Pozycja Netto [PLN] VAT Brutto [PLN]
Kabel USB-C 268.51 23% 330.27
Razem Netto: 268.51 PLN
Razem VAT: 61.76 PLN
DO ZAPLATY: 330.27 PLN",IT_HARDWARE
faktura_895.pdf,9876543210,"FAKTURA VAT: FV/1996/4411
Data wystawienia: 2026-02-02
SPRZEDAWCA:
Nazwa: Biuromax Artykuny Biurowe
NIP: 9876543210
Pozycja Netto [PLN] VAT Brutto [PLN]
Toner do drukarki HP 781.44 23% 961.17
Papier ksero A4 5 ryz 2012.70 23% 2475.62
Razem Netto: 2794.14 PLN
Razem VAT: 642.65 PLN
DO ZAPLATY: 3436.79 PLN",OFFICE_SUPPLIES
faktura_896.pdf,3859826221,"FAKTURA VAT: FV/2019/6080
Data wystawienia: 2026-08-06
SPRZEDAWCA:
Nazwa: Stowarzyszenie Wanek
NIP: 3859826221
Pozycja Netto [PLN] VAT Brutto [PLN]
Monitor Dell 27 cali 1306.00 23% 1606.38
Klawiatura mechaniczna 1249.58 23% 1536.98
Razem Netto: 2555.58 PLN
Razem VAT: 587.78 PLN
DO ZAPLATY: 3143.36 PLN",IT_HARDWARE
faktura_897.pdf,9876543210,"FAKTURA VAT: FV/2003/7358
Data wystawienia: 2026-02-26
SPRZEDAWCA:
Nazwa: Biuromax Artykuny Biurowe
NIP: 9876543210
Pozycja Netto [PLN] VAT Brutto [PLN]
Segregator biurowy 2036.94 23% 2505.44
Razem Netto: 2036.94 PLN
Razem VAT: 468.50 PLN
DO ZAPLATY: 2505.44 PLN",OFFICE_SUPPLIES
faktura_898.pdf,9876543210,"FAKTURA VAT: FV/1974/4053
Data wystawienia: 2026-03-06
SPRZEDAWCA:
Nazwa: Biuromax Artykuny Biurowe
NIP: 9876543210
Pozycja Netto [PLN] VAT Brutto [PLN]
Papier ksero A4 5 ryz 1307.69 23% 1608.46
Razem Netto: 1307.69 PLN
Razem VAT: 300.77 PLN
DO ZAPLATY: 1608.46 PLN",OFFICE_SUPPLIES
faktura_899.pdf,5213456789,"FAKTURA VAT: FV/1999/8594
Data wystawienia: 2026-04-18
SPRZEDAWCA:
Nazwa: Dell Polska Sp. z o.o.
NIP: 5213456789
Pozycja Netto [PLN] VAT Brutto [PLN]
Monitor Dell 27 cali 1197.14 23% 1472.48
Klawiatura mechaniczna 244.00 23% 300.12
Razem Netto: 1441.14 PLN
Razem VAT: 331.46 PLN
DO ZAPLATY: 1772.60 PLN",IT_HARDWARE
faktura_900.pdf,5213456789,"FAKTURA VAT: FV/1998/8825
Data wystawienia: 2026-04-27
SPRZEDAWCA:
Nazwa: Dell Polska Sp. z o.o.
NIP: 5213456789
Pozycja Netto [PLN] VAT Brutto [PLN]
Laptop Lenovo ThinkPad 773.93 23% 951.93
Monitor Dell 27 cali 166.93 23% 205.32
Klawiatura mechaniczna 237.50 23% 292.12
Razem Netto: 1178.36 PLN
Razem VAT: 271.01 PLN
DO ZAPLATY: 1449.37 PLN",IT_HARDWARE
faktura_901.pdf,9876543210,"FAKTURA VAT: FV/2002/1738
Data wystawienia: 2026-01-30
SPRZEDAWCA:
Nazwa: Biuromax Artykuny Biurowe
NIP: 9876543210
Pozycja Netto [PLN] VAT Brutto [PLN]
Papier ksero A4 5 ryz 1669.10 23% 2052.99
Toner do drukarki HP 1442.77 23% 1774.61
Razem Netto: 3111.87 PLN
Razem VAT: 715.73 PLN
DO ZAPLATY: 3827.60 PLN",OFFICE_SUPPLIES
faktura_902.pdf,5261040828,"FAKTURA VAT: FV/1994/5151
Data wystawienia: 2026-04-08
SPRZEDAWCA:
Nazwa: Orlen Paliwa Sp. z o.o.
NIP: 5261040828
Pozycja Netto [PLN] VAT Brutto [PLN]
Olej napndowy Verva 489.90 23% 602.58
Hotel Warszawa doba 496.41 23% 610.58
Benzyna Pb95 1012.75 23% 1245.68
Razem Netto: 1999.06 PLN
Razem VAT: 459.78 PLN
DO ZAPLATY: 2458.84 PLN",TRAVEL_FLEET
faktura_903.pdf,1234567890,"FAKTURA VAT: FV/1986/2364
Data wystawienia: 2026-08-31
SPRZEDAWCA:
Nazwa: Amazon Web Services EMEA
NIP: 1234567890
Pozycja Netto [PLN] VAT Brutto [PLN]
Domena internetowa 1152.37 23% 1417.42
Licencja JetBrains 2029.19 23% 2495.90
Razem Netto: 3181.56 PLN
Razem VAT: 731.76 PLN
DO ZAPLATY: 3913.32 PLN",IT_SERVICES
faktura_904.pdf,8433712400,"FAKTURA VAT: FV/2003/6592
Data wystawienia: 2026-08-19
SPRZEDAWCA:
Nazwa: Stowarzyszenie Skocz s.c.
NIP: 8433712400
Pozycja Netto [PLN] VAT Brutto [PLN]
Klawiatura mechaniczna 241.64 23% 297.22
Razem Netto: 241.64 PLN
Razem VAT: 55.58 PLN
DO ZAPLATY: 297.22 PLN",IT_HARDWARE
faktura_905.pdf,6235692452,"FAKTURA VAT: FV/1995/5248
Data wystawienia: 2026-05-08
SPRZEDAWCA:
Nazwa: FPUH Warwas-Wenda Sp. z o.o. Sp.k.
NIP: 6235692452
Pozycja Netto [PLN] VAT Brutto [PLN]
Olej napndowy Verva 1017.59 23% 1251.64
Hotel Warszawa doba 82.60 23% 101.60
Razem Netto: 1100.19 PLN
Razem VAT: 253.05 PLN
DO ZAPLATY: 1353.24 PLN",TRAVEL_FLEET
faktura_906.pdf,9876543210,"FAKTURA VAT: FV/1982/8817
Data wystawienia: 2026-06-04
SPRZEDAWCA:
Nazwa: Biuromax Artykuny Biurowe
NIP: 9876543210
Pozycja Netto [PLN] VAT Brutto [PLN]
Segregator biurowy 1742.12 23% 2142.81
Toner do drukarki HP 2409.70 23% 2963.93
Kawa ziarnista Arabica 1kg 1704.00 23% 2095.92
Razem Netto: 5855.82 PLN
Razem VAT: 1346.84 PLN
DO ZAPLATY: 7202.66 PLN",OFFICE_SUPPLIES
faktura_907.pdf,5213456789,"FAKTURA VAT: FV/1991/5958
Data wystawienia: 2026-04-24
SPRZEDAWCA:
Nazwa: Dell Polska Sp. z o.o.
NIP: 5213456789
Pozycja Netto [PLN] VAT Brutto [PLN]
Klawiatura mechaniczna 324.19 23% 398.75
Razem Netto: 324.19 PLN
Razem VAT: 74.56 PLN
DO ZAPLATY: 398.75 PLN",IT_HARDWARE
faktura_908.pdf,5213456789,"FAKTURA VAT: FV/2020/1260
Data wystawienia: 2026-09-27
SPRZEDAWCA:
Nazwa: Dell Polska Sp. z o.o.
NIP: 5213456789
Pozycja Netto [PLN] VAT Brutto [PLN]
Klawiatura mechaniczna 1228.74 23% 1511.35
Razem Netto: 1228.74 PLN
Razem VAT: 282.61 PLN
DO ZAPLATY: 1511.35 PLN",IT_HARDWARE
faktura_909.pdf,9876543210,"FAKTURA VAT: FV/2013/3378
Data wystawienia: 2026-07-10
SPRZEDAWCA:
Nazwa: Biuromax Artykuny Biurowe
NIP: 9876543210
Pozycja Netto [PLN] VAT Brutto [PLN]
Toner do drukarki HP 1935.82 23% 2381.06
Papier ksero A4 5 ryz 413.01 23% 508.00
Segregator biurowy 1083.60 23% 1332.83
Razem Netto: 3432.43 PLN
Razem VAT: 789.46 PLN
DO ZAPLATY: 4221.89 PLN",OFFICE_SUPPLIES
faktura_910.pdf,5213456789,"FAKTURA VAT: FV/2009/2908
Data wystawienia: 2026-04-05
SPRZEDAWCA:
Nazwa: Dell Polska Sp. z o.o.
NIP: 5213456789
Pozycja Netto [PLN] VAT Brutto [PLN]
Kabel USB-C 98.09 23% 120.65
Klawiatura mechaniczna 1151.31 23% 1416.11
Laptop Lenovo ThinkPad 644.44 23% 792.66
Razem Netto: 1893.84 PLN
Razem VAT: 435.58 PLN
DO ZAPLATY: 2329.42 PLN",IT_HARDWARE
faktura_911.pdf,9876543210,"FAKTURA VAT: FV/1992/5830
Data wystawienia: 2026-05-27
SPRZEDAWCA:
Nazwa: Biuromax Artykuny Biurowe
NIP: 9876543210
Pozycja Netto [PLN] VAT Brutto [PLN]
Kawa ziarnista Arabica 1kg 69.29 23% 85.23
Razem Netto: 69.29 PLN
Razem VAT: 15.94 PLN
DO ZAPLATY: 85.23 PLN",OFFICE_SUPPLIES
faktura_912.pdf,5371939820,"FAKTURA VAT: FV/1989/8074
Data wystawienia: 2026-06-02
SPRZEDAWCA:
Nazwa: Grupa Bianasik-Zbylut Sp.k.
NIP: 5371939820
Pozycja Netto [PLN] VAT Brutto [PLN]
Kawa ziarnista Arabica 1kg 1029.22 23% 1265.94
Papier ksero A4 5 ryz 1307.72 23% 1608.50
Toner do drukarki HP 1825.30 23% 2245.12
Razem Netto: 4162.24 PLN
Razem VAT: 957.32 PLN
DO ZAPLATY: 5119.56 PLN",OFFICE_SUPPLIES
faktura_913.pdf,5261040828,"FAKTURA VAT: FV/1984/8993
Data wystawienia: 2026-06-20
SPRZEDAWCA:
Nazwa: Orlen Paliwa Sp. z o.o.
NIP: 5261040828
Pozycja Netto [PLN] VAT Brutto [PLN]
Olej napndowy Verva 1405.48 23% 1728.74
Benzyna Pb95 706.23 23% 868.66
Opnata autostradowa A2 1638.34 23% 2015.16
Razem Netto: 3750.05 PLN
Razem VAT: 862.51 PLN
DO ZAPLATY: 4612.56 PLN",TRAVEL_FLEET
faktura_914.pdf,1234567890,"FAKTURA VAT: FV/2024/8755
Data wystawienia: 2026-04-24
SPRZEDAWCA:
Nazwa: Amazon Web Services EMEA
NIP: 1234567890
Pozycja Netto [PLN] VAT Brutto [PLN]
Domena internetowa 445.27 23% 547.68
Hosting serwera VPS 1829.21 23% 2249.93
Razem Netto: 2274.48 PLN
Razem VAT: 523.13 PLN
DO ZAPLATY: 2797.61 PLN",IT_SERVICES
faktura_915.pdf,5213456789,"FAKTURA VAT: FV/2026/8688
Data wystawienia: 2026-09-27
SPRZEDAWCA:
Nazwa: Dell Polska Sp. z o.o.
NIP: 5213456789
Pozycja Netto [PLN] VAT Brutto [PLN]
Klawiatura mechaniczna 2308.25 23% 2839.15
Laptop Lenovo ThinkPad 2140.96 23% 2633.38
Kabel USB-C 1802.24 23% 2216.76
Razem Netto: 6251.45 PLN
Razem VAT: 1437.84 PLN
DO ZAPLATY: 7689.29 PLN",IT_HARDWARE
faktura_916.pdf,1234567890,"FAKTURA VAT: FV/1974/8675
Data wystawienia: 2026-06-08
SPRZEDAWCA:
Nazwa: Amazon Web Services EMEA
NIP: 1234567890
Pozycja Netto [PLN] VAT Brutto [PLN]
Domena internetowa 2000.13 23% 2460.16
Subskrypcja Azure Cloud 2009.40 23% 2471.56
Licencja JetBrains 2119.10 23% 2606.49
Razem Netto: 6128.63 PLN
Razem VAT: 1409.58 PLN
DO ZAPLATY: 7538.21 PLN",IT_SERVICES
faktura_917.pdf,5261040828,"FAKTURA VAT: FV/2015/4394
Data wystawienia: 2026-07-13
SPRZEDAWCA:
Nazwa: Orlen Paliwa Sp. z o.o.
NIP: 5261040828
Pozycja Netto [PLN] VAT Brutto [PLN]
Hotel Warszawa doba 538.74 23% 662.65
Olej napndowy Verva 1534.09 23% 1886.93
Opnata autostradowa A2 297.21 23% 365.57
Razem Netto: 2370.04 PLN
Razem VAT: 545.11 PLN
DO ZAPLATY: 2915.15 PLN",TRAVEL_FLEET
faktura_918.pdf,4643426615,"FAKTURA VAT: FV/1979/7815
Data wystawienia: 2026-09-03
SPRZEDAWCA:
Nazwa: PPUH Wenda s.c.
NIP: 4643426615
Pozycja Netto [PLN] VAT Brutto [PLN]
Toner do drukarki HP 1414.23 23% 1739.50
Papier ksero A4 5 ryz 2498.19 23% 3072.77
Razem Netto: 3912.42 PLN
Razem VAT: 899.85 PLN
DO ZAPLATY: 4812.27 PLN",OFFICE_SUPPLIES
faktura_919.pdf,6986805891,"FAKTURA VAT: FV/1997/6878
Data wystawienia: 2026-07-27
SPRZEDAWCA:
Nazwa: Gieron i syn s.c.
NIP: 6986805891
Pozycja Netto [PLN] VAT Brutto [PLN]
Subskrypcja Azure Cloud 2026.70 23% 2492.84
Hosting serwera VPS 877.45 23% 1079.26
Licencja JetBrains 329.22 23% 404.94
Razem Netto: 3233.37 PLN
Razem VAT: 743.67 PLN
DO ZAPLATY: 3977.04 PLN",IT_SERVICES
faktura_920.pdf,5213456789,"FAKTURA VAT: FV/1986/4714
Data wystawienia: 2026-09-13
SPRZEDAWCA:
Nazwa: Dell Polska Sp. z o.o.
NIP: 5213456789
Pozycja Netto [PLN] VAT Brutto [PLN]
Laptop Lenovo ThinkPad 1972.97 23% 2426.75
Klawiatura mechaniczna 1934.97 23% 2380.01
Razem Netto: 3907.94 PLN
Razem VAT: 898.82 PLN
DO ZAPLATY: 4806.76 PLN",IT_HARDWARE
faktura_921.pdf,2899096567,"FAKTURA VAT: FV/2015/5382
Data wystawienia: 2026-05-18
SPRZEDAWCA:
Nazwa: Pesta Sp. z o.o.
NIP: 2899096567
Pozycja Netto [PLN] VAT Brutto [PLN]
Olej napndowy Verva 2408.49 23% 2962.44
Benzyna Pb95 1901.62 23% 2338.99
Opnata autostradowa A2 2437.92 23% 2998.64
Razem Netto: 6748.03 PLN
Razem VAT: 1552.04 PLN
DO ZAPLATY: 8300.07 PLN",TRAVEL_FLEET
faktura_922.pdf,5261040828,"FAKTURA VAT: FV/1987/2669
Data wystawienia: 2026-03-28
SPRZEDAWCA:
Nazwa: Orlen Paliwa Sp. z o.o.
NIP: 5261040828
Pozycja Netto [PLN] VAT Brutto [PLN]
Olej napndowy Verva 2183.63 23% 2685.86
Hotel Warszawa doba 2281.92 23% 2806.76
Opnata autostradowa A2 434.73 23% 534.72
Razem Netto: 4900.28 PLN
Razem VAT: 1127.06 PLN
DO ZAPLATY: 6027.34 PLN",TRAVEL_FLEET
faktura_923.pdf,9876543210,"FAKTURA VAT: FV/2004/5786
Data wystawienia: 2026-07-21
SPRZEDAWCA:
Nazwa: Biuromax Artykuny Biurowe
NIP: 9876543210
Pozycja Netto [PLN] VAT Brutto [PLN]
Papier ksero A4 5 ryz 869.79 23% 1069.84
Segregator biurowy 387.54 23% 476.67
Toner do drukarki HP 2129.06 23% 2618.74
Razem Netto: 3386.39 PLN
Razem VAT: 778.86 PLN
DO ZAPLATY: 4165.25 PLN",OFFICE_SUPPLIES
faktura_924.pdf,9349375679,"FAKTURA VAT: FV/2007/8194
Data wystawienia: 2026-08-14
SPRZEDAWCA:
Nazwa: FPUH Mncik-Dawidczyk Sp. z o.o. Sp.k.
NIP: 9349375679
Pozycja Netto [PLN] VAT Brutto [PLN]
Hotel Warszawa doba 886.23 23% 1090.06
Razem Netto: 886.23 PLN
Razem VAT: 203.83 PLN
DO ZAPLATY: 1090.06 PLN",TRAVEL_FLEET
faktura_925.pdf,1234567890,"FAKTURA VAT: FV/1971/9274
Data wystawienia: 2026-07-07
SPRZEDAWCA:
Nazwa: Amazon Web Services EMEA
NIP: 1234567890
Pozycja Netto [PLN] VAT Brutto [PLN]
Domena internetowa 1592.13 23% 1958.32
Subskrypcja Azure Cloud 651.36 23% 801.17
Razem Netto: 2243.49 PLN
Razem VAT: 516.00 PLN
DO ZAPLATY: 2759.49 PLN",IT_SERVICES
faktura_926.pdf,5213456789,"FAKTURA VAT: FV/1977/9677
Data wystawienia: 2026-04-25
SPRZEDAWCA:
Nazwa: Dell Polska Sp. z o.o.
NIP: 5213456789
Pozycja Netto [PLN] VAT Brutto [PLN]
Kabel USB-C 1062.85 23% 1307.31
Razem Netto: 1062.85 PLN
Razem VAT: 244.46 PLN
DO ZAPLATY: 1307.31 PLN",IT_HARDWARE
faktura_927.pdf,2322545835,"FAKTURA VAT: FV/1998/7706
Data wystawienia: 2026-02-03
SPRZEDAWCA:
Nazwa: Stowarzyszenie Teodorowicz Sp. z o.o.
NIP: 2322545835
Pozycja Netto [PLN] VAT Brutto [PLN]
Domena internetowa 406.68 23% 500.22
Razem Netto: 406.68 PLN
Razem VAT: 93.54 PLN
DO ZAPLATY: 500.22 PLN",IT_SERVICES
faktura_928.pdf,5261040828,"FAKTURA VAT: FV/1999/1162
Data wystawienia: 2026-09-28
SPRZEDAWCA:
Nazwa: Orlen Paliwa Sp. z o.o.
NIP: 5261040828
Pozycja Netto [PLN] VAT Brutto [PLN]
Opnata autostradowa A2 821.27 23% 1010.16
Razem Netto: 821.27 PLN
Razem VAT: 188.89 PLN
DO ZAPLATY: 1010.16 PLN",TRAVEL_FLEET
faktura_929.pdf,9876543210,"FAKTURA VAT: FV/2000/3692
Data wystawienia: 2026-05-04
SPRZEDAWCA:
Nazwa: Biuromax Artykuny Biurowe
NIP: 9876543210
Pozycja Netto [PLN] VAT Brutto [PLN]
Toner do drukarki HP 2261.15 23% 2781.21
Razem Netto: 2261.15 PLN
Razem VAT: 520.06 PLN
DO ZAPLATY: 2781.21 PLN",OFFICE_SUPPLIES
faktura_930.pdf,1511051335,"FAKTURA VAT: FV/1974/1947
Data wystawienia: 2026-04-27
SPRZEDAWCA:
Nazwa: Zaborek-Chmielak Sp. z o.o. Sp.k.
NIP: 1511051335
Pozycja Netto [PLN] VAT Brutto [PLN]
Domena internetowa 1766.94 23% 2173.34
Licencja JetBrains 2190.19 23% 2693.93
Razem Netto: 3957.13 PLN
Razem VAT: 910.14 PLN
DO ZAPLATY: 4867.27 PLN",IT_SERVICES
faktura_931.pdf,6483622661,"FAKTURA VAT: FV/2008/6139
Data wystawienia: 2026-06-15
SPRZEDAWCA:
Nazwa: Wojniak s.c.
NIP: 6483622661
Pozycja Netto [PLN] VAT Brutto [PLN]
Benzyna Pb95 1039.65 23% 1278.77
Opnata autostradowa A2 1627.50 23% 2001.82
Razem Netto: 2667.15 PLN
Razem VAT: 613.44 PLN
DO ZAPLATY: 3280.59 PLN",TRAVEL_FLEET
faktura_932.pdf,9876543210,"FAKTURA VAT: FV/1983/9919
Data wystawienia: 2026-06-24
SPRZEDAWCA:
Nazwa: Biuromax Artykuny Biurowe
NIP: 9876543210
Pozycja Netto [PLN] VAT Brutto [PLN]
Kawa ziarnista Arabica 1kg 1949.73 23% 2398.17
Segregator biurowy 2208.39 23% 2716.32
Toner do drukarki HP 256.49 23% 315.48
Razem Netto: 4414.61 PLN
Razem VAT: 1015.36 PLN
DO ZAPLATY: 5429.97 PLN",OFFICE_SUPPLIES
faktura_933.pdf,5213456789,"FAKTURA VAT: FV/2010/9805
Data wystawienia: 2026-06-16
SPRZEDAWCA:
Nazwa: Dell Polska Sp. z o.o.
NIP: 5213456789
Pozycja Netto [PLN] VAT Brutto [PLN]
Laptop Lenovo ThinkPad 1303.60 23% 1603.43
Monitor Dell 27 cali 815.02 23% 1002.47
Kabel USB-C 884.74 23% 1088.23
Razem Netto: 3003.36 PLN
Razem VAT: 690.77 PLN
DO ZAPLATY: 3694.13 PLN",IT_HARDWARE
faktura_934.pdf,1234567890,"FAKTURA VAT: FV/1996/3621
Data wystawienia: 2026-01-02
SPRZEDAWCA:
Nazwa: Amazon Web Services EMEA
NIP: 1234567890
Pozycja Netto [PLN] VAT Brutto [PLN]
Licencja JetBrains 1829.95 23% 2250.84
Razem Netto: 1829.95 PLN
Razem VAT: 420.89 PLN
DO ZAPLATY: 2250.84 PLN",IT_SERVICES
faktura_935.pdf,5261040828,"FAKTURA VAT: FV/2017/9278
Data wystawienia: 2026-03-25
SPRZEDAWCA:
Nazwa: Orlen Paliwa Sp. z o.o.
NIP: 5261040828
Pozycja Netto [PLN] VAT Brutto [PLN]
Opnata autostradowa A2 1293.37 23% 1590.85
Hotel Warszawa doba 353.34 23% 434.61
Razem Netto: 1646.71 PLN
Razem VAT: 378.75 PLN
DO ZAPLATY: 2025.46 PLN",TRAVEL_FLEET
faktura_936.pdf,5261040828,"FAKTURA VAT: FV/1984/3043
Data wystawienia: 2026-04-19
SPRZEDAWCA:
Nazwa: Orlen Paliwa Sp. z o.o.
NIP: 5261040828
Pozycja Netto [PLN] VAT Brutto [PLN]
Opnata autostradowa A2 2023.20 23% 2488.54
Olej napndowy Verva 2473.05 23% 3041.85
Razem Netto: 4496.25 PLN
Razem VAT: 1034.14 PLN
DO ZAPLATY: 5530.39 PLN",TRAVEL_FLEET
faktura_937.pdf,5213456789,"FAKTURA VAT: FV/2021/9737
Data wystawienia: 2026-01-25
SPRZEDAWCA:
Nazwa: Dell Polska Sp. z o.o.
NIP: 5213456789
Pozycja Netto [PLN] VAT Brutto [PLN]
Laptop Lenovo ThinkPad 1683.96 23% 2071.27
Klawiatura mechaniczna 2046.94 23% 2517.74
Razem Netto: 3730.90 PLN
Razem VAT: 858.11 PLN
DO ZAPLATY: 4589.01 PLN",IT_HARDWARE
faktura_938.pdf,5213456789,"FAKTURA VAT: FV/2009/3293
Data wystawienia: 2026-02-09
SPRZEDAWCA:
Nazwa: Dell Polska Sp. z o.o.
NIP: 5213456789
Pozycja Netto [PLN] VAT Brutto [PLN]
Laptop Lenovo ThinkPad 1315.31 23% 1617.83
Razem Netto: 1315.31 PLN
Razem VAT: 302.52 PLN
DO ZAPLATY: 1617.83 PLN",IT_HARDWARE
faktura_939.pdf,1234567890,"FAKTURA VAT: FV/2024/4154
Data wystawienia: 2026-07-28
SPRZEDAWCA:
Nazwa: Amazon Web Services EMEA
NIP: 1234567890
Pozycja Netto [PLN] VAT Brutto [PLN]
Hosting serwera VPS 1793.52 23% 2206.03
Domena internetowa 2079.67 23% 2557.99
Razem Netto: 3873.19 PLN
Razem VAT: 890.83 PLN
DO ZAPLATY: 4764.02 PLN",IT_SERVICES
faktura_940.pdf,9876543210,"FAKTURA VAT: FV/1982/2342
Data wystawienia: 2026-05-23
SPRZEDAWCA:
Nazwa: Biuromax Artykuny Biurowe
NIP: 9876543210
Pozycja Netto [PLN] VAT Brutto [PLN]
Segregator biurowy 576.22 23% 708.75
Razem Netto: 576.22 PLN
Razem VAT: 132.53 PLN
DO ZAPLATY: 708.75 PLN",OFFICE_SUPPLIES
faktura_941.pdf,9876543210,"FAKTURA VAT: FV/1992/2279
Data wystawienia: 2026-03-18
SPRZEDAWCA:
Nazwa: Biuromax Artykuny Biurowe
NIP: 9876543210
Pozycja Netto [PLN] VAT Brutto [PLN]
Segregator biurowy 1609.33 23% 1979.48
Toner do drukarki HP 2491.45 23% 3064.48
Kawa ziarnista Arabica 1kg 1738.09 23% 2137.85
Razem Netto: 5838.87 PLN
Razem VAT: 1342.94 PLN
DO ZAPLATY: 7181.81 PLN",OFFICE_SUPPLIES
faktura_942.pdf,9876543210,"FAKTURA VAT: FV/2001/9020
Data wystawienia: 2026-02-14
SPRZEDAWCA:
Nazwa: Biuromax Artykuny Biurowe
NIP: 9876543210
Pozycja Netto [PLN] VAT Brutto [PLN]
Toner do drukarki HP 1289.18 23% 1585.69
Razem Netto: 1289.18 PLN
Razem VAT: 296.51 PLN
DO ZAPLATY: 1585.69 PLN",OFFICE_SUPPLIES
faktura_943.pdf,5213456789,"FAKTURA VAT: FV/1987/8942
Data wystawienia: 2026-09-18
SPRZEDAWCA:
Nazwa: Dell Polska Sp. z o.o.
NIP: 5213456789
Pozycja Netto [PLN] VAT Brutto [PLN]
Monitor Dell 27 cali 1165.81 23% 1433.95
Laptop Lenovo ThinkPad 129.89 23% 159.76
Kabel USB-C 434.26 23% 534.14
Razem Netto: 1729.96 PLN
Razem VAT: 397.89 PLN
DO ZAPLATY: 2127.85 PLN",IT_HARDWARE
faktura_944.pdf,8685969699,"FAKTURA VAT: FV/2003/7051
Data wystawienia: 2026-07-24
SPRZEDAWCA:
Nazwa: Andrearczyk Sp. z o.o. Sp.k.
NIP: 8685969699
Pozycja Netto [PLN] VAT Brutto [PLN]
Hotel Warszawa doba 955.49 23% 1175.25
Olej napndowy Verva 759.50 23% 934.19
Opnata autostradowa A2 1330.80 23% 1636.88
Razem Netto: 3045.79 PLN
Razem VAT: 700.53 PLN
DO ZAPLATY: 3746.32 PLN",TRAVEL_FLEET
faktura_945.pdf,1234567890,"FAKTURA VAT: FV/2001/2929
Data wystawienia: 2026-08-28
SPRZEDAWCA:
Nazwa: Amazon Web Services EMEA
NIP: 1234567890
Pozycja Netto [PLN] VAT Brutto [PLN]
Licencja JetBrains 118.55 23% 145.82
Subskrypcja Azure Cloud 400.03 23% 492.04
Razem Netto: 518.58 PLN
Razem VAT: 119.28 PLN
DO ZAPLATY: 637.86 PLN",IT_SERVICES
faktura_946.pdf,1234567890,"FAKTURA VAT: FV/1981/7910
Data wystawienia: 2026-09-19
SPRZEDAWCA:
Nazwa: Amazon Web Services EMEA
NIP: 1234567890
Pozycja Netto [PLN] VAT Brutto [PLN]
Subskrypcja Azure Cloud 2056.86 23% 2529.94
Hosting serwera VPS 1247.54 23% 1534.47
Razem Netto: 3304.40 PLN
Razem VAT: 760.01 PLN
DO ZAPLATY: 4064.41 PLN",IT_SERVICES
faktura_947.pdf,5261040828,"FAKTURA VAT: FV/2018/3004
Data wystawienia: 2026-04-26
SPRZEDAWCA:
Nazwa: Orlen Paliwa Sp. z o.o.
NIP: 5261040828
Pozycja Netto [PLN] VAT Brutto [PLN]
Hotel Warszawa doba 1228.88 23% 1511.52
Razem Netto: 1228.88 PLN
Razem VAT: 282.64 PLN
DO ZAPLATY: 1511.52 PLN",TRAVEL_FLEET
faktura_948.pdf,1234567890,"FAKTURA VAT: FV/2011/6074
Data wystawienia: 2026-08-18
SPRZEDAWCA:
Nazwa: Amazon Web Services EMEA
NIP: 1234567890
Pozycja Netto [PLN] VAT Brutto [PLN]
Domena internetowa 2092.52 23% 2573.80
Licencja JetBrains 375.38 23% 461.72
Razem Netto: 2467.90 PLN
Razem VAT: 567.62 PLN
DO ZAPLATY: 3035.52 PLN",IT_SERVICES
faktura_949.pdf,9876543210,"FAKTURA VAT: FV/1975/3269
Data wystawienia: 2026-09-19
SPRZEDAWCA:
Nazwa: Biuromax Artykuny Biurowe
NIP: 9876543210
Pozycja Netto [PLN] VAT Brutto [PLN]
Segregator biurowy 2172.55 23% 2672.24
Papier ksero A4 5 ryz 846.78 23% 1041.54
Razem Netto: 3019.33 PLN
Razem VAT: 694.45 PLN
DO ZAPLATY: 3713.78 PLN",OFFICE_SUPPLIES
faktura_950.pdf,9876543210,"FAKTURA VAT: FV/1979/7711
Data wystawienia: 2026-05-02
SPRZEDAWCA:
Nazwa: Biuromax Artykuny Biurowe
NIP: 9876543210
Pozycja Netto [PLN] VAT Brutto [PLN]
Papier ksero A4 5 ryz 2230.61 23% 2743.65
Kawa ziarnista Arabica 1kg 1852.99 23% 2279.18
Razem Netto: 4083.60 PLN
Razem VAT: 939.23 PLN
DO ZAPLATY: 5022.83 PLN",OFFICE_SUPPLIES
faktura_951.pdf,4661252864,"FAKTURA VAT: FV/1978/2450
Data wystawienia: 2026-04-03
SPRZEDAWCA:
Nazwa: PPUH Wonoch s.c.
NIP: 4661252864
Pozycja Netto [PLN] VAT Brutto [PLN]
Opnata autostradowa A2 1627.59 23% 2001.94
Hotel Warszawa doba 258.62 23% 318.10
Olej napndowy Verva 2390.16 23% 2939.90
Razem Netto: 4276.37 PLN
Razem VAT: 983.57 PLN
DO ZAPLATY: 5259.94 PLN",TRAVEL_FLEET
faktura_952.pdf,5261040828,"FAKTURA VAT: FV/1996/9877
Data wystawienia: 2026-06-14
SPRZEDAWCA:
Nazwa: Orlen Paliwa Sp. z o.o.
NIP: 5261040828
Pozycja Netto [PLN] VAT Brutto [PLN]
Benzyna Pb95 344.69 23% 423.97
Hotel Warszawa doba 2343.65 23% 2882.69
Olej napndowy Verva 490.37 23% 603.16
Razem Netto: 3178.71 PLN
Razem VAT: 731.11 PLN
DO ZAPLATY: 3909.82 PLN",TRAVEL_FLEET
faktura_953.pdf,5213456789,"FAKTURA VAT: FV/1982/1310
Data wystawienia: 2026-07-09
SPRZEDAWCA:
Nazwa: Dell Polska Sp. z o.o.
NIP: 5213456789
Pozycja Netto [PLN] VAT Brutto [PLN]
Kabel USB-C 257.39 23% 316.59
Razem Netto: 257.39 PLN
Razem VAT: 59.20 PLN
DO ZAPLATY: 316.59 PLN",IT_HARDWARE
faktura_954.pdf,9876543210,"FAKTURA VAT: FV/2013/9741
Data wystawienia: 2026-07-28
SPRZEDAWCA:
Nazwa: Biuromax Artykuny Biurowe
NIP: 9876543210
Pozycja Netto [PLN] VAT Brutto [PLN]
Papier ksero A4 5 ryz 882.89 23% 1085.95
Toner do drukarki HP 492.24 23% 605.46
Segregator biurowy 108.94 23% 134.00
Razem Netto: 1484.07 PLN
Razem VAT: 341.34 PLN
DO ZAPLATY: 1825.41 PLN",OFFICE_SUPPLIES
faktura_955.pdf,1234567890,"FAKTURA VAT: FV/2017/9649
Data wystawienia: 2026-09-08
SPRZEDAWCA:
Nazwa: Amazon Web Services EMEA
NIP: 1234567890
Pozycja Netto [PLN] VAT Brutto [PLN]
Hosting serwera VPS 2450.48 23% 3014.09
Razem Netto: 2450.48 PLN
Razem VAT: 563.61 PLN
DO ZAPLATY: 3014.09 PLN",IT_SERVICES
faktura_956.pdf,5213456789,"FAKTURA VAT: FV/1981/9876
Data wystawienia: 2026-08-04
SPRZEDAWCA:
Nazwa: Dell Polska Sp. z o.o.
NIP: 5213456789
Pozycja Netto [PLN] VAT Brutto [PLN]
Laptop Lenovo ThinkPad 1932.35 23% 2376.79
Razem Netto: 1932.35 PLN
Razem VAT: 444.44 PLN
DO ZAPLATY: 2376.79 PLN",IT_HARDWARE
faktura_957.pdf,9876543210,"FAKTURA VAT: FV/1981/3526
Data wystawienia: 2026-07-10
SPRZEDAWCA:
Nazwa: Biuromax Artykuny Biurowe
NIP: 9876543210
Pozycja Netto [PLN] VAT Brutto [PLN]
Toner do drukarki HP 494.57 23% 608.32
Papier ksero A4 5 ryz 1797.59 23% 2211.04
Segregator biurowy 780.16 23% 959.60
Razem Netto: 3072.32 PLN
Razem VAT: 706.64 PLN
DO ZAPLATY: 3778.96 PLN",OFFICE_SUPPLIES
faktura_958.pdf,9876543210,"FAKTURA VAT: FV/1989/2617
Data wystawienia: 2026-02-24
SPRZEDAWCA:
Nazwa: Biuromax Artykuny Biurowe
NIP: 9876543210
Pozycja Netto [PLN] VAT Brutto [PLN]
Kawa ziarnista Arabica 1kg 2356.86 23% 2898.94
Toner do drukarki HP 2253.78 23% 2772.15
Razem Netto: 4610.64 PLN
Razem VAT: 1060.45 PLN
DO ZAPLATY: 5671.09 PLN",OFFICE_SUPPLIES
faktura_959.pdf,5213456789,"FAKTURA VAT: FV/1982/1849
Data wystawienia: 2026-05-03
SPRZEDAWCA:
Nazwa: Dell Polska Sp. z o.o.
NIP: 5213456789
Pozycja Netto [PLN] VAT Brutto [PLN]
Kabel USB-C 709.75 23% 872.99
Monitor Dell 27 cali 829.92 23% 1020.80
Razem Netto: 1539.67 PLN
Razem VAT: 354.12 PLN
DO ZAPLATY: 1893.79 PLN",IT_HARDWARE
faktura_960.pdf,5261040828,"FAKTURA VAT: FV/2000/7669
Data wystawienia: 2026-08-29
SPRZEDAWCA:
Nazwa: Orlen Paliwa Sp. z o.o.
NIP: 5261040828
Pozycja Netto [PLN] VAT Brutto [PLN]
Benzyna Pb95 709.44 23% 872.61
Olej napndowy Verva 2410.51 23% 2964.93
Razem Netto: 3119.95 PLN
Razem VAT: 717.59 PLN
DO ZAPLATY: 3837.54 PLN",TRAVEL_FLEET
faktura_961.pdf,5213456789,"FAKTURA VAT: FV/1973/2663
Data wystawienia: 2026-05-20
SPRZEDAWCA:
Nazwa: Dell Polska Sp. z o.o.
NIP: 5213456789
Pozycja Netto [PLN] VAT Brutto [PLN]
Kabel USB-C 255.58 23% 314.36
Klawiatura mechaniczna 1607.71 23% 1977.48
Razem Netto: 1863.29 PLN
Razem VAT: 428.55 PLN
DO ZAPLATY: 2291.84 PLN",IT_HARDWARE
faktura_962.pdf,5213456789,"FAKTURA VAT: FV/1970/4333
Data wystawienia: 2026-07-08
SPRZEDAWCA:
Nazwa: Dell Polska Sp. z o.o.
NIP: 5213456789
Pozycja Netto [PLN] VAT Brutto [PLN]
Klawiatura mechaniczna 1366.96 23% 1681.36
Monitor Dell 27 cali 1088.19 23% 1338.47
Razem Netto: 2455.15 PLN
Razem VAT: 564.68 PLN
DO ZAPLATY: 3019.83 PLN",IT_HARDWARE
faktura_963.pdf,9876543210,"FAKTURA VAT: FV/1979/8401
Data wystawienia: 2026-03-17
SPRZEDAWCA:
Nazwa: Biuromax Artykuny Biurowe
NIP: 9876543210
Pozycja Netto [PLN] VAT Brutto [PLN]
Kawa ziarnista Arabica 1kg 51.33 23% 63.14
Segregator biurowy 2337.09 23% 2874.62
Papier ksero A4 5 ryz 1231.36 23% 1514.57
Razem Netto: 3619.78 PLN
Razem VAT: 832.55 PLN
DO ZAPLATY: 4452.33 PLN",OFFICE_SUPPLIES
faktura_964.pdf,9876543210,"FAKTURA VAT: FV/2025/5110
Data wystawienia: 2026-05-30
SPRZEDAWCA:
Nazwa: Biuromax Artykuny Biurowe
NIP: 9876543210
Pozycja Netto [PLN] VAT Brutto [PLN]
Toner do drukarki HP 2109.68 23% 2594.91
Kawa ziarnista Arabica 1kg 739.21 23% 909.23
Razem Netto: 2848.89 PLN
Razem VAT: 655.25 PLN
DO ZAPLATY: 3504.14 PLN",OFFICE_SUPPLIES
faktura_965.pdf,5261040828,"FAKTURA VAT: FV/2008/3644
Data wystawienia: 2026-07-16
SPRZEDAWCA:
Nazwa: Orlen Paliwa Sp. z o.o.
NIP: 5261040828
Pozycja Netto [PLN] VAT Brutto [PLN]
Olej napndowy Verva 1761.15 23% 2166.21
Benzyna Pb95 2084.72 23% 2564.21
Razem Netto: 3845.87 PLN
Razem VAT: 884.55 PLN
DO ZAPLATY: 4730.42 PLN",TRAVEL_FLEET
faktura_966.pdf,5877677212,"FAKTURA VAT: FV/2014/5578
Data wystawienia: 2026-07-12
SPRZEDAWCA:
Nazwa: Grupa Czulak-Krenc S.A.
NIP: 5877677212
Pozycja Netto [PLN] VAT Brutto [PLN]
Laptop Lenovo ThinkPad 1606.17 23% 1975.59
Kabel USB-C 2450.12 23% 3013.65
Klawiatura mechaniczna 1784.00 23% 2194.32
Razem Netto: 5840.29 PLN
Razem VAT: 1343.27 PLN
DO ZAPLATY: 7183.56 PLN",IT_HARDWARE
faktura_967.pdf,1234567890,"FAKTURA VAT: FV/1989/5473
Data wystawienia: 2026-01-13
SPRZEDAWCA:
Nazwa: Amazon Web Services EMEA
NIP: 1234567890
Pozycja Netto [PLN] VAT Brutto [PLN]
Subskrypcja Azure Cloud 2399.53 23% 2951.42
Domena internetowa 854.72 23% 1051.31
Razem Netto: 3254.25 PLN
Razem VAT: 748.48 PLN
DO ZAPLATY: 4002.73 PLN",IT_SERVICES
faktura_968.pdf,5261040828,"FAKTURA VAT: FV/1988/3190
Data wystawienia: 2026-03-29
SPRZEDAWCA:
Nazwa: Orlen Paliwa Sp. z o.o.
NIP: 5261040828
Pozycja Netto [PLN] VAT Brutto [PLN]
Hotel Warszawa doba 1698.13 23% 2088.70
Olej napndowy Verva 1062.25 23% 1306.57
Opnata autostradowa A2 2243.41 23% 2759.39
Razem Netto: 5003.79 PLN
Razem VAT: 1150.87 PLN
DO ZAPLATY: 6154.66 PLN",TRAVEL_FLEET
faktura_969.pdf,5261040828,"FAKTURA VAT: FV/2006/9011
Data wystawienia: 2026-04-23
SPRZEDAWCA:
Nazwa: Orlen Paliwa Sp. z o.o.
NIP: 5261040828
Pozycja Netto [PLN] VAT Brutto [PLN]
Olej napndowy Verva 2236.80 23% 2751.26
Opnata autostradowa A2 2049.34 23% 2520.69
Hotel Warszawa doba 1140.68 23% 1403.04
Razem Netto: 5426.82 PLN
Razem VAT: 1248.17 PLN
DO ZAPLATY: 6674.99 PLN",TRAVEL_FLEET
faktura_970.pdf,9876543210,"FAKTURA VAT: FV/1981/3022
Data wystawienia: 2026-06-27
SPRZEDAWCA:
Nazwa: Biuromax Artykuny Biurowe
NIP: 9876543210
Pozycja Netto [PLN] VAT Brutto [PLN]
Kawa ziarnista Arabica 1kg 2105.91 23% 2590.27
Toner do drukarki HP 2039.08 23% 2508.07
Papier ksero A4 5 ryz 2460.30 23% 3026.17
Razem Netto: 6605.29 PLN
Razem VAT: 1519.22 PLN
DO ZAPLATY: 8124.51 PLN",OFFICE_SUPPLIES
faktura_971.pdf,5213456789,"FAKTURA VAT: FV/2008/3044
Data wystawienia: 2026-07-12
SPRZEDAWCA:
Nazwa: Dell Polska Sp. z o.o.
NIP: 5213456789
Pozycja Netto [PLN] VAT Brutto [PLN]
Monitor Dell 27 cali 1870.70 23% 2300.96
Kabel USB-C 1908.13 23% 2347.00
Razem Netto: 3778.83 PLN
Razem VAT: 869.13 PLN
DO ZAPLATY: 4647.96 PLN",IT_HARDWARE
faktura_972.pdf,1234567890,"FAKTURA VAT: FV/2007/6862
Data wystawienia: 2026-07-18
SPRZEDAWCA:
Nazwa: Amazon Web Services EMEA
NIP: 1234567890
Pozycja Netto [PLN] VAT Brutto [PLN]
Subskrypcja Azure Cloud 2419.88 23% 2976.45
Hosting serwera VPS 140.15 23% 172.38
Domena internetowa 1257.45 23% 1546.66
Razem Netto: 3817.48 PLN
Razem VAT: 878.01 PLN
DO ZAPLATY: 4695.49 PLN",IT_SERVICES
faktura_973.pdf,9876543210,"FAKTURA VAT: FV/1977/4425
Data wystawienia: 2026-08-11
SPRZEDAWCA:
Nazwa: Biuromax Artykuny Biurowe
NIP: 9876543210
Pozycja Netto [PLN] VAT Brutto [PLN]
Kawa ziarnista Arabica 1kg 1444.30 23% 1776.49
Razem Netto: 1444.30 PLN
Razem VAT: 332.19 PLN
DO ZAPLATY: 1776.49 PLN",OFFICE_SUPPLIES
faktura_974.pdf,5213456789,"FAKTURA VAT: FV/1977/9093
Data wystawienia: 2026-04-15
SPRZEDAWCA:
Nazwa: Dell Polska Sp. z o.o.
NIP: 5213456789
Pozycja Netto [PLN] VAT Brutto [PLN]
Klawiatura mechaniczna 1877.63 23% 2309.48
Monitor Dell 27 cali 362.21 23% 445.52
Laptop Lenovo ThinkPad 2337.23 23% 2874.79
Razem Netto: 4577.07 PLN
Razem VAT: 1052.72 PLN
DO ZAPLATY: 5629.79 PLN",IT_HARDWARE
faktura_975.pdf,5399078361,"FAKTURA VAT: FV/2022/4734
Data wystawienia: 2026-07-30
SPRZEDAWCA:
Nazwa: Brudny-Sontan Sp. z o.o.
NIP: 5399078361
Pozycja Netto [PLN] VAT Brutto [PLN]
Hosting serwera VPS 2480.28 23% 3050.74
Razem Netto: 2480.28 PLN
Razem VAT: 570.46 PLN
DO ZAPLATY: 3050.74 PLN",IT_SERVICES
faktura_976.pdf,9876543210,"FAKTURA VAT: FV/2000/9731
Data wystawienia: 2026-04-13
SPRZEDAWCA:
Nazwa: Biuromax Artykuny Biurowe
NIP: 9876543210
Pozycja Netto [PLN] VAT Brutto [PLN]
Segregator biurowy 1620.37 23% 1993.06
Razem Netto: 1620.37 PLN
Razem VAT: 372.69 PLN
DO ZAPLATY: 1993.06 PLN",OFFICE_SUPPLIES
faktura_977.pdf,6221339591,"FAKTURA VAT: FV/1993/1849
Data wystawienia: 2026-02-03
SPRZEDAWCA:
Nazwa: Spóndzielnia Pompa S.A.
NIP: 6221339591
Pozycja Netto [PLN] VAT Brutto [PLN]
Domena internetowa 348.21 23% 428.30
Subskrypcja Azure Cloud 1319.82 23% 1623.38
Razem Netto: 1668.03 PLN
Razem VAT: 383.65 PLN
DO ZAPLATY: 2051.68 PLN",IT_SERVICES
faktura_978.pdf,5261040828,"FAKTURA VAT: FV/2023/9119
Data wystawienia: 2026-03-22
SPRZEDAWCA:
Nazwa: Orlen Paliwa Sp. z o.o.
NIP: 5261040828
Pozycja Netto [PLN] VAT Brutto [PLN]
Benzyna Pb95 2300.06 23% 2829.07
Olej napndowy Verva 1354.41 23% 1665.92
Hotel Warszawa doba 824.79 23% 1014.49
Razem Netto: 4479.26 PLN
Razem VAT: 1030.22 PLN
DO ZAPLATY: 5509.48 PLN",TRAVEL_FLEET
faktura_979.pdf,5261040828,"FAKTURA VAT: FV/2025/7420
Data wystawienia: 2026-03-22
SPRZEDAWCA:
Nazwa: Orlen Paliwa Sp. z o.o.
NIP: 5261040828
Pozycja Netto [PLN] VAT Brutto [PLN]
Olej napndowy Verva 2446.33 23% 3008.99
Opnata autostradowa A2 1088.36 23% 1338.68
Hotel Warszawa doba 232.38 23% 285.83
Razem Netto: 3767.07 PLN
Razem VAT: 866.43 PLN
DO ZAPLATY: 4633.50 PLN",TRAVEL_FLEET
faktura_980.pdf,1234567890,"FAKTURA VAT: FV/2024/5095
Data wystawienia: 2026-01-24
SPRZEDAWCA:
Nazwa: Amazon Web Services EMEA
NIP: 1234567890
Pozycja Netto [PLN] VAT Brutto [PLN]
Hosting serwera VPS 1581.97 23% 1945.82
Licencja JetBrains 118.29 23% 145.50
Razem Netto: 1700.26 PLN
Razem VAT: 391.06 PLN
DO ZAPLATY: 2091.32 PLN",IT_SERVICES
faktura_981.pdf,1234567890,"FAKTURA VAT: FV/2008/8077
Data wystawienia: 2026-05-17
SPRZEDAWCA:
Nazwa: Amazon Web Services EMEA
NIP: 1234567890
Pozycja Netto [PLN] VAT Brutto [PLN]
Subskrypcja Azure Cloud 1210.26 23% 1488.62
Hosting serwera VPS 2399.07 23% 2950.86
Razem Netto: 3609.33 PLN
Razem VAT: 830.15 PLN
DO ZAPLATY: 4439.48 PLN",IT_SERVICES
faktura_982.pdf,5213456789,"FAKTURA VAT: FV/2006/1891
Data wystawienia: 2026-04-20
SPRZEDAWCA:
Nazwa: Dell Polska Sp. z o.o.
NIP: 5213456789
Pozycja Netto [PLN] VAT Brutto [PLN]
Kabel USB-C 1922.04 23% 2364.11
Razem Netto: 1922.04 PLN
Razem VAT: 442.07 PLN
DO ZAPLATY: 2364.11 PLN",IT_HARDWARE
faktura_983.pdf,5261040828,"FAKTURA VAT: FV/2010/8314
Data wystawienia: 2026-07-29
SPRZEDAWCA:
Nazwa: Orlen Paliwa Sp. z o.o.
NIP: 5261040828
Pozycja Netto [PLN] VAT Brutto [PLN]
Olej napndowy Verva 974.62 23% 1198.78
Razem Netto: 974.62 PLN
Razem VAT: 224.16 PLN
DO ZAPLATY: 1198.78 PLN",TRAVEL_FLEET
faktura_984.pdf,5261040828,"FAKTURA VAT: FV/1981/2065
Data wystawienia: 2026-05-06
SPRZEDAWCA:
Nazwa: Orlen Paliwa Sp. z o.o.
NIP: 5261040828
Pozycja Netto [PLN] VAT Brutto [PLN]
Olej napndowy Verva 1546.31 23% 1901.96
Benzyna Pb95 1108.01 23% 1362.85
Razem Netto: 2654.32 PLN
Razem VAT: 610.49 PLN
DO ZAPLATY: 3264.81 PLN",TRAVEL_FLEET
faktura_985.pdf,5261040828,"FAKTURA VAT: FV/2017/2668
Data wystawienia: 2026-04-24
SPRZEDAWCA:
Nazwa: Orlen Paliwa Sp. z o.o.
NIP: 5261040828
Pozycja Netto [PLN] VAT Brutto [PLN]
Hotel Warszawa doba 284.78 23% 350.28
Benzyna Pb95 1892.31 23% 2327.54
Razem Netto: 2177.09 PLN
Razem VAT: 500.73 PLN
DO ZAPLATY: 2677.82 PLN",TRAVEL_FLEET
faktura_986.pdf,4238126048,"FAKTURA VAT: FV/1989/4819
Data wystawienia: 2026-08-11
SPRZEDAWCA:
Nazwa: Kurczab-Ziegert S.A.
NIP: 4238126048
Pozycja Netto [PLN] VAT Brutto [PLN]
Hotel Warszawa doba 1998.15 23% 2457.72
Benzyna Pb95 2205.85 23% 2713.20
Razem Netto: 4204.00 PLN
Razem VAT: 966.92 PLN
DO ZAPLATY: 5170.92 PLN",TRAVEL_FLEET
faktura_987.pdf,5261040828,"FAKTURA VAT: FV/1986/2659
Data wystawienia: 2026-02-26
SPRZEDAWCA:
Nazwa: Orlen Paliwa Sp. z o.o.
NIP: 5261040828
Pozycja Netto [PLN] VAT Brutto [PLN]
Opnata autostradowa A2 521.58 23% 641.54
Hotel Warszawa doba 301.59 23% 370.96
Razem Netto: 823.17 PLN
Razem VAT: 189.33 PLN
DO ZAPLATY: 1012.50 PLN",TRAVEL_FLEET
faktura_988.pdf,5213456789,"FAKTURA VAT: FV/2018/2106
Data wystawienia: 2026-05-06
SPRZEDAWCA:
Nazwa: Dell Polska Sp. z o.o.
NIP: 5213456789
Pozycja Netto [PLN] VAT Brutto [PLN]
Klawiatura mechaniczna 920.71 23% 1132.47
Laptop Lenovo ThinkPad 1229.43 23% 1512.20
Kabel USB-C 1571.08 23% 1932.43
Razem Netto: 3721.22 PLN
Razem VAT: 855.88 PLN
DO ZAPLATY: 4577.10 PLN",IT_HARDWARE
faktura_989.pdf,5261040828,"FAKTURA VAT: FV/2026/4046
Data wystawienia: 2026-04-07
SPRZEDAWCA:
Nazwa: Orlen Paliwa Sp. z o.o.
NIP: 5261040828
Pozycja Netto [PLN] VAT Brutto [PLN]
Benzyna Pb95 813.58 23% 1000.70
Razem Netto: 813.58 PLN
Razem VAT: 187.12 PLN
DO ZAPLATY: 1000.70 PLN",TRAVEL_FLEET
faktura_990.pdf,1234567890,"FAKTURA VAT: FV/2021/8140
Data wystawienia: 2026-09-20
SPRZEDAWCA:
Nazwa: Amazon Web Services EMEA
NIP: 1234567890
Pozycja Netto [PLN] VAT Brutto [PLN]
Subskrypcja Azure Cloud 1200.33 23% 1476.41
Hosting serwera VPS 1528.16 23% 1879.64
Razem Netto: 2728.49 PLN
Razem VAT: 627.56 PLN
DO ZAPLATY: 3356.05 PLN",IT_SERVICES
faktura_991.pdf,5261040828,"FAKTURA VAT: FV/1996/5768
Data wystawienia: 2026-07-10
SPRZEDAWCA:
Nazwa: Orlen Paliwa Sp. z o.o.
NIP: 5261040828
Pozycja Netto [PLN] VAT Brutto [PLN]
Benzyna Pb95 1292.41 23% 1589.66
Olej napndowy Verva 2096.18 23% 2578.30
Opnata autostradowa A2 2153.82 23% 2649.20
Razem Netto: 5542.41 PLN
Razem VAT: 1274.75 PLN
DO ZAPLATY: 6817.16 PLN",TRAVEL_FLEET
faktura_992.pdf,5213456789,"FAKTURA VAT: FV/1979/7915
Data wystawienia: 2026-08-13
SPRZEDAWCA:
Nazwa: Dell Polska Sp. z o.o.
NIP: 5213456789
Pozycja Netto [PLN] VAT Brutto [PLN]
Klawiatura mechaniczna 513.92 23% 632.12
Monitor Dell 27 cali 1215.53 23% 1495.10
Kabel USB-C 1745.01 23% 2146.36
Razem Netto: 3474.46 PLN
Razem VAT: 799.12 PLN
DO ZAPLATY: 4273.58 PLN",IT_HARDWARE
faktura_993.pdf,1234567890,"FAKTURA VAT: FV/2013/8657
Data wystawienia: 2026-04-15
SPRZEDAWCA:
Nazwa: Amazon Web Services EMEA
NIP: 1234567890
Pozycja Netto [PLN] VAT Brutto [PLN]
Licencja JetBrains 1075.80 23% 1323.23
Domena internetowa 447.59 23% 550.54
Subskrypcja Azure Cloud 1163.04 23% 1430.54
Razem Netto: 2686.43 PLN
Razem VAT: 617.88 PLN
DO ZAPLATY: 3304.31 PLN",IT_SERVICES
faktura_994.pdf,5261040828,"FAKTURA VAT: FV/2012/1691
Data wystawienia: 2026-06-10
SPRZEDAWCA:
Nazwa: Orlen Paliwa Sp. z o.o.
NIP: 5261040828
Pozycja Netto [PLN] VAT Brutto [PLN]
Benzyna Pb95 1193.02 23% 1467.41
Opnata autostradowa A2 572.19 23% 703.79
Olej napndowy Verva 1227.83 23% 1510.23
Razem Netto: 2993.04 PLN
Razem VAT: 688.39 PLN
DO ZAPLATY: 3681.43 PLN",TRAVEL_FLEET
faktura_995.pdf,9876543210,"FAKTURA VAT: FV/1995/6431
Data wystawienia: 2026-06-25
SPRZEDAWCA:
Nazwa: Biuromax Artykuny Biurowe
NIP: 9876543210
Pozycja Netto [PLN] VAT Brutto [PLN]
Segregator biurowy 501.40 23% 616.72
Razem Netto: 501.40 PLN
Razem VAT: 115.32 PLN
DO ZAPLATY: 616.72 PLN",OFFICE_SUPPLIES
faktura_996.pdf,5261040828,"FAKTURA VAT: FV/1975/1110
Data wystawienia: 2026-09-04
SPRZEDAWCA:
Nazwa: Orlen Paliwa Sp. z o.o.
NIP: 5261040828
Pozycja Netto [PLN] VAT Brutto [PLN]
Olej napndowy Verva 332.21 23% 408.62
Opnata autostradowa A2 761.91 23% 937.15
Razem Netto: 1094.12 PLN
Razem VAT: 251.65 PLN
DO ZAPLATY: 1345.77 PLN",TRAVEL_FLEET
faktura_997.pdf,1234567890,"FAKTURA VAT: FV/2024/4185
Data wystawienia: 2026-02-06
SPRZEDAWCA:
Nazwa: Amazon Web Services EMEA
NIP: 1234567890
Pozycja Netto [PLN] VAT Brutto [PLN]
Hosting serwera VPS 537.85 23% 661.56
Razem Netto: 537.85 PLN
Razem VAT: 123.71 PLN
DO ZAPLATY: 661.56 PLN",IT_SERVICES
faktura_998.pdf,1234567890,"FAKTURA VAT: FV/1997/5654
Data wystawienia: 2026-07-20
SPRZEDAWCA:
Nazwa: Amazon Web Services EMEA
NIP: 1234567890
Pozycja Netto [PLN] VAT Brutto [PLN]
Subskrypcja Azure Cloud 487.43 23% 599.54
Domena internetowa 102.66 23% 126.27
Hosting serwera VPS 2115.06 23% 2601.52
Razem Netto: 2705.15 PLN
Razem VAT: 622.18 PLN
DO ZAPLATY: 3327.33 PLN",IT_SERVICES
faktura_999.pdf,5213456789,"FAKTURA VAT: FV/2021/2657
Data wystawienia: 2026-04-19
SPRZEDAWCA:
Nazwa: Dell Polska Sp. z o.o.
NIP: 5213456789
Pozycja Netto [PLN] VAT Brutto [PLN]
Monitor Dell 27 cali 2343.48 23% 2882.48
Klawiatura mechaniczna 797.43 23% 980.84
Razem Netto: 3140.91 PLN
Razem VAT: 722.41 PLN
DO ZAPLATY: 3863.32 PLN",IT_HARDWARE
faktura_1000.pdf,1234567890,"FAKTURA VAT: FV/2017/4934
Data wystawienia: 2026-05-24
SPRZEDAWCA:
Nazwa: Amazon Web Services EMEA
NIP: 1234567890
Pozycja Netto [PLN] VAT Brutto [PLN]
Subskrypcja Azure Cloud 2202.05 23% 2708.52
Licencja JetBrains 210.17 23% 258.51
Domena internetowa 403.86 23% 496.75
Razem Netto: 2816.08 PLN
Razem VAT: 647.70 PLN
DO ZAPLATY: 3463.78 PLN",IT_SERVICES
feedback_FV_TEST_001.pdf,1234567890,Faktura VAT: FV/TEST/001 Sprzedawca: ABC IT Wynajem serwerów chmurowych i wsparcie techniczne,IT_SERVICES
feedback_FV_TEST_002.pdf,9876543210,Faktura VAT: FV/TEST/002 Sprzedawca: Biuro Hurt Papier xero skoroszyty segregatory dlugopisy,OFFICE_SUPPLIES
feedback_FV_EDGE_2026_1000.pdf,3753968797,"FAKTURA VAT: FV/EDGE/2026/1000
Data wystawienia: 2026-09-29
Miejsce wystawienia: Warszawa
Sprzedawca: Nabywca:
Firma Krzak sp. z o.o. Nasza Korporacja S.A.
NIP: 3753968797 NIP: 1112223344
ul. Technologiczna 12/4 ul. Biznesowa 1
00-001 Warszawa 00-999 Warszawa
Pozycje na fakturze:
1. Wynajem przestrzeni na archiwum dokumentow papierowych
Kwota brutto do zaplaty: 3865.33 PLN",OFFICE_SUPPLIES
feedback_FV_EDGE_2026_1001.pdf,8583613460,"FAKTURA VAT: FV/EDGE/2026/1001
Data wystawienia: 2026-09-29
Miejsce wystawienia: Warszawa
Sprzedawca: Nabywca:
Firma Krzak sp. z o.o. Nasza Korporacja S.A.
NIP: 8583613460 NIP: 1112223344
ul. Technologiczna 12/4 ul. Biznesowa 1
00-001 Warszawa 00-999 Warszawa
Pozycje na fakturze:
1. Zakup podkladek pod myszki oraz ziaren kawy Arabica
Kwota brutto do zaplaty: 11896.86 PLN",OFFICE_SUPPLIES
feedback_FV_EDGE_2026_1006.pdf,1069346295,"FAKTURA VAT: FV/EDGE/2026/1006
Data wystawienia: 2026-09-29
Miejsce wystawienia: Warszawa
Sprzedawca: Nabywca:
Firma Krzak sp. z o.o. Nasza Korporacja S.A.
NIP: 1069346295 NIP: 1112223344
ul. Technologiczna 12/4 ul. Biznesowa 1
00-001 Warszawa 00-999 Warszawa
Pozycje na fakturze:
1. Szkolenie z MS Excel dla kierowcow floty regionalnej
Kwota brutto do zaplaty: 4916.29 PLN",IT_SERVICES
feedback_FV_EDGE_2026_1008.pdf,6206295047,"FAKTURA VAT: FV/EDGE/2026/1008
Data wystawienia: 2026-09-29
Miejsce wystawienia: Warszawa
Sprzedawca: Nabywca:
Firma Krzak sp. z o.o. Nasza Korporacja S.A.
NIP: 6206295047 NIP: 1112223344
ul. Technologiczna 12/4 ul. Biznesowa 1
00-001 Warszawa 00-999 Warszawa
Pozycje na fakturze:
1. Konsultacje technologiczno-organizacyjne za Q3
Kwota brutto do zaplaty: 8990.46 PLN",IT_SERVICES
feedback_FV_EDGE_2026_1009.pdf,4109659063,"FAKTURA VAT: FV/EDGE/2026/1009
Data wystawienia: 2026-09-29
Miejsce wystawienia: Warszawa
Sprzedawca: Nabywca:
Firma Krzak sp. z o.o. Nasza Korporacja S.A.
NIP: 4109659063 NIP: 1112223344
ul. Technologiczna 12/4 ul. Biznesowa 1
00-001 Warszawa 00-999 Warszawa
Pozycje na fakturze:
1. Zakup podkladek pod myszki oraz ziaren kawy Arabica
Kwota brutto do zaplaty: 10655.53 PLN",OFFICE_SUPPLIES
feedback_FV_EDGE_2026_1010.pdf,1638146124,"FAKTURA VAT: FV/EDGE/2026/1010
Data wystawienia: 2026-09-29
Miejsce wystawienia: Warszawa
Sprzedawca: Nabywca:
Firma Krzak sp. z o.o. Nasza Korporacja S.A.
NIP: 1638146124 NIP: 1112223344
ul. Technologiczna 12/4 ul. Biznesowa 1
00-001 Warszawa 00-999 Warszawa
Pozycje na fakturze:
1. Oplata manipulacyjna za przekroczenie limitu chmury
Kwota brutto do zaplaty: 11537.54 PLN",IT_SERVICES
feedback_FV_EDGE_2026_1011.pdf,8803305185,"FAKTURA VAT: FV/EDGE/2026/1011
Data wystawienia: 2026-09-29
Miejsce wystawienia: Warszawa
Sprzedawca: Nabywca:
Firma Krzak sp. z o.o. Nasza Korporacja S.A.
NIP: 8803305185 NIP: 1112223344
ul. Technologiczna 12/4 ul. Biznesowa 1
00-001 Warszawa 00-999 Warszawa
Pozycje na fakturze:
1. Zakup podkladek pod myszki oraz ziaren kawy Arabica
Kwota brutto do zaplaty: 7002.17 PLN",OFFICE_SUPPLIES
feedback_FV_EDGE_2026_1012.pdf,4137201069,"FAKTURA VAT: FV/EDGE/2026/1012
Data wystawienia: 2026-09-29
Miejsce wystawienia: Warszawa
Sprzedawca: Nabywca:
Firma Krzak sp. z o.o. Nasza Korporacja S.A.
NIP: 4137201069 NIP: 1112223344
ul. Technologiczna 12/4 ul. Biznesowa 1
00-001 Warszawa 00-999 Warszawa
Pozycje na fakturze:
1. Szkolenie z MS Excel dla kierowcow floty regionalnej
Kwota brutto do zaplaty: 805.03 PLN",IT_SERVICES
feedback_FV_EDGE_2026_1014.pdf,9299295582,"FAKTURA VAT: FV/EDGE/2026/1014
Data wystawienia: 2026-09-29
Miejsce wystawienia: Warszawa
Sprzedawca: Nabywca:
Firma Krzak sp. z o.o. Nasza Korporacja S.A.
NIP: 9299295582 NIP: 1112223344
ul. Technologiczna 12/4 ul. Biznesowa 1
00-001 Warszawa 00-999 Warszawa
Pozycje na fakturze:
1. Wynajem przestrzeni na archiwum dokumentow papierowych
Kwota brutto do zaplaty: 2136.24 PLN",OFFICE_SUPPLIES
feedback_FV_EDGE_2026_1000.pdf,3753968797,"FAKTURA VAT: FV/EDGE/2026/1000
Data wystawienia: 2026-09-29
Miejsce wystawienia: Warszawa
Sprzedawca: Nabywca:
Firma Krzak sp. z o.o. Nasza Korporacja S.A.
NIP: 3753968797 NIP: 1112223344
ul. Technologiczna 12/4 ul. Biznesowa 1
00-001 Warszawa 00-999 Warszawa
Pozycje na fakturze:
1. Wynajem przestrzeni na archiwum dokumentow papierowych
Kwota brutto do zaplaty: 3865.33 PLN",OFFICE_SUPPLIES
feedback_FV_1976_9564.pdf,2424124787,"FAKTURA VAT: FV/1976/9564
Data wystawienia: 2026-07-20
SPRZEDAWCA:
Nazwa: Zaguna-Nikonajuk Sp. z o.o.
NIP: 2424124787
Pozycja Netto [PLN] VAT Brutto [PLN]
Papier ksero A4 5 ryz 484.68 23% 596.16
Razem Netto: 484.68 PLN
Razem VAT: 111.48 PLN
DO ZAPLATY: 596.16 PLN",OFFICE_SUPPLIES
